time,CS1_waiting_num,CS1_charging_num,CS1_waiting_time,CS2_waiting_num,CS2_charging_num,CS2_waiting_time,CS3_waiting_num,CS3_charging_num,CS3_waiting_time,CS4_waiting_num,CS4_charging_num,CS4_waiting_time,CS5_waiting_num,CS5_charging_num,CS5_waiting_time,CS6_waiting_num,CS6_charging_num,CS6_waiting_time,CS7_waiting_num,CS7_charging_num,CS7_waiting_time,CS8_waiting_num,CS8_charging_num,CS8_waiting_time,CS9_waiting_num,CS9_charging_num,CS9_waiting_time,CS10_waiting_num,CS10_charging_num,CS10_waiting_time,CS11_waiting_num,CS11_charging_num,CS11_waiting_time,CS12_waiting_num,CS12_charging_num,CS12_waiting_time,CS13_waiting_num,CS13_charging_num,CS13_waiting_time,CS14_waiting_num,CS14_charging_num,CS14_waiting_time,CS15_waiting_num,CS15_charging_num,CS15_waiting_time,CS16_waiting_num,CS16_charging_num,CS16_waiting_time,CS17_waiting_num,CS17_charging_num,CS17_waiting_time,CS18_waiting_num,CS18_charging_num,CS18_waiting_time,CS0_waiting_num,CS0_charging_num,CS0_waiting_time,CS19_waiting_num,CS19_charging_num,CS19_waiting_time
0.01,0,0,0.0,0,0,0.0,0,0,0.0,0,0,0.0,0,0,0.0,0,0,0.0,0,0,0.0,0,0,0.0,0,0,0.0,0,0,0.0,0,0,0.0,0,0,0.0,0,0,0.0,0,0,0.0,0,0,0.0,0,0,0.0,0,0,0.0,0,0,0.0,0.0,0.0,0.0,0.0,0.0,0.0
0.02,0,0,0.0,0,0,0.0,0,0,0.0,0,0,0.0,0,0,0.0,0,0,0.0,0,0,0.0,0,0,0.0,0,0,0.0,0,0,0.0,0,0,0.0,0,0,0.0,0,0,0.0,0,0,0.0,0,0,0.0,0,0,0.0,0,0,0.0,0,0,0.0,0.0,0.0,0.0,0.0,0.0,0.0
0.03,0,0,0.0,0,0,0.0,0,0,0.0,0,0,0.0,0,0,0.0,0,0,0.0,0,0,0.0,0,0,0.0,0,0,0.0,0,0,0.0,0,0,0.0,0,0,0.0,0,0,0.0,0,0,0.0,0,0,0.0,0,0,0.0,0,0,0.0,0,0,0.0,0.0,0.0,0.0,0.0,0.0,0.0
0.04,0,0,0.0,0,0,0.0,0,0,0.0,0,0,0.0,0,0,0.0,0,0,0.0,0,0,0.0,0,0,0.0,0,0,0.0,0,0,0.0,0,0,0.0,0,0,0.0,0,0,0.0,0,0,0.0,0,0,0.0,0,0,0.0,0,0,0.0,0,0,0.0,0.0,0.0,0.0,0.0,0.0,0.0
0.05,0,0,0.0,0,0,0.0,0,0,0.0,0,0,0.0,0,0,0.0,0,0,0.0,0,0,0.0,0,0,0.0,0,0,0.0,0,0,0.0,0,0,0.0,0,0,0.0,0,0,0.0,0,0,0.0,0,0,0.0,0,0,0.0,0,0,0.0,0,0,0.0,0.0,0.0,0.0,0.0,0.0,0.0
0.06,0,0,0.0,0,0,0.0,0,0,0.0,0,0,0.0,0,0,0.0,0,0,0.0,0,0,0.0,0,0,0.0,0,0,0.0,0,0,0.0,0,0,0.0,0,0,0.0,0,0,0.0,0,0,0.0,0,0,0.0,0,0,0.0,0,0,0.0,0,0,0.0,0.0,0.0,0.0,0.0,0.0,0.0
0.07,0,0,0.0,0,0,0.0,0,0,0.0,0,0,0.0,0,0,0.0,0,0,0.0,0,0,0.0,0,0,0.0,0,0,0.0,0,0,0.0,0,0,0.0,0,0,0.0,0,0,0.0,0,0,0.0,0,0,0.0,0,0,0.0,0,0,0.0,0,0,0.0,0.0,0.0,0.0,0.0,0.0,0.0
0.08,0,0,0.0,0,0,0.0,0,0,0.0,0,0,0.0,0,0,0.0,0,0,0.0,0,0,0.0,0,0,0.0,0,0,0.0,0,0,0.0,0,0,0.0,0,0,0.0,0,0,0.0,0,0,0.0,0,0,0.0,0,0,0.0,0,0,0.0,0,0,0.0,0.0,0.0,0.0,0.0,0.0,0.0
0.09,0,0,0.0,0,0,0.0,0,0,0.0,0,0,0.0,0,0,0.0,0,0,0.0,0,0,0.0,0,0,0.0,0,0,0.0,0,0,0.0,0,0,0.0,0,0,0.0,0,0,0.0,0,0,0.0,0,0,0.0,0,0,0.0,0,0,0.0,0,0,0.0,0.0,0.0,0.0,0.0,0.0,0.0
0.1,0,0,0.0,0,0,0.0,0,0,0.0,0,0,0.0,0,0,0.0,0,0,0.0,0,0,0.0,0,0,0.0,0,0,0.0,0,0,0.0,0,0,0.0,0,0,0.0,0,0,0.0,0,0,0.0,0,0,0.0,0,0,0.0,0,0,0.0,0,0,0.0,0.0,0.0,0.0,0.0,0.0,0.0
0.11,0,0,0.0,0,0,0.0,0,0,0.0,0,0,0.0,0,0,0.0,0,0,0.0,0,0,0.0,0,0,0.0,0,0,0.0,0,0,0.0,0,0,0.0,0,0,0.0,0,0,0.0,0,0,0.0,0,0,0.0,0,0,0.0,0,0,0.0,0,0,0.0,0.0,0.0,0.0,0.0,0.0,0.0
0.12,0,0,0.0,0,0,0.0,0,0,0.0,0,0,0.0,0,0,0.0,0,0,0.0,0,0,0.0,0,0,0.0,0,0,0.0,0,0,0.0,0,0,0.0,0,0,0.0,0,0,0.0,0,0,0.0,0,0,0.0,0,0,0.0,0,0,0.0,0,0,0.0,0.0,0.0,0.0,0.0,0.0,0.0
0.13,0,0,0.0,0,0,0.0,0,0,0.0,0,0,0.0,0,0,0.0,0,0,0.0,0,0,0.0,0,0,0.0,0,0,0.0,0,0,0.0,0,0,0.0,0,0,0.0,0,0,0.0,0,0,0.0,0,0,0.0,0,0,0.0,0,0,0.0,0,0,0.0,0.0,0.0,0.0,0.0,0.0,0.0
0.14,0,0,0.0,0,0,0.0,0,0,0.0,0,0,0.0,0,0,0.0,0,0,0.0,0,0,0.0,0,0,0.0,0,0,0.0,0,0,0.0,0,0,0.0,0,0,0.0,0,0,0.0,0,0,0.0,0,0,0.0,0,0,0.0,0,0,0.0,0,0,0.0,0.0,0.0,0.0,0.0,0.0,0.0
0.15,0,0,0.0,0,0,0.0,0,0,0.0,0,0,0.0,0,0,0.0,0,0,0.0,0,0,0.0,0,0,0.0,0,0,0.0,0,0,0.0,0,0,0.0,0,0,0.0,0,0,0.0,0,0,0.0,0,0,0.0,0,0,0.0,0,0,0.0,0,0,0.0,0.0,0.0,0.0,0.0,0.0,0.0
0.16,0,0,0.0,0,0,0.0,0,0,0.0,0,0,0.0,0,0,0.0,0,0,0.0,0,0,0.0,0,0,0.0,0,0,0.0,0,0,0.0,0,0,0.0,0,0,0.0,0,0,0.0,0,0,0.0,0,0,0.0,0,0,0.0,0,0,0.0,0,0,0.0,0.0,0.0,0.0,0.0,0.0,0.0
0.17,0,0,0.0,0,0,0.0,0,0,0.0,0,0,0.0,0,0,0.0,0,0,0.0,0,0,0.0,0,0,0.0,0,0,0.0,0,0,0.0,0,0,0.0,0,0,0.0,0,0,0.0,0,0,0.0,0,0,0.0,0,0,0.0,0,0,0.0,0,0,0.0,0.0,0.0,0.0,0.0,0.0,0.0
0.18,0,0,0.0,0,0,0.0,0,0,0.0,0,0,0.0,0,0,0.0,0,0,0.0,0,0,0.0,0,0,0.0,0,0,0.0,0,0,0.0,0,0,0.0,0,0,0.0,0,0,0.0,0,0,0.0,0,0,0.0,0,0,0.0,0,0,0.0,0,0,0.0,0.0,0.0,0.0,0.0,0.0,0.0
0.19,0,0,0.0,0,0,0.0,0,0,0.0,0,0,0.0,0,0,0.0,0,0,0.0,0,0,0.0,0,0,0.0,0,0,0.0,0,0,0.0,0,0,0.0,0,0,0.0,0,0,0.0,0,0,0.0,0,0,0.0,0,0,0.0,0,0,0.0,0,0,0.0,0.0,0.0,0.0,0.0,0.0,0.0
0.2,0,0,0.0,0,0,0.0,0,0,0.0,0,0,0.0,0,0,0.0,0,0,0.0,0,0,0.0,0,0,0.0,0,0,0.0,0,0,0.0,0,0,0.0,0,0,0.0,0,0,0.0,0,0,0.0,0,0,0.0,0,0,0.0,0,0,0.0,0,0,0.0,0.0,0.0,0.0,0.0,0.0,0.0
0.21,0,0,0.0,0,0,0.0,0,0,0.0,0,0,0.0,0,0,0.0,0,0,0.0,0,0,0.0,0,0,0.0,0,0,0.0,0,0,0.0,0,0,0.0,0,0,0.0,0,0,0.0,0,0,0.0,0,0,0.0,0,0,0.0,0,0,0.0,0,0,0.0,0.0,0.0,0.0,0.0,0.0,0.0
0.22,0,0,0.0,0,0,0.0,0,0,0.0,0,0,0.0,0,0,0.0,0,0,0.0,0,0,0.0,0,0,0.0,0,0,0.0,0,0,0.0,0,0,0.0,0,0,0.0,0,0,0.0,0,0,0.0,0,0,0.0,0,0,0.0,0,0,0.0,0,0,0.0,0.0,0.0,0.0,0.0,0.0,0.0
0.23,0,0,0.0,0,0,0.0,0,0,0.0,0,0,0.0,0,0,0.0,0,0,0.0,0,0,0.0,0,0,0.0,0,0,0.0,0,0,0.0,0,0,0.0,0,0,0.0,0,0,0.0,0,0,0.0,0,0,0.0,0,0,0.0,0,0,0.0,0,0,0.0,0.0,0.0,0.0,0.0,0.0,0.0
0.24,0,0,0.0,0,0,0.0,0,0,0.0,0,0,0.0,0,0,0.0,0,0,0.0,0,0,0.0,0,0,0.0,0,0,0.0,0,0,0.0,0,0,0.0,0,0,0.0,0,0,0.0,0,0,0.0,0,0,0.0,0,0,0.0,0,0,0.0,0,0,0.0,0.0,0.0,0.0,0.0,0.0,0.0
0.25,0,0,0.0,0,0,0.0,0,0,0.0,0,0,0.0,0,0,0.0,0,0,0.0,0,0,0.0,0,0,0.0,0,0,0.0,0,0,0.0,0,0,0.0,0,0,0.0,0,0,0.0,0,0,0.0,0,0,0.0,0,0,0.0,0,0,0.0,0,0,0.0,0.0,0.0,0.0,0.0,0.0,0.0
0.26,0,0,0.0,0,0,0.0,0,0,0.0,0,0,0.0,0,0,0.0,0,0,0.0,0,0,0.0,0,0,0.0,0,0,0.0,0,0,0.0,0,0,0.0,0,0,0.0,0,0,0.0,0,0,0.0,0,0,0.0,0,0,0.0,0,0,0.0,0,0,0.0,0.0,0.0,0.0,0.0,0.0,0.0
0.27,0,0,0.0,0,0,0.0,0,0,0.0,0,0,0.0,0,0,0.0,0,0,0.0,0,0,0.0,0,0,0.0,0,0,0.0,0,0,0.0,0,0,0.0,0,0,0.0,0,0,0.0,0,0,0.0,0,0,0.0,0,0,0.0,0,0,0.0,0,0,0.0,0.0,0.0,0.0,0.0,0.0,0.0
0.28,0,0,0.0,0,0,0.0,0,0,0.0,0,0,0.0,0,0,0.0,0,0,0.0,0,0,0.0,0,0,0.0,0,0,0.0,0,0,0.0,0,0,0.0,0,0,0.0,0,0,0.0,0,0,0.0,0,0,0.0,0,0,0.0,0,0,0.0,0,0,0.0,0.0,0.0,0.0,0.0,0.0,0.0
0.29,0,0,0.0,0,0,0.0,0,0,0.0,0,0,0.0,0,0,0.0,0,0,0.0,0,0,0.0,0,0,0.0,0,0,0.0,0,0,0.0,0,0,0.0,0,0,0.0,0,0,0.0,0,0,0.0,0,0,0.0,0,0,0.0,0,0,0.0,0,0,0.0,0.0,0.0,0.0,0.0,0.0,0.0
0.3,0,0,0.0,0,0,0.0,0,0,0.0,0,0,0.0,0,0,0.0,0,0,0.0,0,0,0.0,0,0,0.0,0,0,0.0,0,0,0.0,0,0,0.0,0,0,0.0,0,0,0.0,0,0,0.0,0,0,0.0,0,0,0.0,0,0,0.0,0,0,0.0,0.0,0.0,0.0,0.0,0.0,0.0
0.31,0,0,0.0,0,0,0.0,0,0,0.0,0,0,0.0,0,0,0.0,0,0,0.0,0,0,0.0,0,0,0.0,0,0,0.0,0,0,0.0,0,0,0.0,0,0,0.0,0,0,0.0,0,0,0.0,0,0,0.0,0,0,0.0,0,0,0.0,0,0,0.0,0.0,0.0,0.0,0.0,0.0,0.0
0.32,0,0,0.0,0,0,0.0,0,0,0.0,0,0,0.0,0,0,0.0,0,0,0.0,0,0,0.0,0,0,0.0,0,0,0.0,0,0,0.0,0,0,0.0,0,0,0.0,0,0,0.0,0,0,0.0,0,0,0.0,0,0,0.0,0,0,0.0,0,0,0.0,0.0,0.0,0.0,0.0,0.0,0.0
0.33,0,0,0.0,0,0,0.0,0,0,0.0,0,0,0.0,0,0,0.0,0,0,0.0,0,0,0.0,0,0,0.0,0,0,0.0,0,0,0.0,0,0,0.0,0,0,0.0,0,0,0.0,0,0,0.0,0,0,0.0,0,0,0.0,0,0,0.0,0,0,0.0,0.0,0.0,0.0,0.0,0.0,0.0
0.34,0,0,0.0,0,0,0.0,0,0,0.0,0,0,0.0,0,0,0.0,0,0,0.0,0,0,0.0,0,0,0.0,0,0,0.0,0,0,0.0,0,0,0.0,0,0,0.0,0,0,0.0,0,0,0.0,0,0,0.0,0,0,0.0,0,0,0.0,0,0,0.0,0.0,0.0,0.0,0.0,0.0,0.0
0.35,0,0,0.0,0,0,0.0,0,0,0.0,0,0,0.0,0,0,0.0,0,0,0.0,0,0,0.0,0,0,0.0,0,0,0.0,0,0,0.0,0,0,0.0,0,0,0.0,0,0,0.0,0,0,0.0,0,0,0.0,0,0,0.0,0,0,0.0,0,0,0.0,0.0,0.0,0.0,0.0,0.0,0.0
0.36,0,0,0.0,0,0,0.0,0,0,0.0,0,0,0.0,0,0,0.0,0,0,0.0,0,0,0.0,0,0,0.0,0,0,0.0,0,0,0.0,0,0,0.0,0,0,0.0,0,0,0.0,0,0,0.0,0,0,0.0,0,0,0.0,0,0,0.0,0,0,0.0,0.0,0.0,0.0,0.0,0.0,0.0
0.37,0,0,0.0,0,0,0.0,0,0,0.0,0,0,0.0,0,0,0.0,0,0,0.0,0,0,0.0,0,0,0.0,0,0,0.0,0,0,0.0,0,0,0.0,0,0,0.0,0,0,0.0,0,0,0.0,0,0,0.0,0,0,0.0,0,0,0.0,0,0,0.0,0.0,0.0,0.0,0.0,0.0,0.0
0.38,0,0,0.0,0,0,0.0,0,0,0.0,0,0,0.0,0,0,0.0,0,0,0.0,0,0,0.0,0,0,0.0,0,0,0.0,0,0,0.0,0,0,0.0,0,0,0.0,0,0,0.0,0,0,0.0,0,0,0.0,0,0,0.0,0,0,0.0,0,0,0.0,0.0,0.0,0.0,0.0,0.0,0.0
0.39,0,0,0.0,0,0,0.0,0,0,0.0,0,0,0.0,0,0,0.0,0,0,0.0,0,0,0.0,0,0,0.0,0,0,0.0,0,0,0.0,0,0,0.0,0,0,0.0,0,0,0.0,0,0,0.0,0,0,0.0,0,0,0.0,0,0,0.0,0,0,0.0,0.0,0.0,0.0,0.0,0.0,0.0
0.4,0,0,0.0,0,0,0.0,0,0,0.0,0,0,0.0,0,0,0.0,0,0,0.0,0,0,0.0,0,0,0.0,0,0,0.0,0,0,0.0,0,0,0.0,0,0,0.0,0,0,0.0,0,0,0.0,0,0,0.0,0,0,0.0,0,0,0.0,0,0,0.0,0.0,0.0,0.0,0.0,0.0,0.0
0.41,0,0,0.0,0,0,0.0,0,0,0.0,0,0,0.0,0,0,0.0,0,0,0.0,0,0,0.0,0,0,0.0,0,0,0.0,0,0,0.0,0,0,0.0,0,0,0.0,0,0,0.0,0,0,0.0,0,0,0.0,0,0,0.0,0,0,0.0,0,0,0.0,0.0,0.0,0.0,0.0,0.0,0.0
0.42,0,0,0.0,0,0,0.0,0,0,0.0,0,0,0.0,0,0,0.0,0,0,0.0,0,0,0.0,0,0,0.0,0,0,0.0,0,0,0.0,0,0,0.0,0,0,0.0,0,0,0.0,0,0,0.0,0,0,0.0,0,0,0.0,0,0,0.0,0,0,0.0,0.0,0.0,0.0,0.0,0.0,0.0
0.43,0,0,0.0,0,0,0.0,0,0,0.0,0,0,0.0,0,0,0.0,0,0,0.0,0,0,0.0,0,0,0.0,0,0,0.0,0,0,0.0,0,0,0.0,0,0,0.0,0,0,0.0,0,0,0.0,0,0,0.0,0,0,0.0,0,0,0.0,0,0,0.0,0.0,0.0,0.0,0.0,0.0,0.0
0.44,0,0,0.0,0,0,0.0,0,0,0.0,0,0,0.0,0,0,0.0,0,0,0.0,0,0,0.0,0,0,0.0,0,0,0.0,0,0,0.0,0,0,0.0,0,0,0.0,0,0,0.0,0,0,0.0,0,0,0.0,0,0,0.0,0,0,0.0,0,0,0.0,0.0,0.0,0.0,0.0,0.0,0.0
0.45,0,0,0.0,0,0,0.0,0,0,0.0,0,0,0.0,0,0,0.0,0,0,0.0,0,0,0.0,0,0,0.0,0,0,0.0,0,0,0.0,0,0,0.0,0,0,0.0,0,0,0.0,0,0,0.0,0,0,0.0,0,0,0.0,0,0,0.0,0,0,0.0,0.0,0.0,0.0,0.0,0.0,0.0
0.46,0,0,0.0,0,0,0.0,0,0,0.0,0,0,0.0,0,0,0.0,0,0,0.0,0,0,0.0,0,0,0.0,0,0,0.0,0,0,0.0,0,0,0.0,0,0,0.0,0,0,0.0,0,0,0.0,0,0,0.0,0,0,0.0,0,0,0.0,0,0,0.0,0.0,0.0,0.0,0.0,0.0,0.0
0.47,0,0,0.0,0,0,0.0,0,0,0.0,0,0,0.0,0,0,0.0,0,0,0.0,0,0,0.0,0,0,0.0,0,0,0.0,0,0,0.0,0,0,0.0,0,0,0.0,0,0,0.0,0,0,0.0,0,0,0.0,0,0,0.0,0,0,0.0,0,0,0.0,0.0,0.0,0.0,0.0,0.0,0.0
0.48,0,0,0.0,0,0,0.0,0,0,0.0,0,0,0.0,0,0,0.0,0,0,0.0,0,0,0.0,0,0,0.0,0,0,0.0,0,0,0.0,0,0,0.0,0,0,0.0,0,0,0.0,0,0,0.0,0,0,0.0,0,0,0.0,0,0,0.0,0,0,0.0,0.0,0.0,0.0,0.0,0.0,0.0
0.49,0,0,0.0,0,0,0.0,0,0,0.0,0,0,0.0,0,0,0.0,0,0,0.0,0,0,0.0,0,0,0.0,0,0,0.0,0,0,0.0,0,0,0.0,0,0,0.0,0,0,0.0,0,0,0.0,0,0,0.0,0,0,0.0,0,0,0.0,0,0,0.0,0.0,0.0,0.0,0.0,0.0,0.0
0.5,0,0,0.0,0,0,0.0,0,0,0.0,0,0,0.0,0,0,0.0,0,0,0.0,0,0,0.0,0,0,0.0,0,0,0.0,0,0,0.0,0,0,0.0,0,0,0.0,0,0,0.0,0,0,0.0,0,0,0.0,0,0,0.0,0,0,0.0,0,0,0.0,0.0,0.0,0.0,0.0,0.0,0.0
0.51,0,0,0.0,0,0,0.0,0,0,0.0,0,0,0.0,0,0,0.0,0,0,0.0,0,0,0.0,0,0,0.0,0,0,0.0,0,0,0.0,0,0,0.0,0,0,0.0,0,0,0.0,0,0,0.0,0,0,0.0,0,0,0.0,0,0,0.0,0,0,0.0,0.0,0.0,0.0,0.0,0.0,0.0
0.52,0,0,0.0,0,0,0.0,0,0,0.0,0,0,0.0,0,0,0.0,0,0,0.0,0,0,0.0,0,0,0.0,0,0,0.0,0,0,0.0,0,0,0.0,0,0,0.0,0,0,0.0,0,0,0.0,0,0,0.0,0,0,0.0,0,0,0.0,0,0,0.0,0.0,0.0,0.0,0.0,0.0,0.0
0.53,0,0,0.0,0,0,0.0,0,0,0.0,0,0,0.0,0,0,0.0,0,0,0.0,0,0,0.0,0,0,0.0,0,0,0.0,0,0,0.0,0,0,0.0,0,0,0.0,0,0,0.0,0,0,0.0,0,0,0.0,0,0,0.0,0,0,0.0,0,0,0.0,0.0,0.0,0.0,0.0,0.0,0.0
0.54,0,0,0.0,0,0,0.0,0,0,0.0,0,0,0.0,0,0,0.0,0,0,0.0,0,0,0.0,0,0,0.0,0,0,0.0,0,0,0.0,0,0,0.0,0,0,0.0,0,0,0.0,0,0,0.0,0,0,0.0,0,0,0.0,0,0,0.0,0,0,0.0,0.0,0.0,0.0,0.0,0.0,0.0
0.55,0,0,0.0,0,0,0.0,0,0,0.0,0,0,0.0,0,0,0.0,0,0,0.0,0,0,0.0,0,0,0.0,0,0,0.0,0,0,0.0,0,0,0.0,0,0,0.0,0,0,0.0,0,0,0.0,0,0,0.0,0,0,0.0,0,0,0.0,0,0,0.0,0.0,0.0,0.0,0.0,0.0,0.0
0.56,0,0,0.0,0,0,0.0,0,0,0.0,0,0,0.0,0,0,0.0,0,0,0.0,0,0,0.0,0,0,0.0,0,0,0.0,0,0,0.0,0,0,0.0,0,0,0.0,0,0,0.0,0,0,0.0,0,0,0.0,0,0,0.0,0,0,0.0,0,0,0.0,0.0,0.0,0.0,0.0,0.0,0.0
0.57,0,0,0.0,0,0,0.0,0,0,0.0,0,0,0.0,0,0,0.0,0,0,0.0,0,0,0.0,0,0,0.0,0,0,0.0,0,0,0.0,0,0,0.0,0,0,0.0,0,0,0.0,0,0,0.0,0,0,0.0,0,0,0.0,0,0,0.0,0,0,0.0,0.0,0.0,0.0,0.0,0.0,0.0
0.58,0,0,0.0,0,0,0.0,0,0,0.0,0,0,0.0,0,0,0.0,0,0,0.0,0,0,0.0,0,0,0.0,0,0,0.0,0,0,0.0,0,0,0.0,0,0,0.0,0,0,0.0,0,0,0.0,0,0,0.0,0,0,0.0,0,0,0.0,0,0,0.0,0.0,0.0,0.0,0.0,0.0,0.0
0.59,0,0,0.0,0,0,0.0,0,0,0.0,0,0,0.0,0,0,0.0,0,0,0.0,0,0,0.0,0,0,0.0,0,0,0.0,0,0,0.0,0,0,0.0,0,0,0.0,0,0,0.0,0,0,0.0,0,0,0.0,0,0,0.0,0,0,0.0,0,0,0.0,0.0,0.0,0.0,0.0,0.0,0.0
0.6,0,0,0.0,0,0,0.0,0,0,0.0,0,0,0.0,0,0,0.0,0,0,0.0,0,0,0.0,0,0,0.0,0,0,0.0,0,0,0.0,0,0,0.0,0,0,0.0,0,0,0.0,0,0,0.0,0,0,0.0,0,0,0.0,0,0,0.0,0,0,0.0,0.0,0.0,0.0,0.0,0.0,0.0
0.61,0,0,0.0,0,0,0.0,0,0,0.0,0,0,0.0,0,0,0.0,0,0,0.0,0,0,0.0,0,0,0.0,0,0,0.0,0,0,0.0,0,0,0.0,0,0,0.0,0,0,0.0,0,0,0.0,0,0,0.0,0,0,0.0,0,0,0.0,0,0,0.0,0.0,0.0,0.0,0.0,0.0,0.0
0.62,0,0,0.0,0,0,0.0,0,0,0.0,0,0,0.0,0,0,0.0,0,0,0.0,0,0,0.0,0,0,0.0,0,0,0.0,0,0,0.0,0,0,0.0,0,0,0.0,0,0,0.0,0,0,0.0,0,0,0.0,0,0,0.0,0,0,0.0,0,0,0.0,0.0,0.0,0.0,0.0,0.0,0.0
0.63,0,0,0.0,0,0,0.0,0,0,0.0,0,0,0.0,0,0,0.0,0,0,0.0,0,0,0.0,0,0,0.0,0,0,0.0,0,0,0.0,0,0,0.0,0,0,0.0,0,0,0.0,0,0,0.0,0,0,0.0,0,0,0.0,0,0,0.0,0,0,0.0,0.0,0.0,0.0,0.0,0.0,0.0
0.64,0,0,0.0,0,0,0.0,0,0,0.0,0,0,0.0,0,0,0.0,0,0,0.0,0,0,0.0,0,0,0.0,0,0,0.0,0,0,0.0,0,0,0.0,0,0,0.0,0,0,0.0,0,0,0.0,0,0,0.0,0,0,0.0,0,0,0.0,0,0,0.0,0.0,0.0,0.0,0.0,0.0,0.0
0.65,0,0,0.0,0,0,0.0,0,0,0.0,0,0,0.0,0,0,0.0,0,0,0.0,0,0,0.0,0,0,0.0,0,0,0.0,0,0,0.0,0,0,0.0,0,0,0.0,0,0,0.0,0,0,0.0,0,0,0.0,0,0,0.0,0,0,0.0,0,0,0.0,0.0,0.0,0.0,0.0,0.0,0.0
0.66,0,0,0.0,0,0,0.0,0,0,0.0,0,0,0.0,0,0,0.0,0,0,0.0,0,0,0.0,0,0,0.0,0,0,0.0,0,0,0.0,0,0,0.0,0,0,0.0,0,0,0.0,0,0,0.0,0,0,0.0,0,0,0.0,0,0,0.0,0,0,0.0,0.0,0.0,0.0,0.0,0.0,0.0
0.67,0,0,0.0,0,0,0.0,0,0,0.0,0,0,0.0,0,0,0.0,0,0,0.0,0,0,0.0,0,0,0.0,0,0,0.0,0,0,0.0,0,0,0.0,0,0,0.0,0,0,0.0,0,0,0.0,0,0,0.0,0,0,0.0,0,0,0.0,0,0,0.0,0.0,0.0,0.0,0.0,0.0,0.0
0.68,0,0,0.0,0,0,0.0,0,0,0.0,0,0,0.0,0,0,0.0,0,0,0.0,0,0,0.0,0,0,0.0,0,0,0.0,0,0,0.0,0,0,0.0,0,0,0.0,0,0,0.0,0,0,0.0,0,0,0.0,0,0,0.0,0,0,0.0,0,0,0.0,0.0,0.0,0.0,0.0,0.0,0.0
0.69,0,0,0.0,0,0,0.0,0,0,0.0,0,0,0.0,0,0,0.0,0,0,0.0,0,0,0.0,0,0,0.0,0,0,0.0,0,0,0.0,0,0,0.0,0,0,0.0,0,0,0.0,0,0,0.0,0,0,0.0,0,0,0.0,0,0,0.0,0,0,0.0,0.0,0.0,0.0,0.0,0.0,0.0
0.7,0,0,0.0,0,0,0.0,0,0,0.0,0,0,0.0,0,0,0.0,0,0,0.0,0,0,0.0,0,0,0.0,0,0,0.0,0,0,0.0,0,0,0.0,0,0,0.0,0,0,0.0,0,0,0.0,0,0,0.0,0,0,0.0,0,0,0.0,0,0,0.0,0.0,0.0,0.0,0.0,0.0,0.0
0.71,0,0,0.0,0,0,0.0,0,0,0.0,0,0,0.0,0,0,0.0,0,0,0.0,0,0,0.0,0,0,0.0,0,0,0.0,0,0,0.0,0,0,0.0,0,0,0.0,0,0,0.0,0,0,0.0,0,0,0.0,0,0,0.0,0,0,0.0,0,0,0.0,0.0,0.0,0.0,0.0,0.0,0.0
0.72,0,0,0.0,0,0,0.0,0,0,0.0,0,0,0.0,0,0,0.0,0,0,0.0,0,0,0.0,0,0,0.0,0,0,0.0,0,0,0.0,0,0,0.0,0,0,0.0,0,0,0.0,0,0,0.0,0,0,0.0,0,0,0.0,0,0,0.0,0,0,0.0,0.0,0.0,0.0,0.0,0.0,0.0
0.73,0,0,0.0,0,0,0.0,0,0,0.0,0,0,0.0,0,0,0.0,0,0,0.0,0,0,0.0,0,0,0.0,0,0,0.0,0,0,0.0,0,0,0.0,0,0,0.0,0,0,0.0,0,0,0.0,0,0,0.0,0,0,0.0,0,0,0.0,0,0,0.0,0.0,0.0,0.0,0.0,0.0,0.0
0.74,0,0,0.0,0,0,0.0,0,0,0.0,0,0,0.0,0,0,0.0,0,0,0.0,0,0,0.0,0,0,0.0,0,0,0.0,0,0,0.0,0,0,0.0,0,0,0.0,0,0,0.0,0,0,0.0,0,0,0.0,0,0,0.0,0,0,0.0,0,0,0.0,0.0,0.0,0.0,0.0,0.0,0.0
0.75,0,0,0.0,0,0,0.0,0,0,0.0,0,0,0.0,0,0,0.0,0,0,0.0,0,0,0.0,0,0,0.0,0,0,0.0,0,0,0.0,0,0,0.0,0,0,0.0,0,0,0.0,0,0,0.0,0,0,0.0,0,0,0.0,0,0,0.0,0,0,0.0,0.0,0.0,0.0,0.0,0.0,0.0
0.76,0,0,0.0,0,0,0.0,0,0,0.0,0,0,0.0,0,0,0.0,0,0,0.0,0,0,0.0,0,0,0.0,0,0,0.0,0,0,0.0,0,0,0.0,0,0,0.0,0,0,0.0,0,0,0.0,0,0,0.0,0,0,0.0,0,0,0.0,0,0,0.0,0.0,0.0,0.0,0.0,0.0,0.0
0.77,0,0,0.0,0,0,0.0,0,0,0.0,0,0,0.0,0,0,0.0,0,0,0.0,0,0,0.0,0,0,0.0,0,0,0.0,0,0,0.0,0,0,0.0,0,0,0.0,0,0,0.0,0,0,0.0,0,0,0.0,0,0,0.0,0,0,0.0,0,0,0.0,0.0,0.0,0.0,0.0,0.0,0.0
0.78,0,0,0.0,0,0,0.0,0,0,0.0,0,0,0.0,0,0,0.0,0,0,0.0,0,0,0.0,0,0,0.0,0,0,0.0,0,0,0.0,0,0,0.0,0,0,0.0,0,0,0.0,0,0,0.0,0,0,0.0,0,0,0.0,0,0,0.0,0,0,0.0,0.0,0.0,0.0,0.0,0.0,0.0
0.79,0,0,0.0,0,0,0.0,0,0,0.0,0,0,0.0,0,0,0.0,0,0,0.0,0,0,0.0,0,0,0.0,0,0,0.0,0,0,0.0,0,0,0.0,0,0,0.0,0,0,0.0,0,0,0.0,0,0,0.0,0,0,0.0,0,0,0.0,0,0,0.0,0.0,0.0,0.0,0.0,0.0,0.0
0.8,0,0,0.0,0,0,0.0,0,0,0.0,0,0,0.0,0,0,0.0,0,0,0.0,0,0,0.0,0,0,0.0,0,0,0.0,0,0,0.0,0,0,0.0,0,0,0.0,0,0,0.0,0,0,0.0,0,0,0.0,0,0,0.0,0,0,0.0,0,0,0.0,0.0,0.0,0.0,0.0,0.0,0.0
0.81,0,0,0.0,0,0,0.0,0,0,0.0,0,0,0.0,0,0,0.0,0,0,0.0,0,0,0.0,0,0,0.0,0,0,0.0,0,0,0.0,0,0,0.0,0,0,0.0,0,0,0.0,0,0,0.0,0,0,0.0,0,0,0.0,0,0,0.0,0,0,0.0,0.0,0.0,0.0,0.0,0.0,0.0
0.82,0,0,0.0,0,0,0.0,0,0,0.0,0,0,0.0,0,0,0.0,0,0,0.0,0,0,0.0,0,0,0.0,0,0,0.0,0,0,0.0,0,0,0.0,0,0,0.0,0,0,0.0,0,0,0.0,0,0,0.0,0,0,0.0,0,0,0.0,0,0,0.0,0.0,0.0,0.0,0.0,0.0,0.0
0.83,0,0,0.0,0,0,0.0,0,0,0.0,0,0,0.0,0,0,0.0,0,0,0.0,0,0,0.0,0,0,0.0,0,0,0.0,0,0,0.0,0,0,0.0,0,0,0.0,0,0,0.0,0,0,0.0,0,0,0.0,0,0,0.0,0,0,0.0,0,0,0.0,0.0,0.0,0.0,0.0,0.0,0.0
0.84,0,0,0.0,0,0,0.0,0,0,0.0,0,0,0.0,0,0,0.0,0,0,0.0,0,0,0.0,0,0,0.0,0,0,0.0,0,0,0.0,0,0,0.0,0,0,0.0,0,0,0.0,0,0,0.0,0,0,0.0,0,0,0.0,0,0,0.0,0,0,0.0,0.0,0.0,0.0,0.0,0.0,0.0
0.85,0,0,0.0,0,0,0.0,0,0,0.0,0,0,0.0,0,0,0.0,0,0,0.0,0,0,0.0,0,0,0.0,0,0,0.0,0,0,0.0,0,0,0.0,0,0,0.0,0,0,0.0,0,0,0.0,0,0,0.0,0,0,0.0,0,0,0.0,0,0,0.0,0.0,0.0,0.0,0.0,0.0,0.0
0.86,0,0,0.0,0,0,0.0,0,0,0.0,0,0,0.0,0,0,0.0,0,0,0.0,0,0,0.0,0,0,0.0,0,0,0.0,0,0,0.0,0,0,0.0,0,0,0.0,0,0,0.0,0,0,0.0,0,0,0.0,0,0,0.0,0,0,0.0,0,0,0.0,0.0,0.0,0.0,0.0,0.0,0.0
0.87,0,0,0.0,0,0,0.0,0,0,0.0,0,0,0.0,0,0,0.0,0,0,0.0,0,0,0.0,0,0,0.0,0,0,0.0,0,0,0.0,0,0,0.0,0,0,0.0,0,0,0.0,0,0,0.0,0,0,0.0,0,0,0.0,0,0,0.0,0,0,0.0,0.0,0.0,0.0,0.0,0.0,0.0
0.88,0,0,0.0,0,0,0.0,0,0,0.0,0,0,0.0,0,0,0.0,0,0,0.0,0,0,0.0,0,0,0.0,0,0,0.0,0,0,0.0,0,0,0.0,0,0,0.0,0,0,0.0,0,0,0.0,0,0,0.0,0,0,0.0,0,0,0.0,0,0,0.0,0.0,0.0,0.0,0.0,0.0,0.0
0.89,0,0,0.0,0,0,0.0,0,0,0.0,0,0,0.0,0,0,0.0,0,0,0.0,0,0,0.0,0,0,0.0,0,0,0.0,0,0,0.0,0,0,0.0,0,0,0.0,0,0,0.0,0,0,0.0,0,0,0.0,0,0,0.0,0,0,0.0,0,0,0.0,0.0,0.0,0.0,0.0,0.0,0.0
0.9,0,0,0.0,0,0,0.0,0,0,0.0,0,0,0.0,0,0,0.0,0,0,0.0,0,0,0.0,0,0,0.0,0,0,0.0,0,0,0.0,0,0,0.0,0,0,0.0,0,0,0.0,0,0,0.0,0,0,0.0,0,0,0.0,0,0,0.0,0,0,0.0,0.0,0.0,0.0,0.0,0.0,0.0
0.91,0,0,0.0,0,0,0.0,0,0,0.0,0,0,0.0,0,0,0.0,0,0,0.0,0,0,0.0,0,0,0.0,0,0,0.0,0,0,0.0,0,0,0.0,0,0,0.0,0,0,0.0,0,0,0.0,0,0,0.0,0,0,0.0,0,0,0.0,0,0,0.0,0.0,0.0,0.0,0.0,0.0,0.0
0.92,0,0,0.0,0,0,0.0,0,0,0.0,0,0,0.0,0,0,0.0,0,0,0.0,0,0,0.0,0,0,0.0,0,0,0.0,0,0,0.0,0,0,0.0,0,0,0.0,0,0,0.0,0,0,0.0,0,0,0.0,0,0,0.0,0,0,0.0,0,0,0.0,0.0,0.0,0.0,0.0,0.0,0.0
0.93,0,0,0.0,0,0,0.0,0,0,0.0,0,0,0.0,0,0,0.0,0,0,0.0,0,0,0.0,0,0,0.0,0,0,0.0,0,0,0.0,0,0,0.0,0,0,0.0,0,0,0.0,0,0,0.0,0,0,0.0,0,0,0.0,0,0,0.0,0,0,0.0,0.0,0.0,0.0,0.0,0.0,0.0
0.94,0,0,0.0,0,0,0.0,0,0,0.0,0,0,0.0,0,0,0.0,0,0,0.0,0,0,0.0,0,0,0.0,0,0,0.0,0,0,0.0,0,0,0.0,0,0,0.0,0,0,0.0,0,0,0.0,0,0,0.0,0,0,0.0,0,0,0.0,0,0,0.0,0.0,0.0,0.0,0.0,0.0,0.0
0.95,0,0,0.0,0,0,0.0,0,0,0.0,0,0,0.0,0,0,0.0,0,0,0.0,0,0,0.0,0,0,0.0,0,0,0.0,0,0,0.0,0,0,0.0,0,0,0.0,0,0,0.0,0,0,0.0,0,0,0.0,0,0,0.0,0,0,0.0,0,0,0.0,0.0,0.0,0.0,0.0,0.0,0.0
0.96,0,0,0.0,0,0,0.0,0,0,0.0,0,0,0.0,0,0,0.0,0,0,0.0,0,0,0.0,0,0,0.0,0,0,0.0,0,0,0.0,0,0,0.0,0,0,0.0,0,0,0.0,0,0,0.0,0,0,0.0,0,0,0.0,0,0,0.0,0,0,0.0,0.0,0.0,0.0,0.0,0.0,0.0
0.97,0,0,0.0,0,0,0.0,0,0,0.0,0,0,0.0,0,0,0.0,0,0,0.0,0,0,0.0,0,0,0.0,0,0,0.0,0,0,0.0,0,0,0.0,0,0,0.0,0,0,0.0,0,0,0.0,0,0,0.0,0,0,0.0,0,0,0.0,0,0,0.0,0.0,0.0,0.0,0.0,0.0,0.0
0.98,0,0,0.0,0,0,0.0,0,0,0.0,0,0,0.0,0,0,0.0,0,0,0.0,0,0,0.0,0,0,0.0,0,0,0.0,0,0,0.0,0,0,0.0,0,0,0.0,0,0,0.0,0,0,0.0,0,0,0.0,0,0,0.0,0,0,0.0,0,0,0.0,0.0,0.0,0.0,0.0,0.0,0.0
0.99,0,0,0.0,0,0,0.0,0,0,0.0,0,0,0.0,0,0,0.0,0,0,0.0,0,0,0.0,0,0,0.0,0,0,0.0,0,0,0.0,0,0,0.0,0,0,0.0,0,0,0.0,0,0,0.0,0,0,0.0,0,0,0.0,0,0,0.0,0,0,0.0,0.0,0.0,0.0,0.0,0.0,0.0
1.0,0,0,0.0,0,0,0.0,0,0,0.0,0,0,0.0,0,0,0.0,0,0,0.0,0,0,0.0,0,0,0.0,0,0,0.0,0,0,0.0,0,0,0.0,0,0,0.0,0,0,0.0,0,0,0.0,0,0,0.0,0,0,0.0,0,0,0.0,0,0,0.0,0.0,0.0,0.0,0.0,0.0,0.0
1.01,0,0,0.0,0,0,0.0,0,0,0.0,0,0,0.0,0,0,0.0,0,0,0.0,0,0,0.0,0,0,0.0,0,0,0.0,0,0,0.0,0,0,0.0,0,0,0.0,0,0,0.0,0,0,0.0,0,0,0.0,0,0,0.0,0,0,0.0,0,0,0.0,0.0,0.0,0.0,0.0,0.0,0.0
1.02,0,0,0.0,0,0,0.0,0,0,0.0,0,0,0.0,0,0,0.0,0,0,0.0,0,0,0.0,0,0,0.0,0,0,0.0,0,0,0.0,0,0,0.0,0,0,0.0,0,0,0.0,0,0,0.0,0,0,0.0,0,0,0.0,0,0,0.0,0,0,0.0,0.0,0.0,0.0,0.0,0.0,0.0
1.03,0,0,0.0,0,0,0.0,0,0,0.0,0,0,0.0,0,0,0.0,0,0,0.0,0,0,0.0,0,0,0.0,0,0,0.0,0,0,0.0,0,0,0.0,0,0,0.0,0,0,0.0,0,0,0.0,0,0,0.0,0,0,0.0,0,0,0.0,0,0,0.0,0.0,0.0,0.0,0.0,0.0,0.0
1.04,0,0,0.0,0,0,0.0,0,0,0.0,0,0,0.0,0,0,0.0,0,0,0.0,0,0,0.0,0,0,0.0,0,0,0.0,0,0,0.0,0,0,0.0,0,0,0.0,0,0,0.0,0,0,0.0,0,0,0.0,0,0,0.0,0,0,0.0,0,0,0.0,0.0,0.0,0.0,0.0,0.0,0.0
1.05,0,0,0.0,0,0,0.0,0,0,0.0,0,0,0.0,0,0,0.0,0,0,0.0,0,0,0.0,0,0,0.0,0,0,0.0,0,0,0.0,0,0,0.0,0,0,0.0,0,0,0.0,0,0,0.0,0,0,0.0,0,0,0.0,0,0,0.0,0,0,0.0,0.0,0.0,0.0,0.0,0.0,0.0
1.06,0,0,0.0,0,0,0.0,0,0,0.0,0,0,0.0,0,0,0.0,0,0,0.0,0,0,0.0,0,0,0.0,0,0,0.0,0,0,0.0,0,0,0.0,0,0,0.0,0,0,0.0,0,0,0.0,0,0,0.0,0,0,0.0,0,0,0.0,0,0,0.0,0.0,0.0,0.0,0.0,0.0,0.0
1.07,0,0,0.0,0,0,0.0,0,0,0.0,0,0,0.0,0,0,0.0,0,0,0.0,0,0,0.0,0,0,0.0,0,0,0.0,0,0,0.0,0,0,0.0,0,0,0.0,0,0,0.0,0,0,0.0,0,0,0.0,0,0,0.0,0,0,0.0,0,0,0.0,0.0,0.0,0.0,0.0,0.0,0.0
1.08,0,0,0.0,0,0,0.0,0,0,0.0,0,0,0.0,0,0,0.0,0,0,0.0,0,0,0.0,0,0,0.0,0,0,0.0,0,0,0.0,0,0,0.0,0,0,0.0,0,0,0.0,0,0,0.0,0,0,0.0,0,0,0.0,0,0,0.0,0,0,0.0,0.0,0.0,0.0,0.0,0.0,0.0
1.09,0,0,0.0,0,0,0.0,0,0,0.0,0,0,0.0,0,0,0.0,0,0,0.0,0,0,0.0,0,0,0.0,0,0,0.0,0,0,0.0,0,0,0.0,0,0,0.0,0,0,0.0,0,0,0.0,0,0,0.0,0,0,0.0,0,0,0.0,0,0,0.0,0.0,0.0,0.0,0.0,0.0,0.0
1.1,0,0,0.0,0,0,0.0,0,0,0.0,0,0,0.0,0,0,0.0,0,0,0.0,0,0,0.0,0,0,0.0,0,0,0.0,0,0,0.0,0,0,0.0,0,0,0.0,0,0,0.0,0,0,0.0,0,0,0.0,0,0,0.0,0,0,0.0,0,0,0.0,0.0,0.0,0.0,0.0,0.0,0.0
1.11,0,0,0.0,0,0,0.0,0,0,0.0,0,0,0.0,0,0,0.0,0,0,0.0,0,0,0.0,0,0,0.0,0,0,0.0,0,0,0.0,0,0,0.0,0,0,0.0,0,0,0.0,0,0,0.0,0,0,0.0,0,0,0.0,0,0,0.0,0,0,0.0,0.0,0.0,0.0,0.0,0.0,0.0
1.12,0,0,0.0,0,0,0.0,0,0,0.0,0,0,0.0,0,0,0.0,0,0,0.0,0,0,0.0,0,0,0.0,0,0,0.0,0,0,0.0,0,0,0.0,0,0,0.0,0,0,0.0,0,0,0.0,0,0,0.0,0,0,0.0,0,0,0.0,0,0,0.0,0.0,0.0,0.0,0.0,0.0,0.0
1.13,0,0,0.0,0,0,0.0,0,0,0.0,0,0,0.0,0,0,0.0,0,0,0.0,0,0,0.0,0,0,0.0,0,0,0.0,0,0,0.0,0,0,0.0,0,0,0.0,0,0,0.0,0,0,0.0,0,0,0.0,0,0,0.0,0,0,0.0,0,0,0.0,0.0,0.0,0.0,0.0,0.0,0.0
1.14,0,0,0.0,0,0,0.0,0,0,0.0,0,0,0.0,0,0,0.0,0,0,0.0,0,0,0.0,0,0,0.0,0,0,0.0,0,0,0.0,0,0,0.0,0,0,0.0,0,0,0.0,0,0,0.0,0,0,0.0,0,0,0.0,0,0,0.0,0,0,0.0,0.0,0.0,0.0,0.0,0.0,0.0
1.15,0,0,0.0,0,0,0.0,0,0,0.0,0,0,0.0,0,0,0.0,0,0,0.0,0,0,0.0,0,0,0.0,0,0,0.0,0,0,0.0,0,0,0.0,0,0,0.0,0,0,0.0,0,0,0.0,0,0,0.0,0,0,0.0,0,0,0.0,0,0,0.0,0.0,0.0,0.0,0.0,0.0,0.0
1.16,0,0,0.0,0,0,0.0,0,0,0.0,0,0,0.0,0,0,0.0,0,0,0.0,0,0,0.0,0,0,0.0,0,0,0.0,0,0,0.0,0,0,0.0,0,0,0.0,0,0,0.0,0,0,0.0,0,0,0.0,0,0,0.0,0,0,0.0,0,0,0.0,0.0,0.0,0.0,0.0,0.0,0.0
1.17,0,0,0.0,0,0,0.0,0,0,0.0,0,0,0.0,0,0,0.0,0,0,0.0,0,0,0.0,0,0,0.0,0,0,0.0,0,0,0.0,0,0,0.0,0,0,0.0,0,0,0.0,0,0,0.0,0,0,0.0,0,0,0.0,0,0,0.0,0,0,0.0,0.0,0.0,0.0,0.0,0.0,0.0
1.18,0,0,0.0,0,0,0.0,0,0,0.0,0,0,0.0,0,0,0.0,0,0,0.0,0,0,0.0,0,0,0.0,0,0,0.0,0,0,0.0,0,0,0.0,0,0,0.0,0,0,0.0,0,0,0.0,0,0,0.0,0,0,0.0,0,0,0.0,0,0,0.0,0.0,0.0,0.0,0.0,0.0,0.0
1.19,0,0,0.0,0,0,0.0,0,0,0.0,0,0,0.0,0,0,0.0,0,0,0.0,0,0,0.0,0,0,0.0,0,0,0.0,0,0,0.0,0,0,0.0,0,0,0.0,0,0,0.0,0,0,0.0,0,0,0.0,0,0,0.0,0,0,0.0,0,0,0.0,0.0,0.0,0.0,0.0,0.0,0.0
1.2,0,0,0.0,0,0,0.0,0,0,0.0,0,0,0.0,0,0,0.0,0,0,0.0,0,0,0.0,0,0,0.0,0,0,0.0,0,0,0.0,0,0,0.0,0,0,0.0,0,0,0.0,0,0,0.0,0,0,0.0,0,0,0.0,0,0,0.0,0,0,0.0,0.0,0.0,0.0,0.0,0.0,0.0
1.21,0,0,0.0,0,0,0.0,0,0,0.0,0,0,0.0,0,0,0.0,0,0,0.0,0,0,0.0,0,0,0.0,0,0,0.0,0,0,0.0,0,0,0.0,0,0,0.0,0,0,0.0,0,0,0.0,0,0,0.0,0,0,0.0,0,0,0.0,0,0,0.0,0.0,0.0,0.0,0.0,0.0,0.0
1.22,0,0,0.0,0,0,0.0,0,0,0.0,0,0,0.0,0,0,0.0,0,0,0.0,0,0,0.0,0,0,0.0,0,0,0.0,0,0,0.0,0,0,0.0,0,0,0.0,0,0,0.0,0,0,0.0,0,0,0.0,0,0,0.0,0,0,0.0,0,0,0.0,0.0,0.0,0.0,0.0,0.0,0.0
1.23,0,0,0.0,0,0,0.0,0,0,0.0,0,0,0.0,0,0,0.0,0,0,0.0,0,0,0.0,0,0,0.0,0,0,0.0,0,0,0.0,0,0,0.0,0,0,0.0,0,0,0.0,0,0,0.0,0,0,0.0,0,0,0.0,0,0,0.0,0,0,0.0,0.0,0.0,0.0,0.0,0.0,0.0
1.24,0,0,0.0,0,0,0.0,0,0,0.0,0,0,0.0,0,0,0.0,0,0,0.0,0,0,0.0,0,0,0.0,0,0,0.0,0,1,0.0,0,0,0.0,0,0,0.0,0,0,0.0,0,0,0.0,0,0,0.0,0,0,0.0,0,0,0.0,0,0,0.0,0.0,0.0,0.0,0.0,0.0,0.0
1.25,0,0,0.0,0,0,0.0,0,0,0.0,0,0,0.0,0,0,0.0,0,0,0.0,0,0,0.0,0,0,0.0,0,0,0.0,0,1,0.0,0,0,0.0,0,0,0.0,0,0,0.0,0,0,0.0,0,0,0.0,0,0,0.0,0,0,0.0,0,0,0.0,0.0,0.0,0.0,0.0,0.0,0.0
1.26,0,0,0.0,0,0,0.0,0,0,0.0,0,0,0.0,0,0,0.0,0,0,0.0,0,0,0.0,0,0,0.0,0,0,0.0,0,1,0.0,0,0,0.0,0,0,0.0,0,0,0.0,0,0,0.0,0,0,0.0,0,0,0.0,0,0,0.0,0,0,0.0,0.0,0.0,0.0,0.0,0.0,0.0
1.27,0,0,0.0,0,0,0.0,0,0,0.0,0,0,0.0,0,0,0.0,0,0,0.0,0,0,0.0,0,0,0.0,0,0,0.0,0,1,0.0,0,0,0.0,0,0,0.0,0,0,0.0,0,0,0.0,0,0,0.0,0,0,0.0,0,0,0.0,0,0,0.0,0.0,0.0,0.0,0.0,0.0,0.0
1.28,0,0,0.0,0,0,0.0,0,0,0.0,0,0,0.0,0,0,0.0,0,0,0.0,0,0,0.0,0,0,0.0,0,0,0.0,0,1,0.0,0,0,0.0,0,0,0.0,0,0,0.0,0,0,0.0,0,0,0.0,0,0,0.0,0,0,0.0,0,0,0.0,0.0,0.0,0.0,0.0,0.0,0.0
1.29,0,0,0.0,0,0,0.0,0,0,0.0,0,0,0.0,0,0,0.0,0,0,0.0,0,0,0.0,0,0,0.0,0,0,0.0,0,1,0.0,0,0,0.0,0,0,0.0,0,0,0.0,0,0,0.0,0,0,0.0,0,0,0.0,0,0,0.0,0,0,0.0,0.0,0.0,0.0,0.0,0.0,0.0
1.3,0,0,0.0,0,0,0.0,0,0,0.0,0,0,0.0,0,0,0.0,0,0,0.0,0,0,0.0,0,0,0.0,0,0,0.0,0,1,0.0,0,0,0.0,0,0,0.0,0,0,0.0,0,0,0.0,0,0,0.0,0,0,0.0,0,0,0.0,0,0,0.0,0.0,0.0,0.0,0.0,0.0,0.0
1.31,0,0,0.0,0,0,0.0,0,0,0.0,0,0,0.0,0,0,0.0,0,0,0.0,0,0,0.0,0,0,0.0,0,0,0.0,0,1,0.0,0,0,0.0,0,0,0.0,0,0,0.0,0,0,0.0,0,0,0.0,0,0,0.0,0,0,0.0,0,0,0.0,0.0,0.0,0.0,0.0,0.0,0.0
1.32,0,0,0.0,0,0,0.0,0,0,0.0,0,0,0.0,0,0,0.0,0,0,0.0,0,0,0.0,0,0,0.0,0,0,0.0,0,1,0.0,0,0,0.0,0,0,0.0,0,0,0.0,0,0,0.0,0,0,0.0,0,0,0.0,0,0,0.0,0,0,0.0,0.0,0.0,0.0,0.0,0.0,0.0
1.33,0,0,0.0,0,0,0.0,0,0,0.0,0,0,0.0,0,0,0.0,0,0,0.0,0,0,0.0,0,0,0.0,0,0,0.0,0,1,0.0,0,0,0.0,0,0,0.0,0,0,0.0,0,0,0.0,0,0,0.0,0,0,0.0,0,0,0.0,0,0,0.0,0.0,0.0,0.0,0.0,0.0,0.0
1.34,0,0,0.0,0,0,0.0,0,0,0.0,0,0,0.0,0,0,0.0,0,0,0.0,0,0,0.0,0,0,0.0,0,0,0.0,0,1,0.0,0,0,0.0,0,0,0.0,0,0,0.0,0,0,0.0,0,0,0.0,0,0,0.0,0,0,0.0,0,0,0.0,0.0,0.0,0.0,0.0,0.0,0.0
1.35,0,0,0.0,0,0,0.0,0,0,0.0,0,0,0.0,0,0,0.0,0,0,0.0,0,0,0.0,0,0,0.0,0,0,0.0,0,1,0.0,0,0,0.0,0,0,0.0,0,0,0.0,0,0,0.0,0,0,0.0,0,0,0.0,0,0,0.0,0,0,0.0,0.0,0.0,0.0,0.0,0.0,0.0
1.36,0,0,0.0,0,0,0.0,0,0,0.0,0,0,0.0,0,0,0.0,0,0,0.0,0,0,0.0,0,0,0.0,0,0,0.0,0,1,0.0,0,0,0.0,0,0,0.0,0,0,0.0,0,0,0.0,0,0,0.0,0,0,0.0,0,0,0.0,0,0,0.0,0.0,0.0,0.0,0.0,0.0,0.0
1.37,0,0,0.0,0,0,0.0,0,0,0.0,0,0,0.0,0,0,0.0,0,0,0.0,0,0,0.0,0,0,0.0,0,0,0.0,0,1,0.0,0,0,0.0,0,0,0.0,0,0,0.0,0,0,0.0,0,0,0.0,0,0,0.0,0,0,0.0,0,0,0.0,0.0,0.0,0.0,0.0,0.0,0.0
1.38,0,0,0.0,0,0,0.0,0,0,0.0,0,0,0.0,0,0,0.0,0,0,0.0,0,0,0.0,0,0,0.0,0,0,0.0,0,1,0.0,0,0,0.0,0,0,0.0,0,0,0.0,0,0,0.0,0,0,0.0,0,0,0.0,0,0,0.0,0,0,0.0,0.0,0.0,0.0,0.0,0.0,0.0
1.39,0,0,0.0,0,0,0.0,0,0,0.0,0,0,0.0,0,0,0.0,0,0,0.0,0,0,0.0,0,0,0.0,0,0,0.0,0,1,0.0,0,0,0.0,0,0,0.0,0,0,0.0,0,0,0.0,0,0,0.0,0,0,0.0,0,0,0.0,0,0,0.0,0.0,0.0,0.0,0.0,0.0,0.0
1.4,0,0,0.0,0,0,0.0,0,0,0.0,0,0,0.0,0,0,0.0,0,0,0.0,0,0,0.0,0,0,0.0,0,0,0.0,0,1,0.0,0,0,0.0,0,0,0.0,0,0,0.0,0,0,0.0,0,0,0.0,0,0,0.0,0,0,0.0,0,0,0.0,0.0,0.0,0.0,0.0,0.0,0.0
1.41,0,0,0.0,0,0,0.0,0,0,0.0,0,0,0.0,0,0,0.0,0,0,0.0,0,0,0.0,0,0,0.0,0,0,0.0,0,1,0.0,0,0,0.0,0,0,0.0,0,0,0.0,0,0,0.0,0,0,0.0,0,0,0.0,0,0,0.0,0,0,0.0,0.0,0.0,0.0,0.0,0.0,0.0
1.42,0,0,0.0,0,0,0.0,0,0,0.0,0,0,0.0,0,0,0.0,0,0,0.0,0,0,0.0,0,0,0.0,0,0,0.0,0,1,0.0,0,0,0.0,0,0,0.0,0,0,0.0,0,0,0.0,0,0,0.0,0,0,0.0,0,0,0.0,0,0,0.0,0.0,0.0,0.0,0.0,0.0,0.0
1.43,0,0,0.0,0,0,0.0,0,0,0.0,0,0,0.0,0,0,0.0,0,0,0.0,0,0,0.0,0,0,0.0,0,0,0.0,0,1,0.0,0,0,0.0,0,0,0.0,0,0,0.0,0,0,0.0,0,0,0.0,0,0,0.0,0,0,0.0,0,0,0.0,0.0,0.0,0.0,0.0,0.0,0.0
1.44,0,0,0.0,0,0,0.0,0,0,0.0,0,0,0.0,0,0,0.0,0,0,0.0,0,0,0.0,0,0,0.0,0,0,0.0,0,1,0.0,0,0,0.0,0,0,0.0,0,0,0.0,0,0,0.0,0,0,0.0,0,0,0.0,0,0,0.0,0,0,0.0,0.0,0.0,0.0,0.0,0.0,0.0
1.45,0,0,0.0,0,0,0.0,0,0,0.0,0,0,0.0,0,0,0.0,0,0,0.0,0,0,0.0,0,0,0.0,0,0,0.0,0,1,0.0,0,0,0.0,0,0,0.0,0,0,0.0,0,0,0.0,0,0,0.0,0,0,0.0,0,0,0.0,0,0,0.0,0.0,0.0,0.0,0.0,0.0,0.0
1.46,0,0,0.0,0,0,0.0,0,0,0.0,0,0,0.0,0,0,0.0,0,0,0.0,0,0,0.0,0,0,0.0,0,0,0.0,0,1,0.0,0,0,0.0,0,0,0.0,0,0,0.0,0,0,0.0,0,0,0.0,0,0,0.0,0,0,0.0,0,0,0.0,0.0,0.0,0.0,0.0,0.0,0.0
1.47,0,0,0.0,0,0,0.0,0,0,0.0,0,0,0.0,0,0,0.0,0,0,0.0,0,0,0.0,0,0,0.0,0,0,0.0,0,1,0.0,0,0,0.0,0,0,0.0,0,0,0.0,0,0,0.0,0,0,0.0,0,0,0.0,0,0,0.0,0,0,0.0,0.0,0.0,0.0,0.0,0.0,0.0
1.48,0,0,0.0,0,0,0.0,0,0,0.0,0,0,0.0,0,0,0.0,0,0,0.0,0,0,0.0,0,0,0.0,0,0,0.0,0,2,0.19000000000000017,0,0,0.0,0,0,0.0,0,0,0.0,0,0,0.0,0,0,0.0,0,0,0.0,0,0,0.0,0,0,0.0,0.0,0.0,0.0,0.0,0.0,0.0
1.49,0,0,0.0,0,0,0.0,0,0,0.0,0,0,0.0,0,0,0.0,0,0,0.0,0,0,0.0,0,0,0.0,0,0,0.0,0,2,0.18000000000000016,0,0,0.0,0,0,0.0,0,0,0.0,0,0,0.0,0,0,0.0,0,0,0.0,0,0,0.0,0,0,0.0,0.0,0.0,0.0,0.0,0.0,0.0
1.5,0,0,0.0,0,0,0.0,0,0,0.0,0,0,0.0,0,0,0.0,0,0,0.0,0,0,0.0,0,0,0.0,0,0,0.0,0,2,0.17000000000000015,0,0,0.0,0,0,0.0,0,0,0.0,0,0,0.0,0,0,0.0,0,0,0.0,0,0,0.0,0,0,0.0,0.0,0.0,0.0,0.0,0.0,0.0
1.51,0,0,0.0,0,0,0.0,0,0,0.0,0,0,0.0,0,0,0.0,0,0,0.0,0,0,0.0,0,0,0.0,0,0,0.0,0,2,0.16000000000000014,0,0,0.0,0,0,0.0,0,0,0.0,0,0,0.0,0,0,0.0,0,0,0.0,0,0,0.0,0,0,0.0,0.0,0.0,0.0,0.0,0.0,0.0
1.52,0,0,0.0,0,0,0.0,0,0,0.0,0,0,0.0,0,0,0.0,0,0,0.0,0,0,0.0,0,0,0.0,0,0,0.0,0,2,0.15000000000000013,0,0,0.0,0,0,0.0,0,0,0.0,0,0,0.0,0,0,0.0,0,0,0.0,0,0,0.0,0,0,0.0,0.0,0.0,0.0,0.0,0.0,0.0
1.53,0,0,0.0,0,0,0.0,0,0,0.0,0,0,0.0,0,0,0.0,0,0,0.0,0,0,0.0,0,0,0.0,0,0,0.0,0,2,0.14000000000000012,0,0,0.0,0,0,0.0,0,0,0.0,0,0,0.0,0,0,0.0,0,0,0.0,0,0,0.0,0,0,0.0,0.0,0.0,0.0,0.0,0.0,0.0
1.54,0,0,0.0,0,0,0.0,0,0,0.0,0,0,0.0,0,0,0.0,0,0,0.0,0,0,0.0,0,0,0.0,0,0,0.0,0,2,0.13000000000000012,0,0,0.0,0,0,0.0,0,0,0.0,0,0,0.0,0,0,0.0,0,0,0.0,0,0,0.0,0,0,0.0,0.0,0.0,0.0,0.0,0.0,0.0
1.55,0,0,0.0,0,0,0.0,0,0,0.0,0,0,0.0,0,0,0.0,0,0,0.0,0,0,0.0,0,0,0.0,0,0,0.0,0,2,0.12000000000000012,0,0,0.0,0,0,0.0,0,0,0.0,0,0,0.0,0,0,0.0,0,0,0.0,0,0,0.0,0,0,0.0,0.0,0.0,0.0,0.0,0.0,0.0
1.56,0,0,0.0,0,0,0.0,0,0,0.0,0,0,0.0,0,0,0.0,0,0,0.0,0,0,0.0,0,0,0.0,0,0,0.0,0,2,0.11000000000000013,0,0,0.0,0,0,0.0,0,0,0.0,0,0,0.0,0,0,0.0,0,0,0.0,0,0,0.0,0,0,0.0,0.0,0.0,0.0,0.0,0.0,0.0
1.57,0,0,0.0,0,0,0.0,0,0,0.0,0,0,0.0,0,0,0.0,0,0,0.0,0,0,0.0,0,0,0.0,0,0,0.0,0,2,0.10000000000000013,0,0,0.0,0,0,0.0,0,0,0.0,0,0,0.0,0,0,0.0,0,0,0.0,0,0,0.0,0,0,0.0,0.0,0.0,0.0,0.0,0.0,0.0
1.58,0,0,0.0,0,0,0.0,0,0,0.0,0,0,0.0,0,0,0.0,0,0,0.0,0,0,0.0,0,0,0.0,0,0,0.0,0,2,0.09000000000000014,0,0,0.0,0,0,0.0,0,0,0.0,0,0,0.0,0,0,0.0,0,0,0.0,0,0,0.0,0,0,0.0,0.0,0.0,0.0,0.0,0.0,0.0
1.59,0,0,0.0,0,0,0.0,0,0,0.0,0,0,0.0,0,0,0.0,0,0,0.0,0,0,0.0,0,0,0.0,0,0,0.0,0,2,0.08000000000000014,0,0,0.0,0,0,0.0,0,0,0.0,0,0,0.0,0,0,0.0,0,0,0.0,0,0,0.0,0,0,0.0,0.0,0.0,0.0,0.0,0.0,0.0
1.6,0,0,0.0,0,0,0.0,0,0,0.0,0,0,0.0,0,0,0.0,0,0,0.0,0,0,0.0,0,0,0.0,0,0,0.0,0,2,0.07000000000000015,0,0,0.0,0,0,0.0,0,0,0.0,0,0,0.0,0,0,0.0,0,0,0.0,0,0,0.0,0,0,0.0,0.0,0.0,0.0,0.0,0.0,0.0
1.61,0,0,0.0,0,0,0.0,0,0,0.0,0,0,0.0,0,0,0.0,0,0,0.0,0,0,0.0,0,0,0.0,0,0,0.0,0,2,0.060000000000000143,0,0,0.0,0,0,0.0,0,0,0.0,0,0,0.0,0,0,0.0,0,0,0.0,0,0,0.0,0,0,0.0,0.0,0.0,0.0,0.0,0.0,0.0
1.62,0,0,0.0,0,0,0.0,0,0,0.0,0,0,0.0,0,0,0.0,0,0,0.0,0,0,0.0,0,0,0.0,0,0,0.0,0,2,0.05000000000000014,0,0,0.0,0,0,0.0,0,0,0.0,0,0,0.0,0,0,0.0,0,0,0.0,0,0,0.0,0,0,0.0,0.0,0.0,0.0,0.0,0.0,0.0
1.63,0,0,0.0,0,0,0.0,0,0,0.0,0,0,0.0,0,0,0.0,0,0,0.0,0,0,0.0,0,0,0.0,0,0,0.0,1,2,0.12499999999999957,0,0,0.0,0,0,0.0,0,0,0.0,0,0,0.0,0,0,0.0,0,0,0.0,0,0,0.0,0,0,0.0,0.0,0.0,0.0,0.0,0.0,0.0
1.64,0,0,0.0,0,0,0.0,0,0,0.0,0,0,0.0,0,0,0.0,0,0,0.0,0,0,0.0,0,0,0.0,0,0,0.0,1,2,0.11499999999999957,0,0,0.0,0,0,0.0,0,0,0.0,0,0,0.0,0,0,0.0,0,0,0.0,0,0,0.0,0,0,0.0,0.0,0.0,0.0,0.0,0.0,0.0
1.65,0,0,0.0,0,0,0.0,0,0,0.0,0,0,0.0,0,0,0.0,0,0,0.0,0,0,0.0,0,0,0.0,0,0,0.0,1,2,0.10499999999999958,0,0,0.0,0,0,0.0,0,0,0.0,0,0,0.0,0,0,0.0,0,0,0.0,0,0,0.0,0,0,0.0,0.0,0.0,0.0,0.0,0.0,0.0
1.66,0,0,0.0,0,0,0.0,0,0,0.0,0,0,0.0,0,0,0.0,0,0,0.0,0,0,0.0,0,0,0.0,0,0,0.0,1,2,0.09499999999999958,0,0,0.0,0,0,0.0,0,0,0.0,0,0,0.0,0,0,0.0,0,0,0.0,0,0,0.0,0,0,0.0,0.0,0.0,0.0,0.0,0.0,0.0
1.67,0,0,0.0,0,0,0.0,0,0,0.0,0,0,0.0,0,0,0.0,0,0,0.0,0,0,0.0,0,0,0.0,0,0,0.0,1,1,0.08499999999999959,0,0,0.0,0,0,0.0,0,0,0.0,0,0,0.0,0,0,0.0,0,0,0.0,0,0,0.0,0,0,0.0,0.0,0.0,0.0,0.0,0.0,0.0
1.68,0,0,0.0,0,0,0.0,0,0,0.0,0,0,0.0,0,0,0.0,0,0,0.0,0,0,0.0,0,0,0.0,0,0,0.0,0,2,0.0749999999999996,0,0,0.0,0,0,0.0,0,0,0.0,0,0,0.0,0,0,0.0,0,0,0.0,0,0,0.0,0,0,0.0,0.0,0.0,0.0,0.0,0.0,0.0
1.69,0,0,0.0,0,0,0.0,0,0,0.0,0,0,0.0,0,0,0.0,0,0,0.0,0,0,0.0,0,0,0.0,0,0,0.0,0,2,0.0649999999999996,0,0,0.0,0,0,0.0,0,0,0.0,0,0,0.0,0,0,0.0,0,0,0.0,0,0,0.0,0,0,0.0,0.0,0.0,0.0,0.0,0.0,0.0
1.7,0,0,0.0,0,0,0.0,0,0,0.0,0,0,0.0,0,0,0.0,0,0,0.0,0,0,0.0,0,0,0.0,0,0,0.0,0,2,0.0549999999999996,0,0,0.0,0,0,0.0,0,0,0.0,0,0,0.0,0,0,0.0,0,0,0.0,0,0,0.0,0,0,0.0,0.0,0.0,0.0,0.0,0.0,0.0
1.71,0,0,0.0,0,0,0.0,0,0,0.0,0,0,0.0,0,0,0.0,0,0,0.0,0,0,0.0,0,0,0.0,0,0,0.0,0,2,0.044999999999999596,0,0,0.0,0,0,0.0,0,0,0.0,0,0,0.0,0,0,0.0,0,0,0.0,0,0,0.0,0,0,0.0,0.0,0.0,0.0,0.0,0.0,0.0
1.72,0,0,0.0,0,0,0.0,0,0,0.0,0,0,0.0,0,0,0.0,0,0,0.0,0,0,0.0,0,0,0.0,0,0,0.0,0,2,0.034999999999999594,0,0,0.0,0,0,0.0,0,0,0.0,0,0,0.0,0,0,0.0,0,0,0.0,0,0,0.0,0,0,0.0,0.0,0.0,0.0,0.0,0.0,0.0
1.73,0,0,0.0,0,0,0.0,0,0,0.0,0,0,0.0,0,0,0.0,0,0,0.0,0,0,0.0,0,0,0.0,0,0,0.0,0,2,0.024999999999999592,0,0,0.0,0,0,0.0,0,0,0.0,0,0,0.0,0,0,0.0,0,0,0.0,0,0,0.0,0,0,0.0,0.0,0.0,0.0,0.0,0.0,0.0
1.74,0,0,0.0,0,0,0.0,0,0,0.0,0,0,0.0,0,0,0.0,0,0,0.0,0,0,0.0,0,0,0.0,0,0,0.0,0,2,0.014999999999999592,0,0,0.0,0,0,0.0,0,0,0.0,0,0,0.0,0,0,0.0,0,0,0.0,0,0,0.0,0,0,0.0,0.0,0.0,0.0,0.0,0.0,0.0
1.75,0,0,0.0,0,0,0.0,0,0,0.0,0,0,0.0,0,0,0.0,0,0,0.0,0,0,0.0,0,0,0.0,0,0,0.0,0,1,0,0,0,0.0,0,0,0.0,0,0,0.0,0,0,0.0,0,0,0.0,0,0,0.0,0,0,0.0,0,0,0.0,0.0,0.0,0.0,0.0,0.0,0.0
1.76,0,0,0.0,0,0,0.0,0,0,0.0,0,0,0.0,0,0,0.0,0,0,0.0,0,0,0.0,0,0,0.0,0,0,0.0,0,1,0,0,0,0.0,0,0,0.0,0,0,0.0,0,0,0.0,0,0,0.0,0,0,0.0,0,0,0.0,0,0,0.0,0.0,0.0,0.0,0.0,0.0,0.0
1.77,0,0,0.0,0,0,0.0,0,0,0.0,0,0,0.0,0,0,0.0,0,0,0.0,0,0,0.0,0,0,0.0,0,0,0.0,0,1,0,0,0,0.0,0,0,0.0,0,0,0.0,0,0,0.0,0,0,0.0,0,0,0.0,0,0,0.0,0,0,0.0,0.0,0.0,0.0,0.0,0.0,0.0
1.78,0,0,0.0,0,0,0.0,0,0,0.0,0,0,0.0,0,0,0.0,0,0,0.0,0,0,0.0,0,0,0.0,0,0,0.0,0,1,0,0,0,0.0,0,0,0.0,0,0,0.0,0,0,0.0,0,0,0.0,0,0,0.0,0,0,0.0,0,0,0.0,0.0,0.0,0.0,0.0,0.0,0.0
1.79,0,0,0.0,0,0,0.0,0,0,0.0,0,0,0.0,0,0,0.0,0,0,0.0,0,0,0.0,0,0,0.0,0,0,0.0,0,1,0,0,0,0.0,0,0,0.0,0,0,0.0,0,0,0.0,0,0,0.0,0,0,0.0,0,0,0.0,0,0,0.0,0.0,0.0,0.0,0.0,0.0,0.0
1.8,0,0,0.0,0,0,0.0,0,0,0.0,0,0,0.0,0,0,0.0,0,0,0.0,0,0,0.0,0,0,0.0,0,0,0.0,0,1,0,0,0,0.0,0,0,0.0,0,0,0.0,0,0,0.0,0,0,0.0,0,0,0.0,0,0,0.0,0,0,0.0,0.0,0.0,0.0,0.0,0.0,0.0
1.81,0,0,0.0,0,0,0.0,0,0,0.0,0,0,0.0,0,0,0.0,0,0,0.0,0,0,0.0,0,0,0.0,0,0,0.0,0,1,0,0,0,0.0,0,0,0.0,0,0,0.0,0,0,0.0,0,0,0.0,0,0,0.0,0,0,0.0,0,0,0.0,0.0,0.0,0.0,0.0,0.0,0.0
1.82,0,0,0.0,0,0,0.0,0,0,0.0,0,0,0.0,0,0,0.0,0,0,0.0,0,0,0.0,0,0,0.0,0,0,0.0,0,1,0,0,0,0.0,0,0,0.0,0,0,0.0,0,0,0.0,0,0,0.0,0,0,0.0,0,0,0.0,0,0,0.0,0.0,0.0,0.0,0.0,0.0,0.0
1.83,0,0,0.0,0,0,0.0,0,0,0.0,0,0,0.0,0,0,0.0,0,0,0.0,0,0,0.0,0,0,0.0,0,0,0.0,0,1,0,0,0,0.0,0,0,0.0,0,0,0.0,0,0,0.0,0,0,0.0,0,0,0.0,0,0,0.0,0,0,0.0,0.0,0.0,0.0,0.0,0.0,0.0
1.84,0,0,0.0,0,0,0.0,0,0,0.0,0,0,0.0,0,0,0.0,0,0,0.0,0,0,0.0,0,0,0.0,0,0,0.0,0,1,0,0,0,0.0,0,0,0.0,0,0,0.0,0,0,0.0,0,0,0.0,0,0,0.0,0,0,0.0,0,0,0.0,0.0,0.0,0.0,0.0,0.0,0.0
1.85,0,0,0.0,0,0,0.0,0,0,0.0,0,0,0.0,0,0,0.0,0,0,0.0,0,0,0.0,0,0,0.0,0,0,0.0,0,1,0,0,0,0.0,0,0,0.0,0,0,0.0,0,0,0.0,0,0,0.0,0,0,0.0,0,0,0.0,0,0,0.0,0.0,0.0,0.0,0.0,0.0,0.0
1.86,0,0,0.0,0,0,0.0,0,0,0.0,0,0,0.0,0,0,0.0,0,0,0.0,0,0,0.0,0,0,0.0,0,0,0.0,0,1,0,0,0,0.0,0,0,0.0,0,0,0.0,0,1,0.0,0,0,0.0,0,0,0.0,0,0,0.0,0,0,0.0,0.0,0.0,0.0,0.0,0.0,0.0
1.87,0,0,0.0,0,0,0.0,0,0,0.0,0,0,0.0,0,0,0.0,0,0,0.0,0,0,0.0,0,0,0.0,0,0,0.0,0,1,0,0,0,0.0,0,0,0.0,0,0,0.0,0,1,0.0,0,0,0.0,0,0,0.0,0,0,0.0,0,0,0.0,0.0,0.0,0.0,0.0,0.0,0.0
1.88,0,0,0.0,0,0,0.0,0,0,0.0,0,0,0.0,0,0,0.0,0,0,0.0,0,0,0.0,0,0,0.0,0,0,0.0,0,1,0,0,0,0.0,0,0,0.0,0,0,0.0,0,1,0.0,0,0,0.0,0,0,0.0,0,0,0.0,0,0,0.0,0.0,0.0,0.0,0.0,0.0,0.0
1.89,0,0,0.0,0,0,0.0,0,0,0.0,0,0,0.0,0,0,0.0,0,0,0.0,0,0,0.0,0,0,0.0,0,0,0.0,0,1,0,0,0,0.0,0,0,0.0,0,0,0.0,0,1,0.0,0,0,0.0,0,0,0.0,0,0,0.0,0,0,0.0,0.0,0.0,0.0,0.0,0.0,0.0
1.9,0,0,0.0,0,0,0.0,0,0,0.0,0,0,0.0,0,0,0.0,0,0,0.0,0,0,0.0,0,0,0.0,0,0,0.0,0,1,0,0,0,0.0,0,0,0.0,0,0,0.0,0,1,0.0,0,0,0.0,0,0,0.0,0,0,0.0,0,0,0.0,0.0,0.0,0.0,0.0,0.0,0.0
1.91,0,0,0.0,0,0,0.0,0,0,0.0,0,0,0.0,0,0,0.0,0,0,0.0,0,0,0.0,0,0,0.0,0,0,0.0,0,1,0,0,0,0.0,0,0,0.0,0,0,0.0,0,1,0.0,0,0,0.0,0,0,0.0,0,0,0.0,0,0,0.0,0.0,0.0,0.0,0.0,0.0,0.0
1.92,0,0,0.0,0,0,0.0,0,0,0.0,0,0,0.0,0,0,0.0,0,0,0.0,0,0,0.0,0,0,0.0,0,0,0.0,0,1,0,0,1,0.0,0,0,0.0,0,0,0.0,0,1,0.0,0,0,0.0,0,0,0.0,0,0,0.0,0,0,0.0,0.0,0.0,0.0,0.0,0.0,0.0
1.93,0,0,0.0,0,0,0.0,0,0,0.0,0,0,0.0,0,0,0.0,0,0,0.0,0,0,0.0,0,0,0.0,0,0,0.0,0,1,0,0,1,0.0,0,0,0.0,0,0,0.0,0,1,0.0,0,0,0.0,0,0,0.0,0,0,0.0,0,0,0.0,0.0,0.0,0.0,0.0,0.0,0.0
1.94,0,0,0.0,0,0,0.0,0,0,0.0,0,0,0.0,0,0,0.0,0,0,0.0,0,0,0.0,0,0,0.0,0,0,0.0,0,1,0,0,1,0.0,0,0,0.0,0,0,0.0,0,1,0.0,0,0,0.0,0,0,0.0,0,0,0.0,0,0,0.0,0.0,0.0,0.0,0.0,0.0,0.0
1.95,0,0,0.0,0,0,0.0,0,0,0.0,0,0,0.0,0,0,0.0,0,0,0.0,0,0,0.0,0,0,0.0,0,0,0.0,0,1,0,0,1,0.0,0,0,0.0,0,0,0.0,0,1,0.0,0,0,0.0,0,0,0.0,0,0,0.0,0,0,0.0,0.0,0.0,0.0,0.0,0.0,0.0
1.96,0,0,0.0,0,0,0.0,0,0,0.0,0,0,0.0,0,0,0.0,0,0,0.0,0,0,0.0,0,0,0.0,0,0,0.0,0,1,0,0,1,0.0,0,0,0.0,0,0,0.0,0,1,0.0,0,0,0.0,0,0,0.0,0,0,0.0,0,0,0.0,0.0,0.0,0.0,0.0,0.0,0.0
1.97,0,0,0.0,0,0,0.0,0,0,0.0,0,0,0.0,0,0,0.0,0,0,0.0,0,0,0.0,0,0,0.0,0,0,0.0,0,0,0,0,1,0.0,0,0,0.0,0,0,0.0,0,1,0.0,0,0,0.0,0,0,0.0,0,0,0.0,0,0,0.0,0.0,0.0,0.0,0.0,0.0,0.0
1.98,0,0,0.0,0,0,0.0,0,0,0.0,0,0,0.0,0,0,0.0,0,0,0.0,0,0,0.0,0,0,0.0,0,0,0.0,0,0,0,0,1,0.0,0,0,0.0,0,0,0.0,0,1,0.0,0,0,0.0,0,0,0.0,0,0,0.0,0,0,0.0,0.0,0.0,0.0,0.0,0.0,0.0
1.99,0,0,0.0,0,0,0.0,0,0,0.0,0,0,0.0,0,0,0.0,0,0,0.0,0,0,0.0,0,0,0.0,0,0,0.0,0,0,0,0,1,0.0,0,0,0.0,0,0,0.0,0,1,0.0,0,0,0.0,0,0,0.0,0,0,0.0,0,0,0.0,0.0,0.0,0.0,0.0,0.0,0.0
2.0,0,0,0.0,0,0,0.0,0,0,0.0,0,0,0.0,0,0,0.0,0,0,0.0,0,0,0.0,0,0,0.0,0,0,0.0,0,0,0,0,1,0.0,0,0,0.0,0,0,0.0,0,1,0.0,0,0,0.0,0,0,0.0,0,0,0.0,0,0,0.0,0.0,0.0,0.0,0.0,0.0,0.0
2.01,0,0,0.0,0,0,0.0,0,0,0.0,0,0,0.0,0,0,0.0,0,0,0.0,0,0,0.0,0,0,0.0,0,0,0.0,0,0,0,0,1,0.0,0,0,0.0,0,0,0.0,0,1,0.0,0,0,0.0,0,0,0.0,0,0,0.0,0,0,0.0,0.0,0.0,0.0,0.0,0.0,0.0
2.02,0,0,0.0,0,0,0.0,0,0,0.0,0,0,0.0,0,0,0.0,0,0,0.0,0,0,0.0,0,0,0.0,0,0,0.0,0,0,0,0,1,0.0,0,0,0.0,0,0,0.0,0,1,0.0,0,0,0.0,0,0,0.0,0,0,0.0,0,0,0.0,0.0,0.0,0.0,0.0,0.0,0.0
2.03,0,0,0.0,0,0,0.0,0,0,0.0,0,0,0.0,0,0,0.0,0,0,0.0,0,0,0.0,0,0,0.0,0,0,0.0,0,0,0,0,1,0.0,0,0,0.0,0,0,0.0,0,1,0.0,0,0,0.0,0,0,0.0,0,0,0.0,0,0,0.0,0.0,0.0,0.0,0.0,0.0,0.0
2.04,0,0,0.0,0,0,0.0,0,0,0.0,0,0,0.0,0,0,0.0,0,0,0.0,0,0,0.0,0,0,0.0,0,0,0.0,0,0,0,0,1,0.0,0,0,0.0,0,0,0.0,0,1,0.0,0,0,0.0,0,0,0.0,0,0,0.0,0,0,0.0,0.0,0.0,0.0,0.0,0.0,0.0
2.05,0,0,0.0,0,0,0.0,0,0,0.0,0,0,0.0,0,0,0.0,0,0,0.0,0,0,0.0,0,0,0.0,0,0,0.0,0,0,0,0,1,0.0,0,0,0.0,0,0,0.0,0,1,0.0,0,0,0.0,0,0,0.0,0,0,0.0,0,0,0.0,0.0,0.0,0.0,0.0,0.0,0.0
2.06,0,0,0.0,0,0,0.0,0,0,0.0,0,0,0.0,0,0,0.0,0,0,0.0,0,0,0.0,0,0,0.0,0,0,0.0,0,0,0,0,1,0.0,0,0,0.0,0,0,0.0,0,1,0.0,0,0,0.0,0,0,0.0,0,0,0.0,0,0,0.0,0.0,0.0,0.0,0.0,0.0,0.0
2.07,0,0,0.0,0,0,0.0,0,0,0.0,0,0,0.0,0,0,0.0,0,0,0.0,0,0,0.0,0,0,0.0,0,0,0.0,0,0,0,0,1,0.0,0,0,0.0,0,0,0.0,0,1,0.0,0,0,0.0,0,0,0.0,0,0,0.0,0,0,0.0,0.0,0.0,0.0,0.0,0.0,0.0
2.08,0,0,0.0,0,0,0.0,0,0,0.0,0,0,0.0,0,0,0.0,0,0,0.0,0,0,0.0,0,0,0.0,0,0,0.0,0,0,0,0,1,0.0,0,0,0.0,0,0,0.0,0,1,0.0,0,0,0.0,0,0,0.0,0,0,0.0,0,0,0.0,0.0,0.0,0.0,0.0,0.0,0.0
2.09,0,0,0.0,0,0,0.0,0,0,0.0,0,0,0.0,0,0,0.0,0,0,0.0,0,0,0.0,0,0,0.0,0,0,0.0,0,0,0,0,1,0.0,0,0,0.0,0,0,0.0,0,1,0.0,0,0,0.0,0,0,0.0,0,0,0.0,0,0,0.0,0.0,0.0,0.0,0.0,0.0,0.0
2.1,0,0,0.0,0,0,0.0,0,0,0.0,0,0,0.0,0,0,0.0,0,0,0.0,0,0,0.0,0,0,0.0,0,0,0.0,0,0,0,0,1,0.0,0,0,0.0,0,0,0.0,0,1,0.0,0,1,0.0,0,0,0.0,0,0,0.0,0,0,0.0,0.0,0.0,0.0,0.0,0.0,0.0
2.11,0,0,0.0,0,0,0.0,0,0,0.0,0,0,0.0,0,0,0.0,0,0,0.0,0,0,0.0,0,0,0.0,0,0,0.0,0,0,0,0,1,0.0,0,0,0.0,0,0,0.0,0,1,0.0,0,1,0.0,0,0,0.0,0,0,0.0,0,0,0.0,0.0,0.0,0.0,0.0,0.0,0.0
2.12,0,0,0.0,0,0,0.0,0,0,0.0,0,0,0.0,0,0,0.0,0,0,0.0,0,0,0.0,0,0,0.0,0,0,0.0,0,0,0,0,1,0.0,0,0,0.0,0,0,0.0,0,1,0.0,0,1,0.0,0,0,0.0,0,0,0.0,0,0,0.0,0.0,0.0,0.0,0.0,0.0,0.0
2.13,0,0,0.0,0,0,0.0,0,0,0.0,0,0,0.0,0,0,0.0,0,0,0.0,0,0,0.0,0,0,0.0,0,0,0.0,0,0,0,0,1,0.0,0,0,0.0,0,0,0.0,0,1,0.0,0,1,0.0,0,0,0.0,0,0,0.0,0,0,0.0,0.0,0.0,0.0,0.0,0.0,0.0
2.14,0,0,0.0,0,0,0.0,0,0,0.0,0,0,0.0,0,0,0.0,0,0,0.0,0,0,0.0,0,0,0.0,0,0,0.0,0,0,0,0,1,0.0,0,0,0.0,0,0,0.0,0,1,0.0,0,1,0.0,0,0,0.0,0,0,0.0,0,0,0.0,0.0,0.0,0.0,0.0,0.0,0.0
2.15,0,0,0.0,0,0,0.0,0,0,0.0,0,0,0.0,0,0,0.0,0,0,0.0,0,0,0.0,0,0,0.0,0,0,0.0,0,0,0,0,1,0.0,0,0,0.0,0,0,0.0,0,1,0.0,0,1,0.0,0,0,0.0,0,0,0.0,0,0,0.0,0.0,0.0,0.0,0.0,0.0,0.0
2.16,0,0,0.0,0,0,0.0,0,0,0.0,0,0,0.0,0,0,0.0,0,0,0.0,0,0,0.0,0,0,0.0,0,0,0.0,0,0,0,0,2,0.2124999999999997,0,0,0.0,0,0,0.0,0,1,0.0,0,1,0.0,0,0,0.0,0,0,0.0,0,0,0.0,0.0,0.0,0.0,0.0,0.0,0.0
2.17,0,0,0.0,0,0,0.0,0,0,0.0,0,0,0.0,0,0,0.0,0,0,0.0,0,0,0.0,0,0,0.0,0,0,0.0,0,0,0,0,2,0.20249999999999968,0,0,0.0,0,0,0.0,0,1,0.0,0,1,0.0,0,0,0.0,0,0,0.0,0,0,0.0,0.0,0.0,0.0,0.0,0.0,0.0
2.18,0,0,0.0,0,0,0.0,0,0,0.0,0,1,0.0,0,0,0.0,0,0,0.0,0,0,0.0,0,0,0.0,0,0,0.0,0,0,0,0,2,0.19249999999999967,0,0,0.0,0,0,0.0,0,1,0.0,0,1,0.0,0,0,0.0,0,0,0.0,0,0,0.0,0.0,0.0,0.0,0.0,0.0,0.0
2.19,0,0,0.0,0,0,0.0,0,0,0.0,0,1,0.0,0,0,0.0,0,0,0.0,0,0,0.0,0,0,0.0,0,0,0.0,0,0,0,0,2,0.18249999999999966,0,0,0.0,0,0,0.0,0,1,0.0,0,1,0.0,0,0,0.0,0,0,0.0,0,0,0.0,0.0,0.0,0.0,0.0,0.0,0.0
2.2,0,0,0.0,0,0,0.0,0,0,0.0,0,1,0.0,0,0,0.0,0,0,0.0,0,0,0.0,0,0,0.0,0,0,0.0,0,0,0,0,2,0.17249999999999965,0,0,0.0,0,0,0.0,0,1,0.0,0,1,0.0,0,0,0.0,0,0,0.0,0,0,0.0,0.0,0.0,0.0,0.0,0.0,0.0
2.21,0,0,0.0,0,0,0.0,0,0,0.0,0,1,0.0,0,0,0.0,0,0,0.0,0,0,0.0,0,0,0.0,0,0,0.0,0,0,0,0,2,0.16249999999999964,0,0,0.0,0,0,0.0,0,1,0.0,0,1,0.0,0,0,0.0,0,0,0.0,0,0,0.0,0.0,0.0,0.0,0.0,0.0,0.0
2.22,0,0,0.0,0,0,0.0,0,0,0.0,0,1,0.0,0,0,0.0,0,0,0.0,0,0,0.0,0,0,0.0,0,0,0.0,0,0,0,0,2,0.15249999999999964,0,0,0.0,0,0,0.0,0,1,0.0,0,1,0.0,0,0,0.0,0,0,0.0,0,0,0.0,0.0,0.0,0.0,0.0,0.0,0.0
2.23,0,0,0.0,0,0,0.0,0,0,0.0,0,2,0.12749999999999995,0,0,0.0,0,0,0.0,0,0,0.0,0,0,0.0,0,0,0.0,0,0,0,0,2,0.14249999999999963,0,0,0.0,0,0,0.0,0,1,0.0,0,1,0.0,0,0,0.0,0,0,0.0,0,0,0.0,0.0,0.0,0.0,0.0,0.0,0.0
2.24,0,0,0.0,0,0,0.0,0,0,0.0,0,2,0.11749999999999995,0,0,0.0,0,0,0.0,0,1,0.0,0,0,0.0,0,0,0.0,0,0,0,0,2,0.13249999999999962,0,0,0.0,0,0,0.0,0,1,0.0,0,1,0.0,0,0,0.0,0,0,0.0,0,0,0.0,0.0,0.0,0.0,0.0,0.0,0.0
2.25,0,0,0.0,0,0,0.0,0,0,0.0,0,2,0.10749999999999996,0,0,0.0,0,0,0.0,0,1,0.0,0,0,0.0,0,0,0.0,0,0,0,0,2,0.12249999999999962,0,0,0.0,0,0,0.0,0,1,0.0,0,1,0.0,0,0,0.0,0,0,0.0,0,0,0.0,0.0,0.0,0.0,0.0,0.0,0.0
2.26,0,0,0.0,0,0,0.0,0,0,0.0,0,2,0.09749999999999996,0,0,0.0,0,0,0.0,0,1,0.0,0,0,0.0,0,0,0.0,0,0,0,0,2,0.11249999999999963,0,0,0.0,0,0,0.0,0,1,0.0,0,0,0,0,0,0.0,0,0,0.0,0,0,0.0,0.0,0.0,0.0,0.0,0.0,0.0
2.27,0,0,0.0,0,0,0.0,0,0,0.0,0,2,0.08749999999999997,0,0,0.0,0,0,0.0,0,1,0.0,0,0,0.0,0,0,0.0,0,0,0,0,2,0.10249999999999963,0,0,0.0,0,0,0.0,0,1,0.0,0,0,0,0,0,0.0,0,0,0.0,0,0,0.0,0.0,0.0,0.0,0.0,0.0,0.0
2.28,0,0,0.0,0,0,0.0,0,0,0.0,0,2,0.07749999999999997,0,0,0.0,0,0,0.0,0,1,0.0,0,0,0.0,0,0,0.0,0,0,0,0,2,0.09249999999999964,0,0,0.0,0,0,0.0,0,1,0.0,0,0,0,0,0,0.0,0,0,0.0,0,0,0.0,0.0,0.0,0.0,0.0,0.0,0.0
2.29,0,0,0.0,0,0,0.0,0,0,0.0,0,2,0.06749999999999998,0,0,0.0,0,0,0.0,0,1,0.0,0,0,0.0,0,0,0.0,0,0,0,0,2,0.08249999999999964,0,0,0.0,0,0,0.0,0,1,0.0,0,0,0,0,0,0.0,0,0,0.0,0,0,0.0,0.0,0.0,0.0,0.0,0.0,0.0
2.3,0,0,0.0,0,0,0.0,0,0,0.0,0,2,0.057499999999999975,0,0,0.0,0,0,0.0,0,1,0.0,0,0,0.0,0,0,0.0,0,0,0,0,2,0.07249999999999965,0,0,0.0,0,0,0.0,0,1,0.0,0,0,0,0,0,0.0,0,0,0.0,0,0,0.0,0.0,0.0,0.0,0.0,0.0,0.0
2.31,0,0,0.0,0,0,0.0,0,0,0.0,0,2,0.04749999999999997,0,0,0.0,0,0,0.0,0,1,0.0,0,0,0.0,0,0,0.0,0,0,0,0,2,0.062499999999999646,0,0,0.0,0,0,0.0,0,1,0.0,0,0,0,0,0,0.0,0,0,0.0,0,0,0.0,0.0,0.0,0.0,0.0,0.0,0.0
2.32,0,0,0.0,0,0,0.0,0,0,0.0,0,2,0.03749999999999997,0,0,0.0,0,0,0.0,0,1,0.0,0,0,0.0,0,0,0.0,0,0,0,0,2,0.052499999999999644,0,0,0.0,0,0,0.0,0,1,0.0,0,0,0,0,0,0.0,0,0,0.0,0,0,0.0,0.0,0.0,0.0,0.0,0.0,0.0
2.33,0,0,0.0,0,0,0.0,0,0,0.0,0,2,0.02749999999999997,0,0,0.0,0,0,0.0,0,1,0.0,0,0,0.0,0,0,0.0,0,0,0,0,2,0.04249999999999964,0,0,0.0,0,0,0.0,0,1,0.0,0,0,0,0,0,0.0,0,0,0.0,0,0,0.0,0.0,0.0,0.0,0.0,0.0,0.0
2.34,0,0,0.0,0,0,0.0,0,0,0.0,0,2,0.017499999999999967,0,0,0.0,0,0,0.0,0,1,0.0,0,0,0.0,0,0,0.0,0,0,0,0,2,0.03249999999999964,0,0,0.0,0,0,0.0,0,1,0.0,0,0,0,0,0,0.0,0,0,0.0,0,0,0.0,0.0,0.0,0.0,0.0,0.0,0.0
2.35,0,0,0.0,0,0,0.0,0,0,0.0,0,2,0.007499999999999967,0,0,0.0,0,0,0.0,0,1,0.0,0,0,0.0,0,0,0.0,0,0,0,0,2,0.02249999999999964,0,0,0.0,0,0,0.0,0,1,0.0,0,0,0,0,0,0.0,0,0,0.0,0,0,0.0,0.0,0.0,0.0,0.0,0.0,0.0
2.36,0,0,0.0,0,0,0.0,0,0,0.0,0,1,0,0,0,0.0,0,0,0.0,0,1,0.0,0,0,0.0,0,0,0.0,0,0,0,0,2,0.012499999999999638,0,0,0.0,0,0,0.0,0,1,0.0,0,0,0,0,0,0.0,0,0,0.0,0,0,0.0,0.0,0.0,0.0,0.0,0.0,0.0
2.37,0,0,0.0,0,0,0.0,0,0,0.0,0,1,0,0,0,0.0,0,0,0.0,0,1,0.0,0,0,0.0,0,0,0.0,0,0,0,0,1,0,0,0,0.0,0,0,0.0,0,1,0.0,0,0,0,0,0,0.0,0,0,0.0,0,0,0.0,0.0,0.0,0.0,0.0,0.0,0.0
2.38,0,0,0.0,0,0,0.0,0,0,0.0,0,1,0,0,0,0.0,0,0,0.0,0,1,0.0,0,0,0.0,0,0,0.0,0,0,0,0,1,0,0,0,0.0,0,0,0.0,0,1,0.0,0,0,0,0,0,0.0,0,0,0.0,0,0,0.0,0.0,0.0,0.0,0.0,0.0,0.0
2.39,0,0,0.0,0,0,0.0,0,0,0.0,0,1,0,0,0,0.0,0,0,0.0,0,1,0.0,0,0,0.0,0,0,0.0,0,0,0,0,1,0,0,0,0.0,0,0,0.0,0,1,0.0,0,0,0,0,0,0.0,0,0,0.0,0,0,0.0,0.0,0.0,0.0,0.0,0.0,0.0
2.4,0,0,0.0,0,0,0.0,0,0,0.0,0,1,0,0,0,0.0,0,0,0.0,0,1,0.0,0,0,0.0,0,0,0.0,0,0,0,0,1,0,0,0,0.0,0,0,0.0,0,1,0.0,0,0,0,0,0,0.0,0,0,0.0,0,0,0.0,0.0,0.0,0.0,0.0,0.0,0.0
2.41,0,0,0.0,0,0,0.0,0,0,0.0,0,1,0,0,0,0.0,0,0,0.0,0,1,0.0,0,0,0.0,0,0,0.0,0,0,0,0,1,0,0,1,0.0,0,0,0.0,0,1,0.0,0,0,0,0,0,0.0,0,0,0.0,0,0,0.0,0.0,0.0,0.0,0.0,0.0,0.0
2.42,0,0,0.0,0,0,0.0,0,0,0.0,0,1,0,0,0,0.0,0,0,0.0,0,1,0.0,0,0,0.0,0,0,0.0,0,0,0,0,1,0,0,1,0.0,0,0,0.0,0,1,0.0,0,0,0,0,0,0.0,0,0,0.0,0,0,0.0,0.0,0.0,0.0,0.0,0.0,0.0
2.43,0,0,0.0,0,0,0.0,0,0,0.0,0,1,0,0,0,0.0,0,0,0.0,0,1,0.0,0,0,0.0,0,0,0.0,0,0,0,0,1,0,0,1,0.0,0,0,0.0,0,1,0.0,0,0,0,0,0,0.0,0,0,0.0,0,0,0.0,0.0,0.0,0.0,0.0,0.0,0.0
2.44,0,0,0.0,0,0,0.0,0,0,0.0,0,1,0,0,0,0.0,0,0,0.0,0,1,0.0,0,0,0.0,0,0,0.0,0,0,0,0,1,0,0,1,0.0,0,0,0.0,0,1,0.0,0,0,0,0,0,0.0,0,0,0.0,0,0,0.0,0.0,0.0,0.0,0.0,0.0,0.0
2.45,0,0,0.0,0,0,0.0,0,0,0.0,0,1,0,0,0,0.0,0,0,0.0,0,1,0.0,0,0,0.0,0,0,0.0,0,0,0,0,1,0,0,1,0.0,0,0,0.0,0,1,0.0,0,0,0,0,0,0.0,0,0,0.0,0,0,0.0,0.0,0.0,0.0,0.0,0.0,0.0
2.46,0,0,0.0,0,0,0.0,0,0,0.0,0,1,0,0,0,0.0,0,0,0.0,0,1,0.0,0,0,0.0,0,0,0.0,0,0,0,0,1,0,0,1,0.0,0,0,0.0,0,1,0.0,0,0,0,0,0,0.0,0,0,0.0,0,0,0.0,0.0,0.0,0.0,0.0,0.0,0.0
2.47,0,0,0.0,0,0,0.0,0,0,0.0,0,1,0,0,0,0.0,0,0,0.0,0,1,0.0,0,0,0.0,0,0,0.0,0,0,0,0,1,0,0,1,0.0,0,0,0.0,0,0,0,0,0,0,0,0,0.0,0,0,0.0,0,0,0.0,0.0,0.0,0.0,0.0,0.0,0.0
2.48,0,0,0.0,0,0,0.0,0,0,0.0,0,1,0,0,0,0.0,0,0,0.0,0,2,0.08124999999999967,0,0,0.0,0,0,0.0,0,0,0,0,1,0,0,1,0.0,0,0,0.0,0,0,0,0,0,0,0,0,0.0,0,0,0.0,0,0,0.0,0.0,0.0,0.0,0.0,0.0,0.0
2.49,0,0,0.0,0,0,0.0,0,0,0.0,0,1,0,0,0,0.0,0,0,0.0,0,2,0.07124999999999967,0,0,0.0,0,0,0.0,0,0,0,0,1,0,0,1,0.0,0,0,0.0,0,1,0.0,0,0,0,0,0,0.0,0,0,0.0,0,0,0.0,0.0,0.0,0.0,0.0,0.0,0.0
2.5,0,0,0.0,0,0,0.0,0,0,0.0,0,1,0,0,0,0.0,0,0,0.0,0,2,0.06124999999999967,0,0,0.0,0,0,0.0,0,0,0,0,1,0,0,1,0.0,0,0,0.0,0,1,0.0,0,0,0,0,0,0.0,0,0,0.0,0,0,0.0,0.0,0.0,0.0,0.0,0.0,0.0
2.51,0,0,0.0,0,0,0.0,0,0,0.0,0,0,0,0,0,0.0,0,0,0.0,0,2,0.05124999999999967,0,0,0.0,0,0,0.0,0,0,0,0,1,0,0,2,0.1962499999999998,0,0,0.0,0,1,0.0,0,0,0,0,0,0.0,0,0,0.0,0,0,0.0,0.0,0.0,0.0,0.0,0.0,0.0
2.52,0,0,0.0,0,0,0.0,0,0,0.0,0,1,0,0,0,0.0,0,0,0.0,0,2,0.04124999999999967,0,0,0.0,0,0,0.0,0,0,0,0,1,0,0,2,0.1862499999999998,0,0,0.0,0,1,0.0,0,1,0.0,0,0,0.0,0,0,0.0,0,0,0.0,0.0,0.0,0.0,0.0,0.0,0.0
2.53,0,0,0.0,0,0,0.0,0,0,0.0,0,1,0,0,0,0.0,0,0,0.0,0,2,0.031249999999999667,0,0,0.0,0,0,0.0,0,0,0,0,1,0,0,2,0.1762499999999998,0,0,0.0,0,1,0.0,0,1,0.0,0,0,0.0,0,0,0.0,0,0,0.0,0.0,0.0,0.0,0.0,0.0,0.0
2.54,0,0,0.0,0,0,0.0,0,0,0.0,0,1,0,0,0,0.0,0,0,0.0,0,2,0.021249999999999665,0,0,0.0,0,0,0.0,0,0,0,0,1,0,0,2,0.1662499999999998,0,0,0.0,0,1,0.0,0,2,0.1837500000000002,0,0,0.0,0,0,0.0,0,0,0.0,0.0,0.0,0.0,0.0,0.0,0.0
2.55,0,0,0.0,0,0,0.0,0,0,0.0,0,1,0,0,0,0.0,0,0,0.0,0,2,0.011249999999999665,0,0,0.0,0,0,0.0,0,0,0,0,1,0,0,2,0.15624999999999978,0,0,0.0,0,1,0.0,0,2,0.17375000000000018,0,0,0.0,0,0,0.0,0,0,0.0,0.0,0.0,0.0,0.0,0.0,0.0
2.56,0,0,0.0,0,0,0.0,0,0,0.0,0,1,0,0,0,0.0,0,0,0.0,0,1,0,0,0,0.0,0,0,0.0,0,0,0,0,1,0,0,2,0.14624999999999977,0,0,0.0,0,1,0.0,0,2,0.16375000000000017,0,1,0.0,0,0,0.0,0,0,0.0,0.0,0.0,0.0,0.0,0.0,0.0
2.57,0,0,0.0,0,0,0.0,0,0,0.0,0,1,0,0,0,0.0,0,0,0.0,0,1,0,0,0,0.0,0,0,0.0,0,0,0,0,1,0,0,2,0.13624999999999976,0,0,0.0,0,1,0.0,0,2,0.15375000000000016,0,1,0.0,0,0,0.0,0,0,0.0,0.0,0.0,0.0,0.0,0.0,0.0
2.58,0,0,0.0,0,0,0.0,0,0,0.0,0,1,0,0,0,0.0,0,0,0.0,0,1,0,0,0,0.0,0,0,0.0,0,0,0,0,1,0,0,2,0.12624999999999975,0,0,0.0,0,1,0.0,0,2,0.14375000000000016,0,1,0.0,0,0,0.0,0,0,0.0,0.0,0.0,0.0,0.0,0.0,0.0
2.59,0,0,0.0,0,0,0.0,0,0,0.0,0,1,0,0,0,0.0,0,0,0.0,0,1,0,0,0,0.0,0,0,0.0,0,0,0,0,1,0,0,2,0.11624999999999976,0,0,0.0,0,1,0.0,0,2,0.13375000000000015,0,1,0.0,0,0,0.0,0,0,0.0,0.0,0.0,0.0,0.0,0.0,0.0
2.6,0,0,0.0,0,0,0.0,0,0,0.0,0,1,0,0,0,0.0,0,0,0.0,0,1,0,0,0,0.0,0,0,0.0,0,0,0,0,1,0,0,2,0.10624999999999976,0,0,0.0,0,1,0.0,0,2,0.12375000000000015,0,1,0.0,0,0,0.0,0,0,0.0,0.0,0.0,0.0,0.0,0.0,0.0
2.61,0,0,0.0,0,0,0.0,0,0,0.0,0,1,0,0,0,0.0,0,0,0.0,0,1,0,0,1,0.0,0,0,0.0,0,0,0,0,0,0,0,2,0.09624999999999977,0,0,0.0,0,1,0.0,0,2,0.11375000000000016,0,2,0.2024999999999999,0,0,0.0,0,0,0.0,0.0,0.0,0.0,0.0,0.0,0.0
2.62,0,0,0.0,0,0,0.0,0,0,0.0,0,1,0,0,0,0.0,0,0,0.0,0,1,0,0,1,0.0,0,0,0.0,0,0,0,0,0,0,0,2,0.08624999999999977,0,0,0.0,0,1,0.0,0,2,0.10375000000000016,0,2,0.1924999999999999,0,0,0.0,0,0,0.0,0.0,0.0,0.0,0.0,0.0,0.0
2.63,0,0,0.0,0,0,0.0,0,0,0.0,0,1,0,0,0,0.0,0,0,0.0,0,0,0,0,1,0.0,0,0,0.0,0,0,0,0,0,0,0,2,0.07624999999999978,0,0,0.0,0,1,0.0,0,2,0.09375000000000017,0,2,0.18249999999999988,0,0,0.0,0,0,0.0,0.0,0.0,0.0,0.0,0.0,0.0
2.64,0,0,0.0,0,0,0.0,0,0,0.0,0,1,0,0,0,0.0,0,0,0.0,0,0,0,0,1,0.0,0,0,0.0,0,0,0,0,0,0,0,2,0.06624999999999978,0,0,0.0,0,1,0.0,0,2,0.08375000000000017,0,2,0.17249999999999988,0,0,0.0,0,0,0.0,0.0,0.0,0.0,0.0,0.0,0.0
2.65,0,0,0.0,0,0,0.0,0,0,0.0,0,1,0,0,0,0.0,0,0,0.0,0,0,0,0,1,0.0,0,0,0.0,0,0,0,0,0,0,0,2,0.05624999999999978,0,0,0.0,0,1,0.0,1,2,0.17874999999999996,0,2,0.16249999999999987,0,0,0.0,0,0,0.0,0.0,0.0,0.0,0.0,0.0,0.0
2.66,0,0,0.0,0,0,0.0,0,0,0.0,0,1,0,0,0,0.0,0,0,0.0,0,0,0,0,1,0.0,0,0,0.0,0,0,0,0,0,0,0,2,0.04624999999999978,0,0,0.0,0,1,0.0,1,2,0.16874999999999996,0,2,0.15249999999999986,0,0,0.0,0,0,0.0,0.0,0.0,0.0,0.0,0.0,0.0
2.67,0,0,0.0,0,0,0.0,0,0,0.0,0,1,0,0,0,0.0,0,0,0.0,0,0,0,0,1,0.0,0,0,0.0,0,0,0,0,0,0,0,2,0.036249999999999775,0,0,0.0,0,1,0.0,1,2,0.15874999999999995,0,2,0.14249999999999985,0,0,0.0,0,0,0.0,0.0,0.0,0.0,0.0,0.0,0.0
2.68,0,0,0.0,0,0,0.0,0,0,0.0,0,1,0,0,0,0.0,0,0,0.0,0,1,0,0,1,0.0,0,0,0.0,0,0,0,0,0,0,0,2,0.026249999999999774,0,0,0.0,0,1,0.0,1,2,0.14874999999999994,0,2,0.13249999999999984,0,0,0.0,0,0,0.0,0.0,0.0,0.0,0.0,0.0,0.0
2.69,0,0,0.0,0,0,0.0,0,0,0.0,0,1,0,0,0,0.0,0,0,0.0,0,1,0,0,1,0.0,0,0,0.0,0,0,0,0,0,0,0,2,0.01624999999999977,0,0,0.0,0,1,0.0,1,2,0.13874999999999993,0,2,0.12249999999999985,0,0,0.0,0,0,0.0,0.0,0.0,0.0,0.0,0.0,0.0
2.7,0,0,0.0,0,0,0.0,0,0,0.0,0,1,0,0,0,0.0,0,0,0.0,0,1,0,0,1,0.0,0,0,0.0,0,0,0,0,0,0,0,2,0.006249999999999771,0,0,0.0,0,1,0.0,1,2,0.12874999999999992,0,2,0.11249999999999985,0,0,0.0,0,0,0.0,0.0,0.0,0.0,0.0,0.0,0.0
2.71,0,0,0.0,0,0,0.0,0,0,0.0,0,2,0.22750000000000004,0,0,0.0,0,0,0.0,0,1,0,0,1,0.0,0,0,0.0,0,0,0,0,0,0,0,1,0,0,0,0.0,0,1,0.0,1,2,0.11874999999999993,0,2,0.10249999999999986,0,0,0.0,0,0,0.0,0.0,0.0,0.0,0.0,0.0,0.0
2.72,0,0,0.0,0,0,0.0,0,0,0.0,0,2,0.21750000000000003,0,0,0.0,0,0,0.0,0,1,0,0,1,0.0,0,0,0.0,0,0,0,0,0,0,0,1,0,0,0,0.0,0,1,0.0,2,1,0.5524999999999998,0,2,0.09249999999999986,0,0,0.0,0,0,0.0,0.0,0.0,0.0,0.0,0.0,0.0
2.73,0,0,0.0,0,0,0.0,0,0,0.0,0,2,0.20750000000000002,0,0,0.0,0,0,0.0,0,1,0,0,1,0.0,0,0,0.0,0,0,0,0,0,0,0,1,0,0,0,0.0,0,2,0.1999999999999995,1,2,0.5424999999999998,0,2,0.08249999999999987,0,0,0.0,0,0,0.0,0.0,0.0,0.0,0.0,0.0,0.0
2.74,0,0,0.0,0,0,0.0,0,0,0.0,0,2,0.1975,0,0,0.0,0,0,0.0,0,1,0,0,1,0.0,0,0,0.0,0,0,0,0,0,0,0,1,0,0,0,0.0,0,2,0.1899999999999995,1,2,0.5324999999999998,0,2,0.07249999999999987,0,0,0.0,0,0,0.0,0.0,0.0,0.0,0.0,0.0,0.0
2.75,0,0,0.0,0,0,0.0,0,0,0.0,0,2,0.1875,0,0,0.0,0,0,0.0,0,1,0,0,1,0.0,0,0,0.0,0,0,0,0,0,0,0,1,0,0,0,0.0,0,2,0.1799999999999995,1,2,0.5224999999999997,0,2,0.06249999999999987,0,0,0.0,0,0,0.0,0.0,0.0,0.0,0.0,0.0,0.0
2.76,0,0,0.0,0,0,0.0,0,0,0.0,0,2,0.1775,0,0,0.0,0,0,0.0,0,1,0,0,1,0.0,0,0,0.0,0,0,0,0,0,0,0,1,0,0,0,0.0,0,2,0.16999999999999948,1,2,0.5124999999999997,0,2,0.052499999999999866,0,0,0.0,0,0,0.0,0.0,0.0,0.0,0.0,0.0,0.0
2.77,0,0,0.0,0,0,0.0,0,0,0.0,0,2,0.16749999999999998,0,0,0.0,0,0,0.0,0,1,0,0,1,0.0,0,0,0.0,0,0,0,0,0,0,0,1,0,0,0,0.0,0,2,0.15999999999999948,1,2,0.5024999999999997,0,2,0.042499999999999864,0,0,0.0,0,0,0.0,0.0,0.0,0.0,0.0,0.0,0.0
2.78,0,0,0.0,0,0,0.0,0,0,0.0,0,2,0.15749999999999997,0,0,0.0,0,0,0.0,0,1,0,0,1,0.0,0,0,0.0,0,0,0,0,0,0,0,1,0,0,0,0.0,0,2,0.14999999999999947,1,2,0.4924999999999997,0,2,0.03249999999999986,0,0,0.0,0,0,0.0,0.0,0.0,0.0,0.0,0.0,0.0
2.79,0,0,0.0,0,0,0.0,0,0,0.0,0,2,0.14749999999999996,0,0,0.0,0,0,0.0,0,1,0,0,1,0.0,0,0,0.0,0,0,0,0,0,0,0,1,0,0,0,0.0,0,2,0.13999999999999946,1,2,0.4824999999999997,0,2,0.02249999999999986,0,0,0.0,0,0,0.0,0.0,0.0,0.0,0.0,0.0,0.0
2.8,0,0,0.0,0,0,0.0,0,0,0.0,0,2,0.13749999999999996,0,0,0.0,0,0,0.0,0,1,0,0,1,0.0,0,0,0.0,0,0,0,0,0,0,0,1,0,0,0,0.0,0,2,0.12999999999999945,1,2,0.4724999999999997,1,2,0.2562499999999994,0,0,0.0,0,0,0.0,0.0,0.0,0.0,0.0,0.0,0.0
2.81,0,0,0.0,0,0,0.0,0,0,0.0,0,2,0.12749999999999995,0,0,0.0,0,0,0.0,0,1,0,0,1,0.0,0,0,0.0,0,0,0,0,0,0,0,1,0,0,0,0.0,0,2,0.11999999999999945,1,2,0.4624999999999997,1,1,0.2462499999999994,0,0,0.0,0,0,0.0,0.0,0.0,0.0,0.0,0.0,0.0
2.82,0,0,0.0,0,0,0.0,0,0,0.0,0,2,0.11749999999999995,0,0,0.0,0,0,0.0,0,1,0,0,1,0.0,0,0,0.0,0,0,0,0,0,0,0,1,0,0,0,0.0,0,2,0.10999999999999946,1,2,0.4524999999999997,0,2,0.2362499999999994,0,0,0.0,0,0,0.0,0.0,0.0,0.0,0.0,0.0,0.0
2.83,0,0,0.0,0,0,0.0,0,0,0.0,0,2,0.10749999999999996,0,0,0.0,0,0,0.0,0,1,0,0,1,0.0,0,0,0.0,0,0,0,0,0,0,0,1,0,0,0,0.0,0,2,0.09999999999999946,1,1,0.44249999999999967,0,2,0.2262499999999994,0,0,0.0,0,0,0.0,0.0,0.0,0.0,0.0,0.0,0.0
2.84,0,0,0.0,0,0,0.0,0,0,0.0,0,2,0.09749999999999996,0,0,0.0,0,0,0.0,0,1,0,0,1,0.0,0,0,0.0,0,0,0,0,0,0,0,1,0,0,0,0.0,0,2,0.08999999999999947,0,2,0.43249999999999966,0,2,0.2162499999999994,0,0,0.0,0,0,0.0,0.0,0.0,0.0,0.0,0.0,0.0
2.85,0,0,0.0,0,0,0.0,0,0,0.0,0,2,0.08749999999999997,0,0,0.0,0,0,0.0,0,1,0,0,1,0.0,0,0,0.0,0,0,0,0,0,0,0,1,0,0,0,0.0,0,2,0.07999999999999947,0,2,0.42249999999999965,0,2,0.20624999999999938,0,0,0.0,0,0,0.0,0.0,0.0,0.0,0.0,0.0,0.0
2.86,0,0,0.0,0,0,0.0,0,0,0.0,0,2,0.07749999999999997,0,0,0.0,0,0,0.0,0,1,0,0,1,0.0,0,0,0.0,0,0,0,0,0,0,0,1,0,0,0,0.0,0,2,0.06999999999999948,0,2,0.41249999999999964,0,2,0.19624999999999937,0,0,0.0,0,0,0.0,0.0,0.0,0.0,0.0,0.0,0.0
2.87,0,0,0.0,0,0,0.0,0,0,0.0,0,2,0.06749999999999998,0,0,0.0,0,0,0.0,0,1,0,0,1,0.0,0,0,0.0,0,0,0,0,0,0,0,1,0,0,0,0.0,0,2,0.05999999999999948,0,2,0.40249999999999964,0,2,0.18624999999999936,0,0,0.0,0,0,0.0,0.0,0.0,0.0,0.0,0.0,0.0
2.88,0,0,0.0,0,0,0.0,0,0,0.0,0,2,0.057499999999999975,0,0,0.0,0,0,0.0,0,1,0,0,1,0.0,0,0,0.0,0,0,0,0,0,0,0,1,0,0,0,0.0,0,2,0.049999999999999475,0,2,0.3924999999999996,0,2,0.17624999999999935,0,0,0.0,0,0,0.0,0.0,0.0,0.0,0.0,0.0,0.0
2.89,0,0,0.0,0,0,0.0,0,0,0.0,0,2,0.04749999999999997,0,0,0.0,0,0,0.0,0,1,0,0,1,0.0,0,0,0.0,0,0,0,0,0,0,0,1,0,0,0,0.0,0,2,0.039999999999999473,0,2,0.3824999999999996,0,2,0.16624999999999934,0,0,0.0,0,0,0.0,0.0,0.0,0.0,0.0,0.0,0.0
2.9,0,0,0.0,0,0,0.0,0,0,0.0,0,2,0.03749999999999997,0,0,0.0,0,0,0.0,0,1,0,0,1,0.0,0,0,0.0,0,0,0,0,0,0,0,1,0,0,0,0.0,0,2,0.02999999999999947,0,2,0.3724999999999996,0,2,0.15624999999999933,0,0,0.0,0,0,0.0,0.0,0.0,0.0,0.0,0.0,0.0
2.91,0,0,0.0,0,0,0.0,0,0,0.0,0,2,0.02749999999999997,0,0,0.0,0,0,0.0,0,1,0,0,1,0.0,0,0,0.0,0,0,0,0,0,0,0,1,0,0,0,0.0,0,2,0.01999999999999947,0,2,0.3624999999999996,0,2,0.14624999999999932,0,0,0.0,0,0,0.0,0.0,0.0,0.0,0.0,0.0,0.0
2.92,0,0,0.0,0,0,0.0,0,0,0.0,0,2,0.017499999999999967,0,0,0.0,0,0,0.0,0,1,0,0,1,0.0,0,0,0.0,0,0,0,0,0,0,0,1,0,0,0,0.0,0,2,0.00999999999999947,0,2,0.3524999999999996,0,2,0.13624999999999932,0,0,0.0,0,0,0.0,0.0,0.0,0.0,0.0,0.0,0.0
2.93,0,0,0.0,0,0,0.0,0,0,0.0,0,2,0.007499999999999967,0,0,0.0,0,0,0.0,0,1,0,0,1,0.0,0,0,0.0,0,0,0,0,0,0,0,1,0,0,0,0.0,0,1,0,0,2,0.3424999999999996,0,2,0.1262499999999993,0,0,0.0,0,0,0.0,0.0,0.0,0.0,0.0,0.0,0.0
2.94,0,0,0.0,0,0,0.0,0,0,0.0,0,1,0,0,0,0.0,0,0,0.0,0,1,0,0,1,0.0,0,1,0.0,0,0,0,0,0,0,0,1,0,0,0,0.0,0,1,0,0,2,0.3324999999999996,0,2,0.11624999999999931,0,0,0.0,0,0,0.0,0.0,0.0,0.0,0.0,0.0,0.0
2.95,0,0,0.0,0,0,0.0,0,0,0.0,0,1,0,0,0,0.0,0,0,0.0,0,1,0,0,1,0.0,0,1,0.0,0,0,0,0,0,0,0,1,0,0,0,0.0,0,1,0,0,2,0.32249999999999956,1,2,0.19374999999999987,0,0,0.0,0,0,0.0,0.0,0.0,0.0,0.0,0.0,0.0
2.96,0,0,0.0,0,0,0.0,0,0,0.0,0,1,0,0,0,0.0,0,0,0.0,0,1,0,0,2,0.2337499999999999,0,1,0.0,0,0,0,0,0,0,0,1,0,0,0,0.0,0,1,0,0,2,0.31249999999999956,1,2,0.18374999999999986,0,0,0.0,0,0,0.0,0.0,0.0,0.0,0.0,0.0,0.0
2.97,0,0,0.0,0,0,0.0,0,0,0.0,0,1,0,0,0,0.0,0,0,0.0,0,1,0,0,2,0.2237499999999999,0,1,0.0,0,0,0,0,0,0,0,1,0,0,0,0.0,0,1,0,0,2,0.30249999999999955,1,2,0.17374999999999985,0,0,0.0,0,0,0.0,0.0,0.0,0.0,0.0,0.0,0.0
2.98,0,0,0.0,0,0,0.0,0,0,0.0,0,1,0,0,0,0.0,0,0,0.0,0,1,0,0,2,0.21374999999999988,0,1,0.0,0,0,0,0,0,0,0,1,0,0,0,0.0,0,1,0,0,2,0.29249999999999954,1,2,0.16374999999999984,0,0,0.0,0,0,0.0,0.0,0.0,0.0,0.0,0.0,0.0
2.99,0,0,0.0,0,0,0.0,0,0,0.0,0,1,0,0,0,0.0,0,0,0.0,0,1,0,0,2,0.20374999999999988,0,1,0.0,0,0,0,0,0,0,0,1,0,0,0,0.0,0,1,0,0,2,0.28249999999999953,1,2,0.15374999999999983,0,0,0.0,0,0,0.0,0.0,0.0,0.0,0.0,0.0,0.0
3.0,0,0,0.0,0,0,0.0,0,0,0.0,0,1,0,0,0,0.0,0,0,0.0,0,1,0,0,2,0.19374999999999987,0,1,0.0,0,0,0,0,0,0,0,1,0,0,0,0.0,0,1,0,0,2,0.2724999999999995,1,2,0.14374999999999982,0,0,0.0,0,0,0.0,0.0,0.0,0.0,0.0,0.0,0.0
3.01,0,0,0.0,0,0,0.0,0,0,0.0,0,1,0,0,0,0.0,0,0,0.0,0,1,0,0,2,0.18374999999999986,0,1,0.0,0,0,0,0,0,0,0,1,0,0,0,0.0,0,1,0,0,2,0.2624999999999995,1,2,0.1337499999999998,0,0,0.0,0,0,0.0,0.0,0.0,0.0,0.0,0.0,0.0
3.02,0,0,0.0,0,0,0.0,0,0,0.0,0,1,0,0,0,0.0,0,0,0.0,0,1,0,0,2,0.17374999999999985,0,1,0.0,0,0,0,0,0,0,0,1,0,0,0,0.0,0,1,0,0,2,0.2524999999999995,1,2,0.12374999999999982,0,0,0.0,0,0,0.0,0.0,0.0,0.0,0.0,0.0,0.0
3.03,0,0,0.0,0,0,0.0,0,0,0.0,0,1,0,0,0,0.0,0,0,0.0,0,1,0,0,2,0.16374999999999984,0,1,0.0,0,0,0,0,0,0,0,0,0,0,0,0.0,0,1,0,0,2,0.2424999999999995,1,2,0.11374999999999982,0,0,0.0,0,0,0.0,0.0,0.0,0.0,0.0,0.0,0.0
3.04,0,0,0.0,0,0,0.0,0,0,0.0,0,1,0,0,0,0.0,0,0,0.0,0,1,0,0,2,0.15374999999999983,0,1,0.0,0,0,0,0,0,0,0,0,0,0,0,0.0,0,1,0,0,2,0.23249999999999948,1,2,0.10374999999999983,0,0,0.0,0,0,0.0,0.0,0.0,0.0,0.0,0.0,0.0
3.05,0,0,0.0,0,0,0.0,0,0,0.0,0,2,0.2224999999999996,0,0,0.0,0,0,0.0,0,1,0,0,2,0.14374999999999982,0,1,0.0,0,0,0,0,0,0,0,0,0,0,0,0.0,0,1,0,0,2,0.22249999999999948,1,2,0.09374999999999983,0,0,0.0,0,0,0.0,0.0,0.0,0.0,0.0,0.0,0.0
3.06,0,0,0.0,0,0,0.0,0,0,0.0,0,2,0.21249999999999958,0,0,0.0,0,0,0.0,0,1,0,0,2,0.1337499999999998,0,1,0.0,0,0,0,0,0,0,0,0,0,0,0,0.0,0,1,0,0,2,0.21249999999999947,1,1,0.08374999999999984,0,0,0.0,0,0,0.0,0.0,0.0,0.0,0.0,0.0,0.0
3.07,0,0,0.0,0,0,0.0,0,0,0.0,0,2,0.20249999999999957,0,0,0.0,0,0,0.0,0,1,0,0,2,0.12374999999999982,0,1,0.0,0,0,0,0,0,0,0,0,0,0,0,0.0,0,1,0,0,2,0.20249999999999946,0,2,0.07374999999999984,0,0,0.0,0,0,0.0,0.0,0.0,0.0,0.0,0.0,0.0
3.08,0,0,0.0,0,0,0.0,0,0,0.0,0,2,0.19249999999999956,0,0,0.0,0,0,0.0,0,1,0,0,2,0.11374999999999982,0,1,0.0,0,0,0,0,0,0,0,0,0,0,0,0.0,0,1,0,0,2,0.19249999999999945,0,2,0.06374999999999985,0,0,0.0,0,0,0.0,0.0,0.0,0.0,0.0,0.0,0.0
3.09,0,0,0.0,0,0,0.0,0,0,0.0,0,2,0.18249999999999955,0,0,0.0,0,0,0.0,0,1,0,0,2,0.10374999999999983,0,1,0.0,0,0,0,0,0,0,0,0,0,0,0,0.0,0,1,0,0,2,0.18249999999999944,0,2,0.053749999999999847,0,0,0.0,0,0,0.0,0.0,0.0,0.0,0.0,0.0,0.0
3.1,0,0,0.0,0,0,0.0,0,0,0.0,0,2,0.17249999999999954,0,0,0.0,0,0,0.0,0,1,0,0,2,0.09374999999999983,0,1,0.0,0,0,0,0,0,0,0,0,0,0,0,0.0,0,1,0,0,2,0.17249999999999943,0,2,0.043749999999999845,0,0,0.0,0,0,0.0,0.0,0.0,0.0,0.0,0.0,0.0
3.11,0,0,0.0,0,0,0.0,0,0,0.0,0,2,0.16249999999999953,0,0,0.0,0,0,0.0,0,1,0,0,2,0.08374999999999984,0,1,0.0,0,0,0,0,0,0,0,0,0,0,0,0.0,0,1,0,0,2,0.16249999999999942,0,2,0.03374999999999984,0,0,0.0,0,0,0.0,0.0,0.0,0.0,0.0,0.0,0.0
3.12,0,0,0.0,0,0,0.0,0,0,0.0,0,2,0.15249999999999952,0,0,0.0,0,0,0.0,0,1,0,0,2,0.07374999999999984,0,1,0.0,0,0,0,0,0,0,0,0,0,0,0,0.0,0,1,0,0,2,0.1524999999999994,0,2,0.02374999999999984,0,0,0.0,0,0,0.0,0.0,0.0,0.0,0.0,0.0,0.0
3.13,0,0,0.0,0,0,0.0,0,0,0.0,0,2,0.14249999999999952,0,0,0.0,0,0,0.0,0,1,0,0,2,0.06374999999999985,0,1,0.0,0,0,0,0,0,0,0,0,0,0,0,0.0,0,1,0,0,2,0.1424999999999994,0,2,0.01374999999999984,0,0,0.0,0,0,0.0,0.0,0.0,0.0,0.0,0.0,0.0
3.14,0,0,0.0,0,0,0.0,0,0,0.0,0,2,0.1324999999999995,0,0,0.0,0,0,0.0,0,1,0,0,2,0.053749999999999847,0,1,0.0,0,0,0,0,0,0,0,0,0,0,0,0.0,0,1,0,0,2,0.1324999999999994,0,1,0,0,0,0.0,0,0,0.0,0.0,0.0,0.0,0.0,0.0,0.0
3.15,0,0,0.0,0,0,0.0,0,0,0.0,0,2,0.12249999999999951,0,0,0.0,0,0,0.0,0,1,0,0,2,0.043749999999999845,0,1,0.0,0,0,0,0,0,0,0,0,0,0,0,0.0,0,1,0,1,2,0.16749999999999976,0,1,0,0,0,0.0,0,0,0.0,0.0,0.0,0.0,0.0,0.0,0.0
3.16,0,0,0.0,0,0,0.0,0,0,0.0,0,2,0.11249999999999952,0,0,0.0,0,0,0.0,0,1,0,0,2,0.03374999999999984,0,1,0.0,0,0,0,0,0,0,0,0,0,0,0,0.0,0,1,0,1,2,0.15749999999999975,0,1,0,0,0,0.0,0,0,0.0,0.0,0.0,0.0,0.0,0.0,0.0
3.17,0,0,0.0,0,0,0.0,0,0,0.0,0,2,0.10249999999999952,0,0,0.0,0,0,0.0,0,1,0,0,2,0.02374999999999984,0,1,0.0,0,0,0,0,0,0,0,0,0,0,0,0.0,0,1,0,1,2,0.14749999999999974,0,1,0,0,0,0.0,0,0,0.0,0.0,0.0,0.0,0.0,0.0,0.0
3.18,0,0,0.0,0,0,0.0,0,0,0.0,0,2,0.09249999999999953,0,0,0.0,0,0,0.0,0,1,0,0,2,0.01374999999999984,0,1,0.0,0,0,0,0,0,0,0,0,0,0,0,0.0,0,1,0,1,2,0.13749999999999973,0,2,0.2024999999999999,0,0,0.0,0,0,0.0,0.0,0.0,0.0,0.0,0.0,0.0
3.19,0,0,0.0,0,0,0.0,0,0,0.0,0,2,0.08249999999999953,0,0,0.0,0,0,0.0,0,1,0,0,1,0,0,1,0.0,0,0,0,0,0,0,0,0,0,0,0,0.0,0,1,0,1,2,0.12749999999999972,0,2,0.1924999999999999,0,0,0.0,0,0,0.0,0.0,0.0,0.0,0.0,0.0,0.0
3.2,0,0,0.0,0,0,0.0,0,0,0.0,0,2,0.07249999999999954,0,0,0.0,0,0,0.0,0,1,0,0,1,0,0,0,0,0,0,0,0,0,0,0,0,0,0,0,0.0,0,1,0,1,2,0.11749999999999973,0,2,0.18249999999999988,0,0,0.0,0,0,0.0,0.0,0.0,0.0,0.0,0.0,0.0
3.21,0,0,0.0,0,0,0.0,0,0,0.0,0,2,0.062499999999999535,0,0,0.0,0,0,0.0,0,1,0,0,1,0,0,0,0,0,0,0,0,0,0,0,0,0,0,0,0.0,0,1,0,1,2,0.10749999999999973,0,2,0.17249999999999988,0,0,0.0,0,0,0.0,0.0,0.0,0.0,0.0,0.0,0.0
3.22,0,0,0.0,0,0,0.0,0,0,0.0,0,2,0.05249999999999953,0,0,0.0,0,0,0.0,0,1,0,0,1,0,0,0,0,0,0,0,0,0,0,0,0,0,0,0,0.0,0,1,0,1,2,0.09749999999999974,0,2,0.16249999999999987,0,0,0.0,0,0,0.0,0.0,0.0,0.0,0.0,0.0,0.0
3.23,0,0,0.0,0,0,0.0,0,0,0.0,0,2,0.04249999999999953,0,0,0.0,0,0,0.0,0,1,0,0,2,0.30874999999999986,0,0,0,0,0,0,0,0,0,0,0,0,0,0,0.0,0,1,0,1,2,0.08749999999999974,0,2,0.15249999999999986,0,0,0.0,0,0,0.0,0.0,0.0,0.0,0.0,0.0,0.0
3.24,0,0,0.0,0,0,0.0,0,0,0.0,0,2,0.03249999999999953,0,0,0.0,0,0,0.0,0,1,0,0,2,0.29874999999999985,0,0,0,0,0,0,0,0,0,0,0,0,0,0,0.0,0,1,0,1,2,0.07749999999999975,0,2,0.14249999999999985,0,0,0.0,0,0,0.0,0.0,0.0,0.0,0.0,0.0,0.0
3.25,0,0,0.0,0,0,0.0,0,0,0.0,0,2,0.022499999999999527,0,0,0.0,0,0,0.0,0,1,0,0,2,0.28874999999999984,0,0,0,0,0,0,0,0,0,0,0,0,0,0,0.0,0,1,0,1,2,0.06749999999999975,0,2,0.13249999999999984,0,0,0.0,0,0,0.0,0.0,0.0,0.0,0.0,0.0,0.0
3.26,0,0,0.0,0,0,0.0,0,0,0.0,0,2,0.012499999999999527,0,0,0.0,0,0,0.0,0,1,0,0,2,0.27874999999999983,0,0,0,0,0,0,0,0,0,0,0,0,0,0,0.0,0,1,0,1,2,0.05749999999999975,0,2,0.12249999999999985,0,0,0.0,0,0,0.0,0.0,0.0,0.0,0.0,0.0,0.0
3.27,0,0,0.0,0,0,0.0,0,0,0.0,0,1,0,0,0,0.0,0,0,0.0,0,1,0,0,2,0.2687499999999998,0,0,0,0,0,0,0,0,0,0,0,0,0,0,0.0,0,1,0,1,1,0.04749999999999975,0,2,0.11249999999999985,0,0,0.0,0,0,0.0,0.0,0.0,0.0,0.0,0.0,0.0
3.28,0,0,0.0,0,0,0.0,0,0,0.0,0,1,0,0,0,0.0,0,0,0.0,0,1,0,0,2,0.2587499999999998,0,0,0,0,0,0,0,0,0,0,0,0,0,0,0.0,0,1,0,0,2,0.03749999999999975,0,2,0.10249999999999986,0,0,0.0,0,0,0.0,0.0,0.0,0.0,0.0,0.0,0.0
3.29,0,0,0.0,0,0,0.0,0,0,0.0,0,1,0,0,0,0.0,0,0,0.0,0,1,0,0,2,0.2487499999999998,0,0,0,0,0,0,0,0,0,0,0,0,0,0,0.0,0,1,0,0,2,0.027499999999999747,1,2,0.2974999999999992,0,0,0.0,0,0,0.0,0.0,0.0,0.0,0.0,0.0,0.0
3.3,0,0,0.0,0,0,0.0,0,0,0.0,0,0,0,0,0,0.0,0,0,0.0,0,1,0,0,2,0.2387499999999998,0,1,0.0,0,0,0,0,0,0,0,0,0,0,0,0.0,0,1,0,0,2,0.017499999999999745,1,2,0.2874999999999992,0,0,0.0,0,0,0.0,0.0,0.0,0.0,0.0,0.0,0.0
3.31,0,0,0.0,0,0,0.0,0,0,0.0,0,0,0,0,0,0.0,0,0,0.0,0,1,0,0,2,0.2287499999999998,0,1,0.0,0,0,0,0,0,0,0,0,0,0,0,0.0,0,1,0,0,2,0.007499999999999745,1,2,0.2774999999999992,0,0,0.0,0,0,0.0,0.0,0.0,0.0,0.0,0.0,0.0
3.32,0,0,0.0,0,0,0.0,0,0,0.0,0,0,0,0,0,0.0,0,0,0.0,0,1,0,0,2,0.21874999999999978,0,1,0.0,0,0,0,0,0,0,0,0,0,0,0,0.0,0,1,0,0,1,0,1,2,0.2674999999999992,0,0,0.0,0,0,0.0,0.0,0.0,0.0,0.0,0.0,0.0
3.33,0,0,0.0,0,0,0.0,0,0,0.0,0,0,0,0,0,0.0,0,0,0.0,0,1,0,0,2,0.20874999999999977,0,1,0.0,0,0,0,0,0,0,0,0,0,0,0,0.0,0,1,0,0,1,0,1,2,0.2574999999999992,0,0,0.0,0,0,0.0,0.0,0.0,0.0,0.0,0.0,0.0
3.34,0,0,0.0,0,0,0.0,0,0,0.0,0,0,0,0,0,0.0,0,0,0.0,0,1,0,0,2,0.19874999999999976,0,1,0.0,0,0,0,0,0,0,0,0,0,0,0,0.0,0,1,0,0,1,0,1,2,0.24749999999999917,0,0,0.0,0,0,0.0,0.0,0.0,0.0,0.0,0.0,0.0
3.35,0,0,0.0,0,0,0.0,0,0,0.0,0,0,0,0,0,0.0,0,0,0.0,0,0,0,0,2,0.18874999999999975,0,1,0.0,0,0,0,0,0,0,0,0,0,0,0,0.0,0,1,0,0,1,0,1,2,0.23749999999999916,0,0,0.0,0,0,0.0,0.0,0.0,0.0,0.0,0.0,0.0
3.36,0,0,0.0,0,0,0.0,0,0,0.0,0,0,0,0,0,0.0,0,0,0.0,0,0,0,0,2,0.17874999999999974,0,1,0.0,0,0,0,0,0,0,0,0,0,0,0,0.0,0,1,0,0,1,0,1,2,0.22749999999999915,0,0,0.0,0,0,0.0,0.0,0.0,0.0,0.0,0.0,0.0
3.37,0,0,0.0,0,0,0.0,0,0,0.0,0,0,0,0,0,0.0,0,0,0.0,0,0,0,0,2,0.16874999999999973,0,1,0.0,0,0,0,0,0,0,0,0,0,0,0,0.0,0,1,0,0,1,0,1,2,0.21749999999999914,0,0,0.0,0,0,0.0,0.0,0.0,0.0,0.0,0.0,0.0
3.38,0,0,0.0,0,0,0.0,0,0,0.0,0,0,0,0,0,0.0,0,0,0.0,0,0,0,0,2,0.15874999999999972,0,1,0.0,0,0,0,0,0,0,0,0,0,0,0,0.0,0,1,0,0,1,0,1,1,0.20749999999999913,0,0,0.0,0,0,0.0,0.0,0.0,0.0,0.0,0.0,0.0
3.39,0,0,0.0,0,0,0.0,0,0,0.0,0,0,0,0,0,0.0,0,0,0.0,0,0,0,0,2,0.14874999999999972,0,1,0.0,0,0,0,0,0,0,0,0,0,0,0,0.0,0,1,0,0,1,0,0,2,0.19749999999999912,0,0,0.0,0,0,0.0,0.0,0.0,0.0,0.0,0.0,0.0
3.4,0,0,0.0,0,0,0.0,0,0,0.0,0,0,0,0,0,0.0,0,0,0.0,0,0,0,0,2,0.1387499999999997,0,1,0.0,0,0,0,0,0,0,0,0,0,0,0,0.0,0,1,0,0,1,0,0,2,0.1874999999999991,0,0,0.0,0,0,0.0,0.0,0.0,0.0,0.0,0.0,0.0
3.41,0,0,0.0,0,0,0.0,0,0,0.0,0,0,0,0,0,0.0,0,0,0.0,0,0,0,0,2,0.1287499999999997,0,1,0.0,0,0,0,0,0,0,0,0,0,0,0,0.0,0,1,0,0,1,0,1,2,0.38374999999999915,0,0,0.0,0,0,0.0,0.0,0.0,0.0,0.0,0.0,0.0
3.42,0,0,0.0,0,0,0.0,0,0,0.0,0,0,0,0,0,0.0,0,0,0.0,0,0,0,0,2,0.1187499999999997,0,1,0.0,0,0,0,0,0,0,0,0,0,0,0,0.0,0,1,0,0,1,0,1,2,0.37374999999999914,0,0,0.0,0,0,0.0,0.0,0.0,0.0,0.0,0.0,0.0
3.43,0,0,0.0,0,0,0.0,0,0,0.0,0,0,0,0,0,0.0,0,0,0.0,0,0,0,0,2,0.10874999999999971,0,1,0.0,0,0,0,0,0,0,0,0,0,0,0,0.0,0,1,0,0,1,0,1,2,0.36374999999999913,0,0,0.0,0,0,0.0,0.0,0.0,0.0,0.0,0.0,0.0
3.44,0,0,0.0,0,0,0.0,0,0,0.0,0,0,0,0,0,0.0,0,0,0.0,0,0,0,0,2,0.09874999999999971,0,1,0.0,0,0,0,0,0,0,0,0,0,0,0,0.0,0,1,0,0,1,0,1,2,0.3537499999999991,0,0,0.0,0,0,0.0,0.0,0.0,0.0,0.0,0.0,0.0
3.45,0,0,0.0,0,0,0.0,0,0,0.0,0,0,0,0,0,0.0,0,0,0.0,0,0,0,0,2,0.08874999999999972,0,1,0.0,0,0,0,0,0,0,0,0,0,0,0,0.0,0,1,0,0,1,0,1,2,0.3437499999999991,0,0,0.0,0,0,0.0,0.0,0.0,0.0,0.0,0.0,0.0
3.46,0,0,0.0,0,0,0.0,0,0,0.0,0,0,0,0,0,0.0,0,0,0.0,0,0,0,0,2,0.07874999999999972,0,1,0.0,0,0,0,0,0,0,0,0,0,0,0,0.0,0,1,0,0,1,0,1,2,0.3337499999999991,0,0,0.0,0,0,0.0,0.0,0.0,0.0,0.0,0.0,0.0
3.47,0,0,0.0,0,0,0.0,0,0,0.0,0,0,0,0,0,0.0,0,0,0.0,0,0,0,0,2,0.06874999999999973,0,1,0.0,0,0,0,0,0,0,0,0,0,0,0,0.0,0,0,0,0,1,0,1,2,0.3237499999999991,0,0,0.0,0,0,0.0,0.0,0.0,0.0,0.0,0.0,0.0
3.48,0,0,0.0,0,0,0.0,0,0,0.0,0,0,0,0,0,0.0,0,0,0.0,0,0,0,0,2,0.058749999999999726,0,1,0.0,0,0,0,0,0,0,0,0,0,0,0,0.0,0,0,0,0,1,0,1,2,0.3137499999999991,0,0,0.0,0,0,0.0,0.0,0.0,0.0,0.0,0.0,0.0
3.49,0,0,0.0,0,0,0.0,0,0,0.0,0,0,0,0,0,0.0,0,0,0.0,0,0,0,0,2,0.048749999999999724,0,1,0.0,0,0,0,0,0,0,0,0,0,0,0,0.0,0,0,0,0,1,0,1,2,0.3037499999999991,0,0,0.0,0,0,0.0,0.0,0.0,0.0,0.0,0.0,0.0
3.5,0,0,0.0,0,0,0.0,0,0,0.0,0,0,0,0,0,0.0,0,0,0.0,0,0,0,0,2,0.03874999999999972,0,1,0.0,0,0,0,0,0,0,0,0,0,0,0,0.0,0,0,0,0,1,0,1,2,0.29374999999999907,0,0,0.0,0,0,0.0,0.0,0.0,0.0,0.0,0.0,0.0
3.51,0,0,0.0,0,0,0.0,0,0,0.0,0,0,0,0,0,0.0,0,0,0.0,0,0,0,0,2,0.02874999999999972,0,1,0.0,0,0,0,0,0,0,0,0,0,0,0,0.0,0,0,0,0,1,0,1,2,0.28374999999999906,0,0,0.0,0,0,0.0,0.0,0.0,0.0,0.0,0.0,0.0
3.52,0,0,0.0,0,0,0.0,0,0,0.0,0,0,0,0,0,0.0,0,0,0.0,0,0,0,0,2,0.01874999999999972,0,1,0.0,0,0,0,0,0,0,0,0,0,0,0,0.0,0,0,0,0,0,0,1,2,0.27374999999999905,0,0,0.0,0,0,0.0,0.0,0.0,0.0,0.0,0.0,0.0
3.53,0,0,0.0,0,0,0.0,0,0,0.0,0,0,0,0,0,0.0,0,0,0.0,0,0,0,0,2,0.008749999999999718,0,1,0.0,0,0,0,0,0,0,0,0,0,0,0,0.0,0,0,0,0,0,0,1,2,0.26374999999999904,0,0,0.0,0,0,0.0,0.0,0.0,0.0,0.0,0.0,0.0
3.54,0,0,0.0,0,0,0.0,0,0,0.0,0,0,0,0,0,0.0,0,0,0.0,0,0,0,0,1,0,0,1,0.0,0,0,0,0,0,0,0,0,0,0,0,0.0,0,0,0,0,0,0,1,2,0.25374999999999903,0,0,0.0,0,0,0.0,0.0,0.0,0.0,0.0,0.0,0.0
3.55,0,0,0.0,0,0,0.0,0,0,0.0,0,0,0,0,0,0.0,0,0,0.0,0,0,0,0,1,0,0,1,0.0,0,0,0,0,0,0,0,0,0,0,0,0.0,0,0,0,0,0,0,1,2,0.24374999999999902,0,0,0.0,0,0,0.0,0.0,0.0,0.0,0.0,0.0,0.0
3.56,0,0,0.0,0,0,0.0,0,0,0.0,0,0,0,0,0,0.0,0,0,0.0,0,0,0,0,1,0,0,1,0.0,0,0,0,0,0,0,0,0,0,0,0,0.0,0,0,0,0,0,0,1,2,0.23374999999999901,0,0,0.0,0,0,0.0,0.0,0.0,0.0,0.0,0.0,0.0
3.57,0,0,0.0,0,0,0.0,0,0,0.0,0,0,0,0,0,0.0,0,0,0.0,0,0,0,0,1,0,0,1,0.0,0,0,0,0,0,0,0,0,0,0,0,0.0,0,0,0,0,0,0,1,2,0.223749999999999,0,0,0.0,0,0,0.0,0.0,0.0,0.0,0.0,0.0,0.0
3.58,0,0,0.0,0,0,0.0,0,0,0.0,0,0,0,0,0,0.0,0,0,0.0,0,0,0,0,1,0,0,1,0.0,0,0,0,0,0,0,0,0,0,0,0,0.0,0,0,0,0,0,0,1,2,0.213749999999999,0,0,0.0,0,0,0.0,0.0,0.0,0.0,0.0,0.0,0.0
3.59,0,0,0.0,0,0,0.0,0,0,0.0,0,0,0,0,0,0.0,0,0,0.0,0,0,0,0,1,0,0,1,0.0,0,0,0,0,0,0,0,0,0,0,0,0.0,0,0,0,0,0,0,1,1,0.203749999999999,0,0,0.0,0,0,0.0,0.0,0.0,0.0,0.0,0.0,0.0
3.6,0,0,0.0,0,0,0.0,0,0,0.0,0,0,0,0,0,0.0,0,0,0.0,0,0,0,0,0,0,0,1,0.0,0,0,0,0,0,0,0,0,0,0,0,0.0,0,0,0,0,0,0,0,2,0.19374999999999898,0,0,0.0,0,0,0.0,0.0,0.0,0.0,0.0,0.0,0.0
3.61,0,0,0.0,0,0,0.0,0,0,0.0,0,0,0,0,0,0.0,0,0,0.0,0,0,0,0,0,0,0,1,0.0,0,0,0,0,0,0,0,0,0,0,0,0.0,0,0,0,0,0,0,0,2,0.18374999999999897,0,0,0.0,0,0,0.0,0.0,0.0,0.0,0.0,0.0,0.0
3.62,0,0,0.0,0,0,0.0,0,0,0.0,0,0,0,0,0,0.0,0,0,0.0,0,0,0,0,0,0,0,1,0.0,0,0,0,0,0,0,0,0,0,0,0,0.0,0,0,0,0,0,0,0,2,0.17374999999999896,0,0,0.0,0,0,0.0,0.0,0.0,0.0,0.0,0.0,0.0
3.63,0,0,0.0,0,0,0.0,0,0,0.0,0,0,0,0,0,0.0,0,0,0.0,0,0,0,0,0,0,0,2,0.053749999999999847,0,0,0,0,0,0,0,0,0,0,0,0.0,0,0,0,0,0,0,0,2,0.16374999999999895,0,0,0.0,0,0,0.0,0.0,0.0,0.0,0.0,0.0,0.0
3.64,0,0,0.0,0,0,0.0,0,0,0.0,0,0,0,0,0,0.0,0,0,0.0,0,0,0,0,0,0,0,2,0.043749999999999845,0,0,0,0,0,0,0,0,0,0,0,0.0,0,0,0,0,0,0,0,2,0.15374999999999894,0,0,0.0,0,0,0.0,0.0,0.0,0.0,0.0,0.0,0.0
3.65,0,0,0.0,0,0,0.0,0,0,0.0,0,0,0,0,0,0.0,0,0,0.0,0,0,0,0,0,0,0,2,0.03374999999999984,0,0,0,0,0,0,0,0,0,0,0,0.0,0,0,0,0,0,0,0,2,0.14374999999999893,0,0,0.0,0,0,0.0,0.0,0.0,0.0,0.0,0.0,0.0
3.66,0,0,0.0,0,0,0.0,0,0,0.0,0,0,0,0,0,0.0,0,0,0.0,0,0,0,0,0,0,0,2,0.02374999999999984,0,0,0,0,0,0,0,0,0,0,0,0.0,0,0,0,0,0,0,0,2,0.13374999999999893,0,0,0.0,0,0,0.0,0.0,0.0,0.0,0.0,0.0,0.0
3.67,0,0,0.0,0,0,0.0,0,0,0.0,0,0,0,0,0,0.0,0,0,0.0,0,0,0,0,0,0,0,2,0.01374999999999984,0,0,0,0,0,0,0,0,0,0,0,0.0,0,0,0,0,0,0,0,2,0.12374999999999893,0,0,0.0,0,0,0.0,0.0,0.0,0.0,0.0,0.0,0.0
3.68,0,0,0.0,0,0,0.0,0,0,0.0,0,0,0,0,0,0.0,0,0,0.0,0,0,0,0,0,0,0,1,0,0,0,0,0,0,0,0,0,0,0,0,0.0,0,0,0,0,0,0,0,2,0.11374999999999894,0,0,0.0,0,0,0.0,0.0,0.0,0.0,0.0,0.0,0.0
3.69,0,0,0.0,0,0,0.0,0,0,0.0,0,0,0,0,0,0.0,0,0,0.0,0,0,0,0,0,0,0,1,0,0,0,0,0,0,0,0,0,0,0,0,0.0,0,0,0,0,0,0,0,2,0.10374999999999894,0,0,0.0,0,0,0.0,0.0,0.0,0.0,0.0,0.0,0.0
3.7,0,0,0.0,0,0,0.0,0,0,0.0,0,0,0,0,0,0.0,0,0,0.0,0,0,0,0,0,0,0,1,0,0,0,0,0,0,0,0,0,0,0,0,0.0,0,0,0,0,0,0,0,2,0.09374999999999895,0,0,0.0,0,0,0.0,0.0,0.0,0.0,0.0,0.0,0.0
3.71,0,0,0.0,0,0,0.0,0,0,0.0,0,0,0,0,0,0.0,0,0,0.0,0,0,0,0,0,0,0,1,0,0,0,0,0,0,0,0,0,0,0,0,0.0,0,0,0,0,0,0,0,2,0.08374999999999895,0,0,0.0,0,0,0.0,0.0,0.0,0.0,0.0,0.0,0.0
3.72,0,0,0.0,0,0,0.0,0,0,0.0,0,0,0,0,0,0.0,0,0,0.0,0,0,0,0,0,0,0,1,0,0,0,0,0,0,0,0,0,0,0,0,0.0,0,0,0,0,0,0,0,2,0.07374999999999896,0,0,0.0,0,0,0.0,0.0,0.0,0.0,0.0,0.0,0.0
3.73,0,0,0.0,0,0,0.0,0,0,0.0,0,0,0,0,0,0.0,0,0,0.0,0,0,0,0,0,0,0,1,0,0,0,0,0,0,0,0,0,0,0,0,0.0,0,0,0,0,0,0,0,2,0.06374999999999896,0,0,0.0,0,0,0.0,0.0,0.0,0.0,0.0,0.0,0.0
3.74,0,0,0.0,0,0,0.0,0,0,0.0,0,0,0,0,0,0.0,0,0,0.0,0,0,0,0,0,0,0,1,0,0,0,0,0,0,0,0,0,0,0,0,0.0,0,0,0,0,0,0,0,2,0.05374999999999896,0,0,0.0,0,0,0.0,0.0,0.0,0.0,0.0,0.0,0.0
3.75,0,0,0.0,0,0,0.0,0,0,0.0,0,0,0,0,0,0.0,0,0,0.0,0,0,0,0,1,0,0,1,0,0,0,0,0,0,0,0,0,0,0,0,0.0,0,0,0,0,0,0,0,2,0.043749999999998956,0,0,0.0,0,0,0.0,0.0,0.0,0.0,0.0,0.0,0.0
3.76,0,0,0.0,0,0,0.0,0,0,0.0,0,0,0,0,0,0.0,0,0,0.0,0,0,0,0,1,0,0,1,0,0,0,0,0,0,0,0,0,0,0,0,0.0,0,0,0,0,0,0,0,2,0.033749999999998954,0,0,0.0,0,0,0.0,0.0,0.0,0.0,0.0,0.0,0.0
3.77,0,0,0.0,0,0,0.0,0,0,0.0,0,0,0,0,0,0.0,0,0,0.0,0,0,0,0,1,0,0,1,0,0,0,0,0,0,0,0,0,0,0,0,0.0,0,0,0,0,0,0,0,2,0.023749999999998953,0,0,0.0,0,0,0.0,0.0,0.0,0.0,0.0,0.0,0.0
3.78,0,0,0.0,0,0,0.0,0,0,0.0,0,0,0,0,0,0.0,0,0,0.0,0,0,0,0,1,0,0,1,0,0,0,0,0,0,0,0,0,0,0,0,0.0,0,0,0,0,0,0,0,2,0.013749999999998952,0,0,0.0,0,0,0.0,0.0,0.0,0.0,0.0,0.0,0.0
3.79,0,0,0.0,0,0,0.0,0,0,0.0,0,0,0,0,0,0.0,0,0,0.0,0,0,0,0,1,0,0,1,0,0,0,0,0,0,0,0,0,0,0,0,0.0,0,0,0,0,0,0,0,1,0,0,0,0.0,0,0,0.0,0.0,0.0,0.0,0.0,0.0,0.0
3.8,0,0,0.0,0,0,0.0,0,0,0.0,0,0,0,0,0,0.0,0,0,0.0,0,0,0,0,1,0,0,1,0,0,0,0,0,0,0,0,0,0,0,0,0.0,0,0,0,0,0,0,0,1,0,0,0,0.0,0,0,0.0,0.0,0.0,0.0,0.0,0.0,0.0
3.81,0,0,0.0,0,0,0.0,0,0,0.0,0,0,0,0,0,0.0,0,0,0.0,0,0,0,0,1,0,0,1,0,0,0,0,0,0,0,0,0,0,0,0,0.0,0,0,0,0,0,0,0,1,0,0,0,0.0,0,0,0.0,0.0,0.0,0.0,0.0,0.0,0.0
3.82,0,0,0.0,0,0,0.0,0,0,0.0,0,0,0,0,0,0.0,0,0,0.0,0,0,0,0,1,0,0,1,0,0,0,0,0,0,0,0,0,0,0,0,0.0,0,0,0,0,0,0,0,1,0,0,0,0.0,0,0,0.0,0.0,0.0,0.0,0.0,0.0,0.0
3.83,0,0,0.0,0,0,0.0,0,0,0.0,0,0,0,0,0,0.0,0,0,0.0,0,0,0,0,1,0,0,1,0,0,0,0,0,0,0,0,0,0,0,0,0.0,0,0,0,0,0,0,0,1,0,0,0,0.0,0,0,0.0,0.0,0.0,0.0,0.0,0.0,0.0
3.84,0,0,0.0,0,0,0.0,0,0,0.0,0,0,0,0,0,0.0,0,0,0.0,0,0,0,0,1,0,0,1,0,0,0,0,0,0,0,0,0,0,0,0,0.0,0,0,0,0,0,0,0,1,0,0,0,0.0,0,0,0.0,0.0,0.0,0.0,0.0,0.0,0.0
3.85,0,0,0.0,0,0,0.0,0,0,0.0,0,0,0,0,0,0.0,0,0,0.0,0,0,0,0,1,0,0,1,0,0,0,0,0,0,0,0,0,0,0,0,0.0,0,0,0,0,0,0,0,1,0,0,0,0.0,0,0,0.0,0.0,0.0,0.0,0.0,0.0,0.0
3.86,0,0,0.0,0,0,0.0,0,0,0.0,0,0,0,0,0,0.0,0,0,0.0,0,0,0,0,1,0,0,1,0,0,0,0,0,0,0,0,0,0,0,0,0.0,0,0,0,0,0,0,0,1,0,0,0,0.0,0,0,0.0,0.0,0.0,0.0,0.0,0.0,0.0
3.87,0,0,0.0,0,0,0.0,0,0,0.0,0,0,0,0,0,0.0,0,0,0.0,0,0,0,0,1,0,0,1,0,0,0,0,0,0,0,0,0,0,0,0,0.0,0,0,0,0,0,0,0,1,0,0,0,0.0,0,0,0.0,0.0,0.0,0.0,0.0,0.0,0.0
3.88,0,0,0.0,0,0,0.0,0,0,0.0,0,0,0,0,0,0.0,0,0,0.0,0,0,0,0,1,0,0,1,0,0,0,0,0,0,0,0,0,0,0,0,0.0,0,0,0,0,0,0,0,1,0,0,0,0.0,0,0,0.0,0.0,0.0,0.0,0.0,0.0,0.0
3.89,0,0,0.0,0,0,0.0,0,0,0.0,0,0,0,0,0,0.0,0,0,0.0,0,0,0,0,1,0,0,0,0,0,0,0,0,0,0,0,0,0,0,0,0.0,0,0,0,0,0,0,0,1,0,0,0,0.0,0,0,0.0,0.0,0.0,0.0,0.0,0.0,0.0
3.9,0,0,0.0,0,0,0.0,0,0,0.0,0,0,0,0,0,0.0,0,0,0.0,0,0,0,0,1,0,0,0,0,0,0,0,0,0,0,0,0,0,0,0,0.0,0,0,0,0,0,0,0,1,0,0,0,0.0,0,0,0.0,0.0,0.0,0.0,0.0,0.0,0.0
3.91,0,0,0.0,0,0,0.0,0,0,0.0,0,0,0,0,0,0.0,0,0,0.0,0,0,0,0,1,0,0,0,0,0,0,0,0,0,0,0,0,0,0,0,0.0,0,0,0,0,0,0,0,1,0,0,0,0.0,0,0,0.0,0.0,0.0,0.0,0.0,0.0,0.0
3.92,0,0,0.0,0,0,0.0,0,0,0.0,0,0,0,0,0,0.0,0,0,0.0,0,0,0,0,1,0,0,0,0,0,0,0,0,0,0,0,0,0,0,0,0.0,0,0,0,0,0,0,0,1,0,0,0,0.0,0,0,0.0,0.0,0.0,0.0,0.0,0.0,0.0
3.93,0,0,0.0,0,0,0.0,0,0,0.0,0,0,0,0,0,0.0,0,0,0.0,0,0,0,0,1,0,0,0,0,0,0,0,0,0,0,0,0,0,0,0,0.0,0,0,0,0,0,0,0,1,0,0,0,0.0,0,0,0.0,0.0,0.0,0.0,0.0,0.0,0.0
3.94,0,0,0.0,0,0,0.0,0,0,0.0,0,0,0,0,0,0.0,0,0,0.0,0,0,0,0,1,0,0,0,0,0,0,0,0,0,0,0,0,0,0,0,0.0,0,0,0,0,0,0,0,1,0,0,0,0.0,0,0,0.0,0.0,0.0,0.0,0.0,0.0,0.0
3.95,0,0,0.0,0,0,0.0,0,0,0.0,0,0,0,0,0,0.0,0,0,0.0,0,0,0,0,1,0,0,0,0,0,0,0,0,0,0,0,0,0,0,0,0.0,0,0,0,0,0,0,0,1,0,0,0,0.0,0,0,0.0,0.0,0.0,0.0,0.0,0.0,0.0
3.96,0,0,0.0,0,0,0.0,0,0,0.0,0,0,0,0,0,0.0,0,0,0.0,0,0,0,0,1,0,0,0,0,0,0,0,0,0,0,0,0,0,0,0,0.0,0,0,0,0,0,0,0,1,0,0,0,0.0,0,0,0.0,0.0,0.0,0.0,0.0,0.0,0.0
3.97,0,0,0.0,0,0,0.0,0,0,0.0,0,0,0,0,0,0.0,0,0,0.0,0,0,0,0,1,0,0,0,0,0,0,0,0,0,0,0,0,0,0,0,0.0,0,0,0,0,0,0,0,1,0,0,0,0.0,0,0,0.0,0.0,0.0,0.0,0.0,0.0,0.0
3.98,0,0,0.0,0,0,0.0,0,0,0.0,0,0,0,0,0,0.0,0,0,0.0,0,0,0,0,1,0,0,1,0,0,0,0,0,0,0,0,0,0,0,0,0.0,0,0,0,0,0,0,0,1,0,0,0,0.0,0,0,0.0,0.0,0.0,0.0,0.0,0.0,0.0
3.99,0,0,0.0,0,0,0.0,0,0,0.0,0,0,0,0,0,0.0,0,0,0.0,0,0,0,0,1,0,0,1,0,0,0,0,0,0,0,0,0,0,0,0,0.0,0,0,0,0,0,0,0,1,0,0,0,0.0,0,0,0.0,0.0,0.0,0.0,0.0,0.0,0.0
4.0,0,0,0.0,0,0,0.0,0,0,0.0,0,0,0,0,0,0.0,0,0,0.0,0,0,0,0,1,0,0,1,0,0,0,0,0,0,0,0,0,0,0,0,0.0,0,0,0,0,0,0,0,1,0,0,0,0.0,0,0,0.0,0.0,0.0,0.0,0.0,0.0,0.0
4.01,0,0,0.0,0,0,0.0,0,0,0.0,0,0,0,0,0,0.0,0,0,0.0,0,0,0,0,1,0,0,1,0,0,0,0,0,0,0,0,0,0,0,0,0.0,0,0,0,0,0,0,0,1,0,0,0,0.0,0,0,0.0,0.0,0.0,0.0,0.0,0.0,0.0
4.02,0,0,0.0,0,0,0.0,0,0,0.0,0,0,0,0,0,0.0,0,0,0.0,0,0,0,0,1,0,0,1,0,0,0,0,0,0,0,0,0,0,0,0,0.0,0,0,0,0,0,0,0,1,0,0,0,0.0,0,0,0.0,0.0,0.0,0.0,0.0,0.0,0.0
4.03,0,0,0.0,0,0,0.0,0,0,0.0,0,0,0,0,0,0.0,0,0,0.0,0,0,0,0,1,0,0,1,0,0,0,0,0,0,0,0,0,0,0,0,0.0,0,0,0,0,0,0,0,1,0,0,0,0.0,0,0,0.0,0.0,0.0,0.0,0.0,0.0,0.0
4.04,0,0,0.0,0,0,0.0,0,0,0.0,0,0,0,0,0,0.0,0,0,0.0,0,0,0,0,1,0,0,1,0,0,0,0,0,0,0,0,0,0,0,0,0.0,0,0,0,0,0,0,0,0,0,0,0,0.0,0,0,0.0,0.0,0.0,0.0,0.0,0.0,0.0
4.05,0,0,0.0,0,0,0.0,0,0,0.0,0,0,0,0,0,0.0,0,0,0.0,0,0,0,0,1,0,0,1,0,0,0,0,0,0,0,0,0,0,0,0,0.0,0,0,0,0,0,0,0,0,0,0,0,0.0,0,0,0.0,0.0,0.0,0.0,0.0,0.0,0.0
4.06,0,0,0.0,0,0,0.0,0,0,0.0,0,0,0,0,0,0.0,0,0,0.0,0,0,0,0,1,0,0,1,0,0,0,0,0,0,0,0,0,0,0,0,0.0,0,0,0,0,0,0,0,0,0,0,0,0.0,0,0,0.0,0.0,0.0,0.0,0.0,0.0,0.0
4.07,0,0,0.0,0,0,0.0,0,0,0.0,0,0,0,0,0,0.0,0,0,0.0,0,0,0,0,1,0,0,1,0,0,0,0,0,0,0,0,0,0,0,0,0.0,0,0,0,0,0,0,0,0,0,0,0,0.0,0,0,0.0,0.0,0.0,0.0,0.0,0.0,0.0
4.08,0,0,0.0,0,0,0.0,0,0,0.0,0,0,0,0,0,0.0,0,0,0.0,0,0,0,0,1,0,0,1,0,0,0,0,0,0,0,0,0,0,0,0,0.0,0,0,0,0,0,0,0,0,0,0,0,0.0,0,0,0.0,0.0,0.0,0.0,0.0,0.0,0.0
4.09,0,0,0.0,0,0,0.0,0,0,0.0,0,0,0,0,0,0.0,0,0,0.0,0,0,0,0,1,0,0,1,0,0,0,0,0,0,0,0,0,0,0,0,0.0,0,0,0,0,0,0,0,0,0,0,0,0.0,0,0,0.0,0.0,0.0,0.0,0.0,0.0,0.0
4.1,0,0,0.0,0,0,0.0,0,0,0.0,0,0,0,0,0,0.0,0,0,0.0,0,0,0,0,1,0,0,1,0,0,0,0,0,0,0,0,0,0,0,0,0.0,0,0,0,0,0,0,0,0,0,0,0,0.0,0,0,0.0,0.0,0.0,0.0,0.0,0.0,0.0
4.11,0,0,0.0,0,0,0.0,0,0,0.0,0,0,0,0,0,0.0,0,0,0.0,0,0,0,0,0,0,0,1,0,0,0,0,0,0,0,0,0,0,0,0,0.0,0,0,0,0,0,0,0,0,0,0,0,0.0,0,0,0.0,0.0,0.0,0.0,0.0,0.0,0.0
4.12,0,0,0.0,0,0,0.0,0,0,0.0,0,0,0,0,0,0.0,0,0,0.0,0,0,0,0,0,0,0,1,0,0,0,0,0,0,0,0,0,0,0,0,0.0,0,0,0,0,0,0,0,0,0,0,0,0.0,0,0,0.0,0.0,0.0,0.0,0.0,0.0,0.0
4.13,0,0,0.0,0,0,0.0,0,0,0.0,0,0,0,0,0,0.0,0,0,0.0,0,0,0,0,0,0,0,1,0,0,0,0,0,0,0,0,0,0,0,0,0.0,0,0,0,0,0,0,0,0,0,0,0,0.0,0,0,0.0,0.0,0.0,0.0,0.0,0.0,0.0
4.14,0,0,0.0,0,0,0.0,0,0,0.0,0,0,0,0,0,0.0,0,0,0.0,0,0,0,0,0,0,0,1,0,0,0,0,0,0,0,0,0,0,0,0,0.0,0,0,0,0,0,0,0,0,0,0,0,0.0,0,0,0.0,0.0,0.0,0.0,0.0,0.0,0.0
4.15,0,0,0.0,0,0,0.0,0,0,0.0,0,0,0,0,0,0.0,0,0,0.0,0,0,0,0,0,0,0,1,0,0,0,0,0,0,0,0,0,0,0,0,0.0,0,0,0,0,0,0,0,0,0,0,0,0.0,0,0,0.0,0.0,0.0,0.0,0.0,0.0,0.0
4.16,0,0,0.0,0,0,0.0,0,0,0.0,0,0,0,0,0,0.0,0,0,0.0,0,0,0,0,0,0,0,1,0,0,0,0,0,0,0,0,0,0,0,0,0.0,0,0,0,0,0,0,0,0,0,0,0,0.0,0,0,0.0,0.0,0.0,0.0,0.0,0.0,0.0
4.17,0,0,0.0,0,0,0.0,0,0,0.0,0,0,0,0,0,0.0,0,0,0.0,0,0,0,0,0,0,0,1,0,0,0,0,0,0,0,0,0,0,0,0,0.0,0,0,0,0,0,0,0,0,0,0,0,0.0,0,0,0.0,0.0,0.0,0.0,0.0,0.0,0.0
4.18,0,0,0.0,0,0,0.0,0,0,0.0,0,0,0,0,0,0.0,0,0,0.0,0,0,0,0,0,0,0,1,0,0,0,0,0,0,0,0,0,0,0,0,0.0,0,0,0,0,0,0,0,0,0,0,0,0.0,0,0,0.0,0.0,0.0,0.0,0.0,0.0,0.0
4.19,0,0,0.0,0,0,0.0,0,0,0.0,0,0,0,0,0,0.0,0,0,0.0,0,0,0,0,0,0,0,1,0,0,0,0,0,0,0,0,0,0,0,0,0.0,0,0,0,0,0,0,0,0,0,0,0,0.0,0,0,0.0,0.0,0.0,0.0,0.0,0.0,0.0
4.2,0,0,0.0,0,0,0.0,0,0,0.0,0,0,0,0,0,0.0,0,0,0.0,0,0,0,0,0,0,0,1,0,0,0,0,0,0,0,0,0,0,0,0,0.0,0,0,0,0,0,0,0,0,0,0,0,0.0,0,0,0.0,0.0,0.0,0.0,0.0,0.0,0.0
4.21,0,0,0.0,0,0,0.0,0,0,0.0,0,0,0,0,0,0.0,0,0,0.0,0,0,0,0,0,0,0,1,0,0,0,0,0,0,0,0,0,0,0,0,0.0,0,0,0,0,0,0,0,0,0,0,0,0.0,0,0,0.0,0.0,0.0,0.0,0.0,0.0,0.0
4.22,0,0,0.0,0,0,0.0,0,0,0.0,0,0,0,0,0,0.0,0,0,0.0,0,0,0,0,0,0,0,1,0,0,0,0,0,0,0,0,0,0,0,0,0.0,0,0,0,0,0,0,0,0,0,0,0,0.0,0,0,0.0,0.0,0.0,0.0,0.0,0.0,0.0
4.23,0,0,0.0,0,0,0.0,0,0,0.0,0,0,0,0,0,0.0,0,0,0.0,0,0,0,0,0,0,0,1,0,0,0,0,0,0,0,0,0,0,0,0,0.0,0,0,0,0,0,0,0,0,0,0,0,0.0,0,0,0.0,0.0,0.0,0.0,0.0,0.0,0.0
4.24,0,0,0.0,0,0,0.0,0,0,0.0,0,0,0,0,0,0.0,0,0,0.0,0,0,0,0,0,0,0,0,0,0,0,0,0,0,0,0,0,0,0,0,0.0,0,0,0,0,0,0,0,0,0,0,0,0.0,0,0,0.0,0.0,0.0,0.0,0.0,0.0,0.0
4.25,0,0,0.0,0,0,0.0,0,0,0.0,0,0,0,0,0,0.0,0,0,0.0,0,0,0,0,0,0,0,0,0,0,0,0,0,0,0,0,0,0,0,0,0.0,0,0,0,0,0,0,0,0,0,0,0,0.0,0,0,0.0,0.0,0.0,0.0,0.0,0.0,0.0
4.26,0,0,0.0,0,0,0.0,0,0,0.0,0,0,0,0,0,0.0,0,0,0.0,0,0,0,0,0,0,0,0,0,0,0,0,0,0,0,0,0,0,0,0,0.0,0,0,0,0,0,0,0,0,0,0,0,0.0,0,0,0.0,0.0,0.0,0.0,0.0,0.0,0.0
4.27,0,0,0.0,0,0,0.0,0,0,0.0,0,0,0,0,0,0.0,0,0,0.0,0,0,0,0,0,0,0,0,0,0,0,0,0,0,0,0,0,0,0,0,0.0,0,0,0,0,0,0,0,0,0,0,0,0.0,0,0,0.0,0.0,0.0,0.0,0.0,0.0,0.0
4.28,0,0,0.0,0,0,0.0,0,0,0.0,0,0,0,0,0,0.0,0,0,0.0,0,0,0,0,0,0,0,0,0,0,0,0,0,0,0,0,0,0,0,0,0.0,0,0,0,0,0,0,0,0,0,0,0,0.0,0,0,0.0,0.0,0.0,0.0,0.0,0.0,0.0
4.29,0,0,0.0,0,0,0.0,0,0,0.0,0,0,0,0,0,0.0,0,0,0.0,0,0,0,0,0,0,0,0,0,0,0,0,0,0,0,0,0,0,0,0,0.0,0,0,0,0,0,0,0,0,0,0,0,0.0,0,0,0.0,0.0,0.0,0.0,0.0,0.0,0.0
4.3,0,0,0.0,0,0,0.0,0,0,0.0,0,0,0,0,0,0.0,0,0,0.0,0,0,0,0,0,0,0,0,0,0,0,0,0,0,0,0,0,0,0,0,0.0,0,0,0,0,0,0,0,0,0,0,0,0.0,0,0,0.0,0.0,0.0,0.0,0.0,0.0,0.0
4.31,0,0,0.0,0,0,0.0,0,0,0.0,0,0,0,0,0,0.0,0,0,0.0,0,0,0,0,0,0,0,0,0,0,0,0,0,0,0,0,0,0,0,0,0.0,0,0,0,0,0,0,0,0,0,0,0,0.0,0,0,0.0,0.0,0.0,0.0,0.0,0.0,0.0
4.32,0,0,0.0,0,0,0.0,0,0,0.0,0,0,0,0,0,0.0,0,0,0.0,0,0,0,0,0,0,0,0,0,0,0,0,0,0,0,0,0,0,0,0,0.0,0,0,0,0,0,0,0,0,0,0,0,0.0,0,0,0.0,0.0,0.0,0.0,0.0,0.0,0.0
4.33,0,0,0.0,0,0,0.0,0,0,0.0,0,0,0,0,0,0.0,0,0,0.0,0,0,0,0,0,0,0,0,0,0,0,0,0,0,0,0,0,0,0,0,0.0,0,0,0,0,0,0,0,0,0,0,0,0.0,0,0,0.0,0.0,0.0,0.0,0.0,0.0,0.0
4.34,0,0,0.0,0,0,0.0,0,0,0.0,0,0,0,0,0,0.0,0,0,0.0,0,0,0,0,0,0,0,0,0,0,0,0,0,0,0,0,0,0,0,0,0.0,0,0,0,0,0,0,0,0,0,0,0,0.0,0,0,0.0,0.0,0.0,0.0,0.0,0.0,0.0
4.35,0,0,0.0,0,0,0.0,0,0,0.0,0,0,0,0,0,0.0,0,0,0.0,0,0,0,0,0,0,0,0,0,0,0,0,0,0,0,0,0,0,0,0,0.0,0,0,0,0,0,0,0,0,0,0,0,0.0,0,0,0.0,0.0,0.0,0.0,0.0,0.0,0.0
4.36,0,0,0.0,0,0,0.0,0,0,0.0,0,0,0,0,0,0.0,0,0,0.0,0,0,0,0,0,0,0,0,0,0,0,0,0,0,0,0,0,0,0,0,0.0,0,0,0,0,0,0,0,0,0,0,0,0.0,0,0,0.0,0.0,0.0,0.0,0.0,0.0,0.0
4.37,0,0,0.0,0,0,0.0,0,0,0.0,0,0,0,0,0,0.0,0,0,0.0,0,0,0,0,0,0,0,0,0,0,0,0,0,0,0,0,0,0,0,0,0.0,0,0,0,0,0,0,0,0,0,0,0,0.0,0,0,0.0,0.0,0.0,0.0,0.0,0.0,0.0
4.38,0,0,0.0,0,0,0.0,0,0,0.0,0,0,0,0,0,0.0,0,0,0.0,0,0,0,0,0,0,0,0,0,0,0,0,0,0,0,0,0,0,0,0,0.0,0,0,0,0,0,0,0,0,0,0,0,0.0,0,0,0.0,0.0,0.0,0.0,0.0,0.0,0.0
4.39,0,0,0.0,0,0,0.0,0,0,0.0,0,0,0,0,0,0.0,0,0,0.0,0,0,0,0,0,0,0,0,0,0,0,0,0,0,0,0,0,0,0,0,0.0,0,0,0,0,0,0,0,0,0,0,0,0.0,0,0,0.0,0.0,0.0,0.0,0.0,0.0,0.0
4.4,0,0,0.0,0,0,0.0,0,0,0.0,0,0,0,0,0,0.0,0,0,0.0,0,0,0,0,0,0,0,0,0,0,0,0,0,0,0,0,0,0,0,0,0.0,0,0,0,0,0,0,0,0,0,0,0,0.0,0,0,0.0,0.0,0.0,0.0,0.0,0.0,0.0
4.41,0,0,0.0,0,0,0.0,0,0,0.0,0,0,0,0,0,0.0,0,0,0.0,0,0,0,0,0,0,0,0,0,0,0,0,0,0,0,0,0,0,0,0,0.0,0,0,0,0,0,0,0,0,0,0,0,0.0,0,0,0.0,0.0,0.0,0.0,0.0,0.0,0.0
4.42,0,0,0.0,0,0,0.0,0,0,0.0,0,0,0,0,0,0.0,0,0,0.0,0,0,0,0,0,0,0,0,0,0,0,0,0,0,0,0,0,0,0,0,0.0,0,0,0,0,0,0,0,0,0,0,0,0.0,0,0,0.0,0.0,0.0,0.0,0.0,0.0,0.0
4.43,0,0,0.0,0,0,0.0,0,0,0.0,0,0,0,0,0,0.0,0,0,0.0,0,0,0,0,0,0,0,0,0,0,0,0,0,0,0,0,0,0,0,0,0.0,0,0,0,0,0,0,0,0,0,0,0,0.0,0,0,0.0,0.0,0.0,0.0,0.0,0.0,0.0
4.44,0,0,0.0,0,0,0.0,0,0,0.0,0,0,0,0,0,0.0,0,0,0.0,0,0,0,0,0,0,0,0,0,0,0,0,0,0,0,0,0,0,0,0,0.0,0,0,0,0,0,0,0,0,0,0,0,0.0,0,0,0.0,0.0,0.0,0.0,0.0,0.0,0.0
4.45,0,0,0.0,0,0,0.0,0,0,0.0,0,0,0,0,0,0.0,0,0,0.0,0,0,0,0,0,0,0,0,0,0,0,0,0,0,0,0,0,0,0,0,0.0,0,0,0,0,0,0,0,0,0,0,0,0.0,0,0,0.0,0.0,0.0,0.0,0.0,0.0,0.0
4.46,0,0,0.0,0,0,0.0,0,0,0.0,0,0,0,0,0,0.0,0,0,0.0,0,0,0,0,0,0,0,0,0,0,0,0,0,0,0,0,0,0,0,0,0.0,0,0,0,0,0,0,0,0,0,0,0,0.0,0,0,0.0,0.0,0.0,0.0,0.0,0.0,0.0
4.47,0,0,0.0,0,0,0.0,0,0,0.0,0,0,0,0,0,0.0,0,0,0.0,0,0,0,0,0,0,0,0,0,0,0,0,0,0,0,0,0,0,0,0,0.0,0,0,0,0,0,0,0,0,0,0,0,0.0,0,0,0.0,0.0,0.0,0.0,0.0,0.0,0.0
4.48,0,0,0.0,0,0,0.0,0,0,0.0,0,0,0,0,0,0.0,0,0,0.0,0,0,0,0,0,0,0,0,0,0,0,0,0,0,0,0,0,0,0,0,0.0,0,0,0,0,0,0,0,0,0,0,0,0.0,0,0,0.0,0.0,0.0,0.0,0.0,0.0,0.0
4.49,0,0,0.0,0,0,0.0,0,0,0.0,0,0,0,0,0,0.0,0,0,0.0,0,0,0,0,0,0,0,0,0,0,0,0,0,0,0,0,0,0,0,0,0.0,0,0,0,0,0,0,0,0,0,0,0,0.0,0,0,0.0,0.0,0.0,0.0,0.0,0.0,0.0
4.5,0,0,0.0,0,0,0.0,0,0,0.0,0,0,0,0,0,0.0,0,0,0.0,0,0,0,0,0,0,0,0,0,0,0,0,0,0,0,0,0,0,0,0,0.0,0,0,0,0,0,0,0,0,0,0,0,0.0,0,0,0.0,0.0,0.0,0.0,0.0,0.0,0.0
4.51,0,0,0.0,0,0,0.0,0,0,0.0,0,0,0,0,0,0.0,0,0,0.0,0,0,0,0,0,0,0,0,0,0,0,0,0,0,0,0,0,0,0,0,0.0,0,0,0,0,0,0,0,0,0,0,0,0.0,0,0,0.0,0.0,0.0,0.0,0.0,0.0,0.0
4.52,0,0,0.0,0,0,0.0,0,0,0.0,0,0,0,0,0,0.0,0,0,0.0,0,0,0,0,0,0,0,0,0,0,0,0,0,0,0,0,0,0,0,0,0.0,0,0,0,0,0,0,0,0,0,0,0,0.0,0,0,0.0,0.0,0.0,0.0,0.0,0.0,0.0
4.53,0,0,0.0,0,0,0.0,0,0,0.0,0,0,0,0,0,0.0,0,0,0.0,0,0,0,0,0,0,0,0,0,0,0,0,0,0,0,0,0,0,0,0,0.0,0,0,0,0,0,0,0,0,0,0,0,0.0,0,0,0.0,0.0,0.0,0.0,0.0,0.0,0.0
4.54,0,0,0.0,0,0,0.0,0,0,0.0,0,0,0,0,0,0.0,0,0,0.0,0,0,0,0,0,0,0,0,0,0,0,0,0,0,0,0,0,0,0,0,0.0,0,0,0,0,0,0,0,0,0,0,0,0.0,0,0,0.0,0.0,0.0,0.0,0.0,0.0,0.0
4.55,0,0,0.0,0,0,0.0,0,0,0.0,0,0,0,0,0,0.0,0,0,0.0,0,0,0,0,0,0,0,0,0,0,0,0,0,0,0,0,0,0,0,0,0.0,0,0,0,0,0,0,0,0,0,0,0,0.0,0,0,0.0,0.0,0.0,0.0,0.0,0.0,0.0
4.56,0,0,0.0,0,0,0.0,0,0,0.0,0,0,0,0,0,0.0,0,0,0.0,0,0,0,0,0,0,0,0,0,0,0,0,0,0,0,0,0,0,0,0,0.0,0,0,0,0,0,0,0,0,0,0,0,0.0,0,0,0.0,0.0,0.0,0.0,0.0,0.0,0.0
4.57,0,0,0.0,0,0,0.0,0,0,0.0,0,0,0,0,0,0.0,0,0,0.0,0,0,0,0,0,0,0,0,0,0,0,0,0,0,0,0,0,0,0,0,0.0,0,0,0,0,0,0,0,0,0,0,0,0.0,0,0,0.0,0.0,0.0,0.0,0.0,0.0,0.0
4.58,0,0,0.0,0,0,0.0,0,0,0.0,0,0,0,0,0,0.0,0,0,0.0,0,0,0,0,0,0,0,0,0,0,0,0,0,0,0,0,0,0,0,0,0.0,0,0,0,0,0,0,0,0,0,0,0,0.0,0,0,0.0,0.0,0.0,0.0,0.0,0.0,0.0
4.59,0,0,0.0,0,0,0.0,0,0,0.0,0,0,0,0,0,0.0,0,0,0.0,0,0,0,0,0,0,0,0,0,0,0,0,0,0,0,0,0,0,0,0,0.0,0,0,0,0,0,0,0,0,0,0,0,0.0,0,0,0.0,0.0,0.0,0.0,0.0,0.0,0.0
4.6,0,0,0.0,0,0,0.0,0,0,0.0,0,0,0,0,0,0.0,0,0,0.0,0,0,0,0,0,0,0,0,0,0,0,0,0,0,0,0,0,0,0,0,0.0,0,0,0,0,0,0,0,0,0,0,0,0.0,0,0,0.0,0.0,0.0,0.0,0.0,0.0,0.0
4.61,0,0,0.0,0,0,0.0,0,0,0.0,0,0,0,0,0,0.0,0,0,0.0,0,0,0,0,0,0,0,0,0,0,0,0,0,0,0,0,0,0,0,0,0.0,0,0,0,0,0,0,0,0,0,0,0,0.0,0,0,0.0,0.0,0.0,0.0,0.0,0.0,0.0
4.62,0,0,0.0,0,0,0.0,0,0,0.0,0,0,0,0,0,0.0,0,0,0.0,0,0,0,0,0,0,0,0,0,0,0,0,0,0,0,0,0,0,0,0,0.0,0,0,0,0,0,0,0,0,0,0,0,0.0,0,0,0.0,0.0,0.0,0.0,0.0,0.0,0.0
4.63,0,0,0.0,0,0,0.0,0,0,0.0,0,0,0,0,0,0.0,0,0,0.0,0,0,0,0,0,0,0,0,0,0,0,0,0,0,0,0,0,0,0,0,0.0,0,0,0,0,0,0,0,0,0,0,0,0.0,0,0,0.0,0.0,0.0,0.0,0.0,0.0,0.0
4.64,0,0,0.0,0,0,0.0,0,0,0.0,0,0,0,0,0,0.0,0,0,0.0,0,0,0,0,0,0,0,0,0,0,0,0,0,0,0,0,0,0,0,0,0.0,0,0,0,0,0,0,0,0,0,0,0,0.0,0,0,0.0,0.0,0.0,0.0,0.0,0.0,0.0
4.65,0,0,0.0,0,0,0.0,0,0,0.0,0,0,0,0,0,0.0,0,0,0.0,0,0,0,0,0,0,0,0,0,0,0,0,0,0,0,0,0,0,0,0,0.0,0,0,0,0,0,0,0,0,0,0,0,0.0,0,0,0.0,0.0,0.0,0.0,0.0,0.0,0.0
4.66,0,0,0.0,0,0,0.0,0,0,0.0,0,0,0,0,0,0.0,0,0,0.0,0,0,0,0,0,0,0,0,0,0,0,0,0,0,0,0,0,0,0,0,0.0,0,0,0,0,0,0,0,0,0,0,0,0.0,0,0,0.0,0.0,0.0,0.0,0.0,0.0,0.0
4.67,0,0,0.0,0,0,0.0,0,0,0.0,0,0,0,0,0,0.0,0,0,0.0,0,0,0,0,0,0,0,0,0,0,0,0,0,0,0,0,0,0,0,0,0.0,0,0,0,0,0,0,0,0,0,0,0,0.0,0,0,0.0,0.0,0.0,0.0,0.0,0.0,0.0
4.68,0,0,0.0,0,0,0.0,0,0,0.0,0,0,0,0,0,0.0,0,0,0.0,0,0,0,0,0,0,0,0,0,0,0,0,0,0,0,0,0,0,0,0,0.0,0,0,0,0,0,0,0,0,0,0,0,0.0,0,0,0.0,0.0,0.0,0.0,0.0,0.0,0.0
4.69,0,0,0.0,0,0,0.0,0,0,0.0,0,0,0,0,0,0.0,0,0,0.0,0,0,0,0,0,0,0,0,0,0,0,0,0,0,0,0,0,0,0,0,0.0,0,0,0,0,0,0,0,0,0,0,0,0.0,0,0,0.0,0.0,0.0,0.0,0.0,0.0,0.0
4.7,0,0,0.0,0,0,0.0,0,0,0.0,0,0,0,0,0,0.0,0,0,0.0,0,0,0,0,0,0,0,0,0,0,0,0,0,0,0,0,0,0,0,0,0.0,0,0,0,0,0,0,0,0,0,0,0,0.0,0,0,0.0,0.0,0.0,0.0,0.0,0.0,0.0
4.71,0,0,0.0,0,0,0.0,0,0,0.0,0,0,0,0,0,0.0,0,0,0.0,0,0,0,0,0,0,0,0,0,0,0,0,0,0,0,0,0,0,0,0,0.0,0,0,0,0,0,0,0,0,0,0,0,0.0,0,0,0.0,0.0,0.0,0.0,0.0,0.0,0.0
4.72,0,0,0.0,0,0,0.0,0,0,0.0,0,0,0,0,0,0.0,0,0,0.0,0,0,0,0,0,0,0,0,0,0,0,0,0,0,0,0,0,0,0,0,0.0,0,0,0,0,0,0,0,0,0,0,0,0.0,0,0,0.0,0.0,0.0,0.0,0.0,0.0,0.0
4.73,0,0,0.0,0,0,0.0,0,0,0.0,0,0,0,0,0,0.0,0,0,0.0,0,0,0,0,0,0,0,0,0,0,0,0,0,0,0,0,0,0,0,0,0.0,0,0,0,0,0,0,0,0,0,0,0,0.0,0,0,0.0,0.0,0.0,0.0,0.0,0.0,0.0
4.74,0,0,0.0,0,0,0.0,0,0,0.0,0,0,0,0,0,0.0,0,0,0.0,0,0,0,0,0,0,0,0,0,0,0,0,0,0,0,0,0,0,0,0,0.0,0,0,0,0,0,0,0,0,0,0,0,0.0,0,0,0.0,0.0,0.0,0.0,0.0,0.0,0.0
4.75,0,0,0.0,0,0,0.0,0,0,0.0,0,0,0,0,0,0.0,0,0,0.0,0,0,0,0,0,0,0,0,0,0,0,0,0,0,0,0,0,0,0,0,0.0,0,0,0,0,0,0,0,0,0,0,0,0.0,0,0,0.0,0.0,0.0,0.0,0.0,0.0,0.0
4.76,0,0,0.0,0,0,0.0,0,0,0.0,0,0,0,0,0,0.0,0,0,0.0,0,0,0,0,0,0,0,0,0,0,0,0,0,0,0,0,0,0,0,0,0.0,0,0,0,0,0,0,0,0,0,0,0,0.0,0,0,0.0,0.0,0.0,0.0,0.0,0.0,0.0
4.77,0,0,0.0,0,0,0.0,0,0,0.0,0,0,0,0,0,0.0,0,0,0.0,0,0,0,0,0,0,0,0,0,0,0,0,0,0,0,0,0,0,0,0,0.0,0,0,0,0,0,0,0,0,0,0,0,0.0,0,0,0.0,0.0,0.0,0.0,0.0,0.0,0.0
4.78,0,0,0.0,0,0,0.0,0,0,0.0,0,0,0,0,0,0.0,0,0,0.0,0,0,0,0,0,0,0,0,0,0,0,0,0,0,0,0,0,0,0,0,0.0,0,0,0,0,0,0,0,0,0,0,0,0.0,0,0,0.0,0.0,0.0,0.0,0.0,0.0,0.0
4.79,0,0,0.0,0,0,0.0,0,0,0.0,0,0,0,0,0,0.0,0,0,0.0,0,0,0,0,0,0,0,0,0,0,0,0,0,0,0,0,0,0,0,0,0.0,0,0,0,0,0,0,0,0,0,0,0,0.0,0,0,0.0,0.0,0.0,0.0,0.0,0.0,0.0
4.8,0,0,0.0,0,0,0.0,0,0,0.0,0,0,0,0,0,0.0,0,0,0.0,0,0,0,0,0,0,0,0,0,0,0,0,0,0,0,0,0,0,0,0,0.0,0,0,0,0,0,0,0,0,0,0,0,0.0,0,0,0.0,0.0,0.0,0.0,0.0,0.0,0.0
4.81,0,0,0.0,0,0,0.0,0,0,0.0,0,0,0,0,0,0.0,0,0,0.0,0,0,0,0,0,0,0,0,0,0,0,0,0,0,0,0,0,0,0,0,0.0,0,0,0,0,0,0,0,0,0,0,0,0.0,0,0,0.0,0.0,0.0,0.0,0.0,0.0,0.0
4.82,0,0,0.0,0,0,0.0,0,0,0.0,0,0,0,0,0,0.0,0,0,0.0,0,0,0,0,0,0,0,0,0,0,0,0,0,0,0,0,0,0,0,0,0.0,0,0,0,0,0,0,0,0,0,0,0,0.0,0,0,0.0,0.0,0.0,0.0,0.0,0.0,0.0
4.83,0,0,0.0,0,0,0.0,0,0,0.0,0,0,0,0,0,0.0,0,0,0.0,0,0,0,0,0,0,0,0,0,0,0,0,0,0,0,0,0,0,0,0,0.0,0,0,0,0,0,0,0,0,0,0,0,0.0,0,0,0.0,0.0,0.0,0.0,0.0,0.0,0.0
4.84,0,0,0.0,0,0,0.0,0,0,0.0,0,0,0,0,0,0.0,0,0,0.0,0,0,0,0,0,0,0,0,0,0,0,0,0,0,0,0,0,0,0,0,0.0,0,0,0,0,0,0,0,0,0,0,0,0.0,0,0,0.0,0.0,0.0,0.0,0.0,0.0,0.0
4.85,0,0,0.0,0,0,0.0,0,0,0.0,0,0,0,0,0,0.0,0,0,0.0,0,0,0,0,0,0,0,0,0,0,0,0,0,0,0,0,0,0,0,0,0.0,0,0,0,0,0,0,0,0,0,0,0,0.0,0,0,0.0,0.0,0.0,0.0,0.0,0.0,0.0
4.86,0,0,0.0,0,0,0.0,0,0,0.0,0,0,0,0,0,0.0,0,0,0.0,0,0,0,0,0,0,0,0,0,0,0,0,0,0,0,0,0,0,0,0,0.0,0,0,0,0,0,0,0,0,0,0,0,0.0,0,0,0.0,0.0,0.0,0.0,0.0,0.0,0.0
4.87,0,0,0.0,0,0,0.0,0,0,0.0,0,0,0,0,0,0.0,0,0,0.0,0,0,0,0,0,0,0,0,0,0,0,0,0,0,0,0,0,0,0,0,0.0,0,0,0,0,0,0,0,0,0,0,0,0.0,0,0,0.0,0.0,0.0,0.0,0.0,0.0,0.0
4.88,0,0,0.0,0,0,0.0,0,0,0.0,0,0,0,0,0,0.0,0,0,0.0,0,0,0,0,0,0,0,0,0,0,0,0,0,0,0,0,0,0,0,0,0.0,0,0,0,0,0,0,0,0,0,0,0,0.0,0,0,0.0,0.0,0.0,0.0,0.0,0.0,0.0
4.89,0,0,0.0,0,0,0.0,0,0,0.0,0,0,0,0,0,0.0,0,0,0.0,0,0,0,0,0,0,0,0,0,0,0,0,0,0,0,0,0,0,0,0,0.0,0,0,0,0,0,0,0,0,0,0,0,0.0,0,0,0.0,0.0,0.0,0.0,0.0,0.0,0.0
4.9,0,0,0.0,0,0,0.0,0,0,0.0,0,0,0,0,0,0.0,0,0,0.0,0,0,0,0,0,0,0,0,0,0,0,0,0,0,0,0,0,0,0,0,0.0,0,0,0,0,0,0,0,0,0,0,0,0.0,0,0,0.0,0.0,0.0,0.0,0.0,0.0,0.0
