time,CS1_waiting_num,CS1_charging_num,CS1_waiting_time,CS2_waiting_num,CS2_charging_num,CS2_waiting_time,CS3_waiting_num,CS3_charging_num,CS3_waiting_time,CS4_waiting_num,CS4_charging_num,CS4_waiting_time,CS5_waiting_num,CS5_charging_num,CS5_waiting_time,CS6_waiting_num,CS6_charging_num,CS6_waiting_time,CS7_waiting_num,CS7_charging_num,CS7_waiting_time,CS8_waiting_num,CS8_charging_num,CS8_waiting_time,CS0_waiting_num,CS0_charging_num,CS0_waiting_time,CS9_waiting_num,CS9_charging_num,CS9_waiting_time
0.01,0,0,0.0,0,0,0.0,0,0,0.0,0,0,0.0,0,0,0.0,0,0,0.0,0,0,0.0,0,0,0.0,0.0,0.0,0.0,0.0,0.0,0.0
0.02,0,0,0.0,0,0,0.0,0,0,0.0,0,0,0.0,0,0,0.0,0,0,0.0,0,0,0.0,0,0,0.0,0.0,0.0,0.0,0.0,0.0,0.0
0.03,0,0,0.0,0,0,0.0,0,0,0.0,0,0,0.0,0,0,0.0,0,0,0.0,0,0,0.0,0,0,0.0,0.0,0.0,0.0,0.0,0.0,0.0
0.04,0,0,0.0,0,0,0.0,0,0,0.0,0,0,0.0,0,0,0.0,0,0,0.0,0,0,0.0,0,0,0.0,0.0,0.0,0.0,0.0,0.0,0.0
0.05,0,0,0.0,0,0,0.0,0,0,0.0,0,0,0.0,0,0,0.0,0,0,0.0,0,0,0.0,0,0,0.0,0.0,0.0,0.0,0.0,0.0,0.0
0.06,0,0,0.0,0,0,0.0,0,0,0.0,0,0,0.0,0,0,0.0,0,0,0.0,0,0,0.0,0,0,0.0,0.0,0.0,0.0,0.0,0.0,0.0
0.07,0,0,0.0,0,0,0.0,0,0,0.0,0,0,0.0,0,0,0.0,0,0,0.0,0,0,0.0,0,0,0.0,0.0,0.0,0.0,0.0,0.0,0.0
0.08,0,0,0.0,0,0,0.0,0,0,0.0,0,0,0.0,0,0,0.0,0,0,0.0,0,0,0.0,0,0,0.0,0.0,0.0,0.0,0.0,0.0,0.0
0.09,0,0,0.0,0,0,0.0,0,0,0.0,0,0,0.0,0,0,0.0,0,0,0.0,0,0,0.0,0,0,0.0,0.0,0.0,0.0,0.0,0.0,0.0
0.1,0,0,0.0,0,0,0.0,0,0,0.0,0,0,0.0,0,0,0.0,0,0,0.0,0,0,0.0,0,0,0.0,0.0,0.0,1.4733333333333334,0.0,0.0,0.0
0.11,0,0,0.0,0,0,0.0,0,0,0.0,0,0,0.0,0,0,0.0,0,0,0.0,0,0,0.0,0,0,0.0,0.0,0.0,1.4633333333333334,0.0,0.0,0.0
0.12,0,0,0.0,0,0,0.0,0,0,0.0,0,0,0.0,0,0,0.0,0,0,0.0,0,0,0.0,0,0,0.0,0.0,0.0,1.4533333333333334,0.0,0.0,0.0
0.13,0,0,0.0,0,0,0.0,0,0,0.0,0,0,0.0,0,0,0.0,0,0,0.0,0,0,0.0,0,0,0.0,0.0,0.0,1.6400000000000003,0.0,0.0,0.0
0.14,0,0,0.0,0,0,0.0,0,0,0.0,0,0,0.0,0,0,0.0,0,0,0.0,0,0,0.0,0,0,0.0,0.0,0.0,1.6300000000000003,0.0,0.0,0.0
0.15,0,0,0.0,0,0,0.0,0,0,0.0,0,0,0.0,0,0,0.0,0,0,0.0,0,0,0.0,0,0,0.0,0.0,0.0,1.6200000000000003,0.0,0.0,0.0
0.16,0,0,0.0,0,0,0.0,0,0,0.0,0,0,0.0,0,0,0.0,0,0,0.0,0,0,0.0,0,0,0.0,0.0,0.0,1.6100000000000003,0.0,0.0,0.0
0.17,0,0,0.0,0,0,0.0,0,0,0.0,0,0,0.0,0,0,0.0,0,0,0.0,0,0,0.0,0,0,0.0,0.0,0.0,1.6000000000000003,0.0,0.0,0.0
0.18,0,0,0.0,0,0,0.0,0,0,0.0,0,0,0.0,0,0,0.0,0,0,0.0,0,0,0.0,0,0,0.0,0.0,0.0,1.5900000000000003,0.0,0.0,0.0
0.19,0,0,0.0,0,0,0.0,0,0,0.0,0,0,0.0,0,0,0.0,0,0,0.0,0,0,0.0,0,0,0.0,0.0,0.0,1.5800000000000003,0.0,0.0,0.0
0.2,0,0,0.0,0,0,0.0,0,0,0.0,0,0,0.0,0,0,0.0,0,0,0.0,0,0,0.0,0,0,0.0,0.0,0.0,1.5700000000000003,0.0,0.0,0.0
0.21,0,0,0.0,0,0,0.0,0,0,0.0,0,0,0.0,0,0,0.0,0,0,0.0,0,0,0.0,0,0,0.0,0.0,0.0,1.5600000000000003,0.0,0.0,0.0
0.22,0,0,0.0,0,0,0.0,0,0,0.0,0,0,0.0,0,0,0.0,0,0,0.0,0,0,0.0,0,0,0.0,0.0,0.0,1.5500000000000003,0.0,0.0,0.0
0.23,0,0,0.0,0,0,0.0,0,0,0.0,0,0,0.0,0,0,0.0,0,0,0.0,0,0,0.0,0,0,0.0,0.0,0.0,1.5400000000000003,0.0,0.0,0.0
0.24,0,0,0.0,0,0,0.0,0,0,0.0,0,0,0.0,0,0,0.0,0,0,0.0,0,0,0.0,0,0,0.0,0.0,0.0,1.5300000000000002,0.0,0.0,0.0
0.25,0,0,0.0,0,0,0.0,0,0,0.0,0,0,0.0,0,0,0.0,0,0,0.0,0,0,0.0,0,0,0.0,0.0,0.0,1.5200000000000002,0.0,0.0,0.0
0.26,0,0,0.0,0,0,0.0,0,0,0.0,0,0,0.0,0,0,0.0,0,0,0.0,0,0,0.0,0,0,0.0,0.0,0.0,1.5100000000000002,0.0,0.0,0.0
0.27,0,0,0.0,0,0,0.0,0,0,0.0,0,0,0.0,0,0,0.0,0,0,0.0,0,0,0.0,0,0,0.0,0.0,0.0,1.5000000000000002,0.0,0.0,0.0
0.28,0,0,0.0,0,0,0.0,0,0,0.0,0,0,0.0,0,0,0.0,0,0,0.0,0,0,0.0,0,0,0.0,0.0,0.0,1.4900000000000002,0.0,0.0,0.0
0.29,0,0,0.0,0,0,0.0,0,0,0.0,0,0,0.0,0,0,0.0,0,0,0.0,0,0,0.0,0,0,0.0,0.0,0.0,1.4800000000000002,0.0,0.0,0.0
0.3,0,0,0.0,0,0,0.0,0,0,0.0,0,0,0.0,0,0,0.0,0,0,0.0,0,0,0.0,0,0,0.0,0.0,0.0,1.4700000000000002,0.0,0.0,0.0
0.31,0,0,0.0,0,0,0.0,0,0,0.0,0,0,0.0,0,0,0.0,0,0,0.0,0,0,0.0,0,0,0.0,0.0,0.0,1.4600000000000002,0.0,0.0,0.0
0.32,0,0,0.0,0,0,0.0,0,0,0.0,0,0,0.0,0,0,0.0,0,0,0.0,0,0,0.0,0,0,0.0,0.0,0.0,1.4500000000000002,0.0,1.0,0.0
0.33,0,0,0.0,0,0,0.0,0,0,0.0,0,0,0.0,0,0,0.0,0,0,0.0,0,0,0.0,0,0,0.0,0.0,0.0,1.4400000000000002,0.0,1.0,0.0
0.34,0,0,0.0,0,0,0.0,0,0,0.0,0,0,0.0,0,0,0.0,0,0,0.0,0,0,0.0,0,0,0.0,0.0,0.0,1.4300000000000002,0.0,1.0,0.0
0.35,0,0,0.0,0,0,0.0,0,0,0.0,0,0,0.0,0,0,0.0,0,0,0.0,0,0,0.0,0,0,0.0,0.0,0.0,1.4200000000000002,0.0,1.0,0.0
0.36,0,0,0.0,0,0,0.0,0,0,0.0,0,0,0.0,0,0,0.0,0,0,0.0,0,0,0.0,0,0,0.0,0.0,0.0,1.4100000000000001,0.0,1.0,0.0
0.37,0,0,0.0,0,0,0.0,0,0,0.0,0,0,0.0,0,0,0.0,0,0,0.0,0,0,0.0,0,0,0.0,0.0,0.0,1.4000000000000001,0.0,1.0,0.0
0.38,0,0,0.0,0,0,0.0,0,0,0.0,0,0,0.0,0,0,0.0,0,0,0.0,0,0,0.0,0,0,0.0,0.0,0.0,1.3900000000000001,0.0,1.0,0.0
0.39,0,0,0.0,0,0,0.0,0,0,0.0,0,0,0.0,0,0,0.0,0,0,0.0,0,0,0.0,0,0,0.0,0.0,0.0,2.6666666666666723,0.0,1.0,0.0
0.4,0,0,0.0,0,0,0.0,0,0,0.0,0,0,0.0,0,0,0.0,0,0,0.0,0,0,0.0,0,0,0.0,0.0,0.0,2.6566666666666725,0.0,1.0,0.0
0.41,0,0,0.0,0,0,0.0,0,0,0.0,0,0,0.0,0,0,0.0,0,0,0.0,0,0,0.0,0,0,0.0,0.0,0.0,2.6466666666666727,0.0,1.0,0.0
0.42,0,0,0.0,0,0,0.0,0,0,0.0,0,0,0.0,0,0,0.0,0,0,0.0,0,0,0.0,0,0,0.0,0.0,0.0,2.636666666666673,0.0,1.0,0.0
0.43,0,0,0.0,0,0,0.0,0,0,0.0,0,0,0.0,0,0,0.0,0,0,0.0,0,0,0.0,0,0,0.0,0.0,0.0,2.8233333333333346,0.0,1.0,0.0
0.44,0,0,0.0,0,0,0.0,0,0,0.0,0,0,0.0,0,0,0.0,0,0,0.0,0,0,0.0,0,0,0.0,0.0,0.0,2.813333333333335,0.0,1.0,0.0
0.45,0,0,0.0,0,0,0.0,0,0,0.0,0,0,0.0,0,0,0.0,0,0,0.0,0,0,0.0,0,0,0.0,0.0,0.0,2.9816666666666736,0.0,1.0,0.0
0.46,0,0,0.0,0,0,0.0,0,0,0.0,0,0,0.0,0,0,0.0,0,0,0.0,0,0,0.0,0,0,0.0,0.0,0.0,2.971666666666674,0.0,1.0,0.0
0.47,0,0,0.0,0,0,0.0,0,0,0.0,0,0,0.0,0,0,0.0,0,0,0.0,0,0,0.0,0,0,0.0,0.0,0.0,3.1583333333333354,0.0,1.0,0.0
0.48,0,0,0.0,0,0,0.0,0,0,0.0,0,0,0.0,0,0,0.0,0,0,0.0,0,0,0.0,0,0,0.0,0.0,0.0,3.1483333333333356,0.0,1.0,0.0
0.49,0,0,0.0,0,0,0.0,0,0,0.0,0,0,0.0,0,0,0.0,0,0,0.0,0,0,0.0,0,0,0.0,0.0,0.0,3.138333333333336,0.0,1.0,0.0
0.5,0,0,0.0,0,0,0.0,0,0,0.0,0,0,0.0,0,0,0.0,0,0,0.0,0,0,0.0,0,0,0.0,0.0,0.0,3.128333333333336,0.0,1.0,0.0
0.51,0,0,0.0,0,0,0.0,0,0,0.0,0,0,0.0,0,0,0.0,0,0,0.0,0,0,0.0,0,0,0.0,0.0,0.0,3.1183333333333363,0.0,1.0,0.0
0.52,0,0,0.0,0,0,0.0,0,0,0.0,0,0,0.0,0,0,0.0,0,0,0.0,0,0,0.0,0,0,0.0,0.0,0.0,3.1083333333333365,0.0,1.0,0.0
0.53,0,0,0.0,0,0,0.0,0,0,0.0,0,0,0.0,0,0,0.0,0,0,0.0,0,0,0.0,0,0,0.0,0.0,0.0,3.0983333333333367,0.0,1.0,0.0
0.54,0,0,0.0,0,0,0.0,0,0,0.0,0,0,0.0,0,0,0.0,0,0,0.0,0,0,0.0,0,0,0.0,0.0,0.0,3.088333333333337,0.0,1.0,0.0
0.55,0,0,0.0,0,0,0.0,0,0,0.0,0,0,0.0,0,0,0.0,0,0,0.0,0,0,0.0,0,0,0.0,0.0,0.0,3.078333333333337,0.0,1.0,0.0
0.56,0,0,0.0,0,0,0.0,0,0,0.0,0,0,0.0,0,0,0.0,0,0,0.0,0,0,0.0,0,0,0.0,0.0,0.0,3.318333333333337,0.0,1.0,0.0
0.57,0,0,0.0,0,0,0.0,0,0,0.0,0,0,0.0,0,0,0.0,0,0,0.0,0,0,0.0,0,0,0.0,0.0,0.0,3.308333333333337,0.0,1.0,0.0
0.58,0,0,0.0,0,0,0.0,0,0,0.0,0,0,0.0,0,0,0.0,0,0,0.0,0,0,0.0,0,0,0.0,0.0,0.0,3.5483333333333373,0.0,1.0,0.0
0.59,0,0,0.0,0,0,0.0,0,0,0.0,0,0,0.0,0,0,0.0,0,0,0.0,0,0,0.0,0,0,0.0,0.0,0.0,3.5383333333333375,0.0,1.0,0.0
0.6,0,0,0.0,0,0,0.0,0,0,0.0,0,0,0.0,0,0,0.0,0,0,0.0,0,0,0.0,0,0,0.0,0.0,0.0,3.5283333333333378,0.0,1.0,0.0
0.61,0,0,0.0,0,0,0.0,0,0,0.0,0,0,0.0,0,0,0.0,0,0,0.08749999999999952,0,1,0.0,0,0,0.0,0.0,0.0,3.571666666666677,0.0,1.0,0.0
0.62,0,0,0.0,0,0,0.0,0,0,0.0,0,0,0.0,0,0,0.0,0,0,0.07749999999999953,0,1,0.0,0,0,0.0,0.0,0.0,3.561666666666677,0.0,1.0,0.0
0.63,0,0,0.0,0,0,0.0,0,0,0.0,0,0,0.0,0,0,0.0,0,0,0.06749999999999953,0,1,0.0,0,0,0.0,0.0,0.0,3.5516666666666774,0.0,1.0,0.0
0.64,0,0,0.0,0,0,0.0,0,0,0.0,0,0,0.0,0,0,0.0,0,0,0.05749999999999953,0,1,0.0,0,0,0.0,0.0,0.0,3.5416666666666776,0.0,1.0,0.0
0.65,0,0,0.0,0,0,0.0,0,0,0.0,0,0,0.0,0,0,0.0,0,0,1.5708333333333333,0,1,0.0,0,0,0.0,0.0,0.0,3.531666666666678,1.0,1.0,0.0
0.66,0,0,0.0,0,0,0.0,0,0,0.0,0,0,0.0,0,0,0.0,0,0,1.5608333333333333,0,1,0.0,0,0,0.0,0.0,0.0,3.718333333333339,1.0,1.0,0.0
0.67,0,0,0.0,0,0,0.0,0,0,0.0,0,0,0.0,0,0,0.0,0,0,1.6483333333333328,0,1,0.0,0,0,0.0,0.0,0.0,3.7083333333333393,2.0,1.0,0.0
0.68,0,0,0.0,0,0,0.0,0,0,0.0,0,0,0.0,0,0,0.0,0,0,1.6383333333333328,0,1,0.0,0,0,0.0,0.0,0.0,3.6983333333333395,2.0,1.0,0.0
0.69,0,0,0.0,0,0,0.0,0,0,0.0,0,0,0.0,0,0,0.0,0,0,1.6283333333333327,0,1,0.0,0,0,0.0,0.0,0.0,3.6883333333333397,2.0,1.0,0.0
0.7,0,0,0.0,0,0,0.0,0,0,0.0,0,0,0.0,0,0,0.0,0,0,1.6183333333333327,0,1,0.0,0,0,0.0,0.0,0.0,3.67833333333334,2.0,0.0,0.0
0.71,0,0,0.0,0,0,0.0,0,0,0.0,0,0,0.0,0,0,0.0,0,0,1.6083333333333327,0,1,0.0,0,0,0.0,0.0,0.0,3.66833333333334,1.0,1.0,0.0
0.72,0,0,0.0,0,0,0.0,0,0,0.0,0,0,0.0,0,0,0.0,0,0,1.5983333333333327,0,1,0.0,0,0,0.0,0.0,0.0,3.6583333333333403,1.0,1.0,0.0
0.73,0,0,0.0,0,0,0.0,0,0,0.0,0,0,0.0,0,0,0.0,0,0,1.5883333333333327,0,1,0.0,0,0,0.0,0.0,0.0,3.6483333333333405,1.0,1.0,0.0
0.74,0,0,0.0,0,0,0.0,0,0,0.0,0,0,0.0,0,0,0.0,0,0,1.5783333333333327,0,1,0.0,0,0,0.0,0.0,0.0,3.6383333333333407,1.0,1.0,0.0
0.75,0,0,0.0,0,0,0.0,0,0,0.0,0,0,0.0,0,0,0.0,0,0,1.5683333333333327,0,1,0.0,0,0,0.0,0.0,0.0,3.628333333333341,1.0,1.0,0.0
0.76,0,0,0.0,0,0,0.0,0,0,0.0,0,0,0.0,0,0,0.0,0,0,1.5583333333333327,0,1,0.0,0,0,0.0,0.0,0.0,3.618333333333341,1.0,1.0,0.0
0.77,0,0,0.0,0,0,0.0,0,0,0.0,0,0,0.0,0,0,0.0,0,0,1.5483333333333327,0,1,0.0,0,0,0.0,0.0,0.0,3.6083333333333414,1.0,1.0,0.0
0.78,0,0,0.0,0,0,0.0,0,0,0.0,0,0,0.0,0,0,0.0,0,0,1.5383333333333327,0,1,0.0,0,0,0.0,0.0,0.0,3.5983333333333416,1.0,1.0,0.0
0.79,0,0,0.0,0,0,0.0,0,0,0.0,0,0,0.0,0,0,0.0,0,0,1.5283333333333327,0,1,0.0,0,0,0.0,0.0,0.0,3.891666666666681,1.0,1.0,0.0
0.8,0,0,0.0,0,0,0.0,0,0,0.0,0,0,0.0,0,0,0.0,0,0,1.5183333333333326,0,1,0.0,0,0,0.0,0.0,0.0,3.881666666666681,1.0,1.0,0.0
0.81,0,0,0.0,0,1,0.0,0,0,0.0,0,0,0.0,0,0,0.0,0,0,1.5083333333333326,0,1,0.0,0,0,0.0,0.0,0.0,4.121666666666681,1.0,1.0,0.0
0.82,0,0,0.0,0,1,0.0,0,0,0.0,0,0,0.0,0,0,0.0,0,0,1.4983333333333326,0,1,0.0,0,0,0.0,0.0,0.0,4.1116666666666815,1.0,1.0,0.0
0.83,0,0,0.0,0,1,0.0,0,0,0.0,0,0,0.0,0,0,0.0,0,0,1.4883333333333326,0,1,0.0,0,0,0.0,0.0,0.0,4.101666666666682,1.0,1.0,0.0
0.84,0,0,0.0,0,1,0.0,0,0,0.0,0,0,0.0,0,0,0.0,0,0,1.4783333333333326,0,1,0.0,0,0,0.0,0.0,0.0,4.163333333333343,1.0,1.0,0.0
0.85,0,0,0.0,0,1,0.0,0,0,0.0,0,0,0.0,0,0,0.0,0,0,1.4683333333333326,0,1,0.0,0,0,0.0,0.0,0.0,4.153333333333343,1.0,1.0,0.0
0.86,0,0,0.0,0,1,0.0,0,1,0.0,0,0,0.0,0,0,0.0,0,0,1.4583333333333326,0,1,0.0,0,0,0.0,0.0,0.0,4.143333333333343,1.0,1.0,0.0
0.87,0,0,0.0,0,1,0.0,0,1,0.0,0,0,0.0,0,0,0.0,0,0,1.4483333333333326,0,1,0.0,0,0,0.0,0.0,0.0,4.1333333333333435,1.0,1.0,0.0
0.88,0,0,0.88375,0,2,0.0,0,1,0.0,0,0,0.0,0,0,0.0,0,0,1.4383333333333326,0,1,0.0,0,0,0.0,0.0,0.0,4.373333333333344,1.0,1.0,0.0
0.89,0,0,0.87375,0,2,0.0,0,1,0.0,0,0,0.0,0,0,0.0,0,0,1.4283333333333326,0,1,0.0,0,0,0.0,0.0,0.0,4.363333333333344,1.0,1.0,0.0
0.9,0,0,0.86375,0,2,0.0,0,1,0.0,0,0,0.0,0,0,0.0,0,0,1.4183333333333326,0,1,0.0,0,0,0.0,0.0,0.0,4.728333333333344,1.0,1.0,0.0
0.91,0,0,0.85375,0,2,0.0,0,1,0.0,0,0,0.0,0,0,0.0,0,0,1.4083333333333325,0,1,0.0,0,0,0.0,0.0,0.0,4.718333333333344,1.0,1.0,0.0
0.92,0,0,0.84375,0,2,0.0,0,1,0.0,0,0,0.0,0,0,0.0,0,0,1.3983333333333325,0,1,0.0,0,0,0.0,0.0,0.0,4.708333333333345,1.0,1.0,0.0
0.93,0,0,0.83375,0,2,0.0,0,1,0.0,0,0,0.0,0,0,0.0,0,0,1.3883333333333325,0,1,0.0,0,0,0.0,0.0,0.0,4.698333333333345,1.0,1.0,0.0
0.94,0,0,0.82375,0,2,0.0,0,1,0.0,0,0,0.0,0,0,0.0,0,0,1.3783333333333325,0,1,0.0,0,0,0.0,0.0,0.0,5.063333333333345,1.0,1.0,0.0
0.95,0,0,0.81375,0,2,0.0,0,1,0.0,0,0,0.0,0,0,0.0,0,0,1.3683333333333325,0,1,0.0,0,0,0.0,0.0,0.0,5.731666666666685,1.0,1.0,0.0
0.96,0,0,0.80375,0,2,0.0,0,1,0.0,0,0,0.0,0,0,0.0,0,0,1.3583333333333325,0,1,0.0,0,0,0.0,0.0,0.0,5.721666666666685,1.0,1.0,0.0
0.97,0,0,0.79375,0,2,0.0,0,1,0.0,0,0,0.0,0,0,0.0,0,0,1.3483333333333325,0,1,0.0,0,0,0.0,0.0,0.0,5.7116666666666855,1.0,1.0,0.0
0.98,0,0,0.78375,0,2,0.0,0,1,0.0,0,0,0.0,0,0,0.0,0,0,1.3383333333333325,0,1,0.0,0,0,0.0,0.0,0.0,5.701666666666686,1.0,1.0,0.0
0.99,0,0,0.7737499999999999,0,2,0.0,0,1,0.0,0,0,0.0,0,0,0.0,0,0,1.3283333333333325,0,1,0.0,0,0,0.0,0.0,0.0,6.191666666666686,1.0,1.0,0.0
1.0,0,0,0.7637499999999999,0,2,0.0,0,1,0.0,0,0,0.0,0,0,0.0,0,0,1.3183333333333325,0,1,0.0,0,0,0.0,0.0,0.0,6.181666666666686,1.0,1.0,0.0
1.01,0,0,0.7537499999999999,0,2,0.0,0,1,0.0,0,0,0.0,0,0,0.0,0,0,1.3083333333333325,0,1,0.0,0,0,0.0,0.0,0.0,6.171666666666686,1.0,1.0,0.0
1.02,0,0,0.7437499999999999,0,2,0.0,0,1,0.0,0,0,0.0,0,0,0.0,0,0,1.2983333333333325,0,1,0.0,0,0,0.0,0.0,0.0,6.161666666666687,1.0,1.0,0.0
1.03,0,0,0.7337499999999999,0,2,0.0,0,1,0.0,0,0,0.0,0,0,0.0,0,0,1.2883333333333324,0,1,0.0,0,0,0.0,0.0,0.0,6.151666666666687,1.0,1.0,0.0
1.04,0,0,0.7237499999999999,0,2,0.0,0,1,0.0,0,0,0.0,0,0,0.0,0,0,1.2783333333333324,0,1,0.0,0,0,0.0,0.0,0.0,6.141666666666687,1.0,1.0,0.0
1.05,0,0,0.7137499999999999,0,2,0.0,0,1,0.0,0,0,0.0,0,0,0.0,0,0,1.2683333333333324,0,1,0.0,0,0,0.0,0.0,0.0,6.131666666666687,1.0,1.0,0.0
1.06,0,0,0.7037499999999999,0,2,0.0,0,1,0.0,0,0,0.0,0,0,0.0,0,0,1.2583333333333324,0,1,0.0,0,0,0.0,0.0,0.0,6.1216666666666875,1.0,1.0,0.0
1.07,0,0,0.6937499999999999,0,2,0.0,0,1,0.0,0,0,0.0,0,0,0.0,0,0,1.2483333333333324,0,1,0.0,0,0,0.0,0.0,0.0,6.111666666666688,1.0,1.0,0.0
1.08,0,0,0.6837499999999999,0,2,0.0,0,1,0.0,0,0,0.0,0,0,0.0,0,0,1.2383333333333324,0,1,0.0,0,0,0.0,0.0,0.0,6.101666666666688,1.0,1.0,0.0
1.09,0,0,0.6737499999999998,0,2,0.0,0,1,0.0,0,0,0.0,0,0,0.0,0,0,1.2283333333333324,0,1,0.0,0,0,0.0,0.0,0.0,6.091666666666688,1.0,1.0,0.0
1.1,0,0,0.6637499999999998,0,2,0.0,0,1,0.0,0,0,0.0,0,0,0.0,0,0,1.2183333333333324,0,1,0.0,0,0,0.0,0.0,0.0,6.081666666666688,1.0,1.0,0.0
1.11,0,0,0.6537499999999998,0,2,0.0,0,1,0.0,0,0,0.0,0,0,0.0,0,0,1.2083333333333324,0,1,0.0,0,0,0.0,0.0,0.0,6.0716666666666885,1.0,1.0,0.0
1.12,0,0,0.6437499999999998,0,2,0.0,0,1,0.0,0,0,0.0,0,0,0.0,0,0,1.1983333333333324,0,1,0.0,0,0,0.0,0.0,0.0,6.061666666666689,1.0,1.0,0.0
1.13,0,0,0.6337499999999998,0,2,0.0,0,1,0.0,0,0,0.0,0,0,0.0,0,0,1.1883333333333324,0,1,0.0,0,0,0.0,0.0,0.0,6.051666666666689,1.0,1.0,0.0
1.14,0,0,0.6237499999999998,0,2,0.0,0,1,0.0,0,0,0.0,0,0,0.0,0,0,1.1783333333333323,0,1,0.0,0,0,0.0,0.0,0.0,6.041666666666689,1.0,1.0,0.0
1.15,0,0,0.6137499999999998,0,2,0.0,0,1,0.0,0,0,0.0,0,0,0.0,0,0,1.1683333333333323,0,1,0.0,0,0,0.0,0.0,0.0,6.031666666666689,1.0,1.0,0.0
1.16,0,0,0.6037499999999998,0,2,0.0,0,1,0.0,0,0,0.0,0,0,0.0,0,0,1.1583333333333323,0,1,0.0,0,0,0.0,0.0,0.0,6.02166666666669,1.0,1.0,0.0
1.17,0,0,0.5937499999999998,0,2,0.0,0,1,0.0,0,0,0.0,0,0,0.0,0,0,1.1483333333333323,0,1,0.0,0,0,0.0,0.0,0.0,6.01166666666669,1.0,1.0,0.0
1.18,0,0,0.9804166666666669,1,2,1.0637499999999995,0,2,0.0,0,0,0.0,0,0,0.0,0,0,1.1383333333333323,0,1,0.0,0,0,0.0,0.0,0.0,6.00166666666669,1.0,1.0,0.0
1.19,0,0,0.9704166666666669,1,2,1.0537499999999995,0,2,0.0,0,0,0.0,0,0,0.0,0,0,1.1283333333333323,0,1,0.0,0,0,0.0,0.0,0.0,5.99166666666669,1.0,1.0,0.0
1.2,0,0,0.9604166666666669,1,2,1.0437499999999995,0,2,0.0,0,0,0.0,0,0,0.0,0,0,1.1183333333333323,0,1,0.0,0,0,0.0,0.0,0.0,5.9816666666666904,1.0,1.0,0.0
1.21,0,0,0.9504166666666669,1,2,1.0337499999999995,0,2,0.0,0,0,0.0,0,0,0.0,0,0,1.1083333333333323,0,1,0.0,0,0,0.0,0.0,0.0,5.971666666666691,1.0,1.0,0.0
1.22,0,0,0.9404166666666669,1,2,1.0237499999999995,0,2,0.0,0,0,0.0,0,0,0.0,0,0,1.0983333333333323,0,1,0.0,0,1,0.0,0.0,0.0,5.961666666666691,1.0,1.0,0.0
1.23,0,0,0.9304166666666669,1,2,1.0137499999999995,0,2,0.0,0,0,0.0,0,0,0.0,0,0,1.0883333333333323,0,1,0.28625,0,2,0.0,0.0,0.0,5.951666666666691,1.0,1.0,0.0
1.24,0,0,0.9204166666666669,1,2,1.0037499999999995,0,2,0.0,0,0,0.0,0,0,0.0,0,0,1.0783333333333323,0,1,0.27625,0,2,0.0,0.0,0.0,5.941666666666691,1.0,1.0,0.0
1.25,0,0,0.9104166666666669,1,2,0.9937499999999995,0,2,0.0,0,0,0.0,0,0,0.0,0,0,1.0683333333333322,0,1,0.26625,0,2,0.0,0.0,0.0,5.9316666666666915,1.0,1.0,0.0
1.26,0,0,0.9004166666666669,1,2,0.9837499999999995,0,2,0.0,0,0,0.0,0,0,0.0,0,0,1.0583333333333322,0,1,0.25625,0,2,0.0,0.0,0.0,5.921666666666692,1.0,1.0,0.0
1.27,0,0,0.8904166666666669,1,2,0.9737499999999994,0,2,0.0,0,0,0.0,0,0,0.0,0,0,1.0483333333333322,0,1,0.24624999999999997,0,2,0.0,0.0,0.0,5.911666666666692,1.0,1.0,0.0
1.28,0,0,0.8804166666666668,1,2,0.9637499999999994,0,2,0.0,0,0,0.0,0,0,0.0,0,0,1.0383333333333322,0,1,0.23624999999999996,0,2,0.0,0.0,0.0,5.901666666666692,1.0,1.0,0.0
1.29,0,0,0.8704166666666668,1,2,0.9537499999999994,0,2,0.0,0,0,0.0,0,0,0.0,0,0,1.0283333333333322,0,1,0.22624999999999995,0,2,0.0,0.0,0.0,5.891666666666692,1.0,1.0,0.0
1.3,0,0,0.8604166666666668,1,2,0.9437499999999994,0,2,0.0,0,0,0.0,0,0,0.0,0,0,1.0183333333333322,0,1,0.21624999999999994,0,2,0.0,0.0,0.0,5.881666666666693,1.0,1.0,0.0
1.31,0,0,0.8504166666666668,1,2,0.9337499999999994,0,2,0.0,0,0,0.0,0,0,0.0,0,0,1.0083333333333322,0,1,0.20624999999999993,0,2,0.0,0.0,0.0,5.871666666666693,1.0,1.0,0.0
1.32,0,0,0.8404166666666668,1,2,0.9237499999999994,0,2,0.0,0,0,0.0,0,0,0.0,0,0,0.9983333333333322,0,1,0.19624999999999992,0,2,0.0,0.0,0.0,5.861666666666693,1.0,1.0,0.0
1.33,0,0,0.8304166666666668,1,2,0.9137499999999994,0,2,0.0,0,0,0.0,0,0,0.0,0,0,0.9883333333333322,0,1,0.18624999999999992,0,2,0.0,0.0,0.0,5.851666666666693,1.0,1.0,0.0
1.34,0,0,0.8204166666666668,1,2,0.9037499999999994,0,2,0.0,0,0,0.0,0,0,0.0,0,0,0.9783333333333322,0,1,0.1762499999999999,0,2,0.0,0.0,0.0,5.841666666666693,1.0,1.0,0.0
1.35,0,0,0.8104166666666668,1,2,0.8937499999999994,0,2,0.0,0,0,0.0,0,0,0.0,0,0,0.9683333333333322,0,1,0.8012499999999997,1,2,0.0,0.0,0.0,5.831666666666694,1.0,1.0,0.0
1.36,0,0,0.8004166666666668,1,2,0.8837499999999994,0,2,0.0,0,0,0.0,0,0,0.0,0,0,0.9583333333333321,0,1,0.7912499999999997,1,2,0.0,0.0,0.0,5.821666666666694,1.0,1.0,0.0
1.37,0,0,0.7904166666666668,1,2,0.8737499999999994,0,2,0.0,0,0,0.0,0,0,0.0,0,0,0.9483333333333321,0,1,0.7812499999999997,1,2,0.0,0.0,0.0,5.811666666666694,1.0,1.0,0.0
1.38,0,0,0.7804166666666668,1,2,0.8637499999999994,0,2,0.0,0,0,0.0,0,0,0.0,0,0,0.9383333333333321,0,1,0.7712499999999997,1,2,0.0,0.0,0.0,5.801666666666694,1.0,1.0,0.0
1.39,0,0,0.7704166666666667,1,2,0.8537499999999993,0,2,0.0,0,0,0.0,0,0,0.0,0,0,0.9283333333333321,0,1,0.7612499999999996,1,2,0.0,0.0,0.0,5.7916666666666945,1.0,1.0,0.0
1.4,0,0,0.7604166666666667,1,2,0.8437499999999993,0,2,0.0,0,0,0.0,0,0,0.0,0,0,0.9183333333333321,0,1,0.7512499999999996,1,2,0.0,0.0,0.0,5.781666666666695,1.0,1.0,0.0
1.41,0,0,0.7504166666666667,1,2,0.8337499999999993,0,2,0.0,0,0,0.0,0,0,0.0,0,0,0.9083333333333321,0,1,0.7412499999999996,1,2,0.0,0.0,0.0,5.771666666666695,1.0,1.0,0.0
1.42,0,0,0.7404166666666667,1,2,0.8237499999999993,0,2,0.0,0,0,0.0,0,0,0.0,0,0,0.8983333333333321,0,1,0.7312499999999996,1,2,0.0,0.0,0.0,5.761666666666695,1.0,1.0,0.0
1.43,0,0,0.7304166666666667,1,2,0.8137499999999993,0,2,0.0,0,0,0.0,0,0,0.0,0,0,0.8883333333333321,0,1,0.7212499999999996,1,2,0.0,0.0,0.0,5.751666666666695,1.0,1.0,0.0
1.44,0,0,0.7204166666666667,1,2,0.8037499999999993,0,2,0.0,0,0,0.0,0,0,0.0,0,0,0.8783333333333321,0,1,0.7112499999999996,1,2,0.0,0.0,0.0,5.741666666666696,1.0,1.0,0.0
1.45,0,0,0.7104166666666667,1,2,0.7937499999999993,0,2,0.0,0,0,0.0,0,0,0.0,0,0,0.8683333333333321,0,1,0.7012499999999996,1,2,0.0,0.0,0.0,5.731666666666696,1.0,1.0,0.0
1.46,0,0,0.7004166666666667,1,2,0.7837499999999993,0,2,0.0,0,0,0.0,0,0,0.0,0,0,0.8583333333333321,0,1,0.6912499999999996,1,2,0.0,0.0,0.0,5.721666666666696,1.0,1.0,0.0
1.47,0,0,0.6904166666666667,1,2,0.7737499999999993,0,2,0.0,0,0,0.0,0,0,0.0,0,0,0.848333333333332,0,1,0.6812499999999996,1,2,0.0,0.0,0.0,5.711666666666696,1.0,1.0,0.0
1.48,0,0,0.6804166666666667,1,2,0.7637499999999993,0,2,0.0,0,0,0.0,0,0,0.0,0,0,0.838333333333332,0,1,0.6712499999999996,1,2,0.0,0.0,0.0,5.701666666666696,1.0,1.0,0.0
1.49,0,0,0.6704166666666667,1,2,0.7537499999999993,0,2,0.0,0,0,0.0,0,0,0.0,0,0,0.828333333333332,0,1,0.6612499999999996,1,2,0.0,0.0,0.0,5.691666666666697,1.0,1.0,0.0
1.5,0,0,0.6604166666666667,1,2,0.7437499999999992,0,2,0.0,0,0,0.0,0,0,0.0,0,0,0.818333333333332,0,1,0.6512499999999996,1,2,0.0,0.0,0.0,5.681666666666697,1.0,1.0,0.0
1.51,0,0,0.6504166666666666,1,2,0.7337499999999992,0,2,0.0,0,0,0.0,0,0,0.0,0,0,0.808333333333332,0,1,0.6412499999999995,1,2,0.0,0.0,0.0,5.671666666666697,1.0,1.0,0.0
1.52,0,0,0.6404166666666666,1,2,0.7237499999999992,0,2,0.0,0,0,0.0,0,1,0.0,0,0,0.798333333333332,0,1,0.6312499999999995,1,1,0.0,0.0,0.0,5.661666666666697,1.0,1.0,0.0
1.53,0,0,0.6304166666666666,1,2,0.7137499999999992,0,2,0.0,0,0,0.0,0,1,0.0,0,0,0.788333333333332,0,1,1.5524999999999993,1,2,0.0,0.0,0.0,5.6516666666666975,1.0,1.0,0.0
1.54,0,0,0.6204166666666666,1,2,0.7037499999999992,0,2,0.0,0,0,0.0,0,1,0.0,0,0,0.778333333333332,0,1,1.5424999999999993,1,2,0.0,0.0,0.0,5.641666666666698,1.0,1.0,0.0
1.55,0,0,0.6104166666666666,1,2,0.6937499999999992,0,2,0.0,0,0,0.0,0,1,0.0,0,0,0.768333333333332,0,1,1.5324999999999993,1,2,0.0,0.0,0.0,5.631666666666698,1.0,1.0,0.0
1.56,0,0,0.6004166666666666,1,2,0.6837499999999992,0,2,0.0,0,0,0.0,0,1,0.0,0,0,0.758333333333332,0,1,1.5224999999999993,1,2,0.0,0.0,0.0,5.621666666666698,1.0,1.0,0.0
1.57,0,0,0.5904166666666666,1,2,0.6737499999999992,0,2,0.0,0,0,1.2462499999999999,0,2,0.0,0,0,0.748333333333332,0,1,1.5124999999999993,1,2,0.0,0.0,0.0,5.611666666666698,1.0,1.0,0.0
1.58,0,0,0.5804166666666666,1,2,0.6637499999999992,0,2,0.0,0,0,1.2362499999999998,0,2,0.0,0,0,0.738333333333332,0,1,1.5024999999999993,1,2,0.0,0.0,0.0,5.6016666666666985,1.0,1.0,0.0
1.59,0,0,0.5704166666666666,1,2,0.6537499999999992,0,2,0.0,0,0,1.2262499999999998,0,2,0.0,0,0,0.728333333333332,0,1,1.4924999999999993,1,2,0.0,0.0,0.0,5.591666666666699,1.0,1.0,0.0
1.6,0,0,0.5604166666666666,1,2,0.6437499999999992,0,2,0.0,0,0,1.2162499999999998,0,2,0.0,0,0,0.7183333333333319,0,1,1.4824999999999993,1,2,0.0,0.0,0.0,5.581666666666699,1.0,1.0,0.0
1.61,0,0,0.5504166666666666,1,2,0.6337499999999991,0,2,0.0,0,0,1.2062499999999998,0,2,0.0,0,0,0.7083333333333319,0,1,1.4724999999999993,1,2,0.0,0.0,0.0,5.571666666666699,1.0,1.0,0.0
1.62,0,0,0.5404166666666665,1,2,0.6237499999999991,0,2,0.0,0,0,1.1962499999999998,0,2,0.0,0,0,0.6983333333333319,0,1,1.4624999999999992,1,2,0.0,0.0,0.0,5.561666666666699,1.0,1.0,0.0
1.63,0,0,0.5304166666666665,1,2,0.6137499999999991,0,2,0.0,0,0,1.1862499999999998,0,2,0.0,0,0,0.6883333333333319,0,1,1.4524999999999992,1,2,0.0,0.0,0.0,5.5516666666667,1.0,1.0,0.0
1.64,0,0,0.5204166666666665,1,2,0.6037499999999991,0,2,0.0,0,1,1.1762499999999998,0,2,0.0,0,0,0.6783333333333319,0,1,1.4424999999999992,1,2,0.0,0.0,0.0,5.5416666666667,1.0,1.0,0.0
1.65,0,0,0.5104166666666665,1,2,0.9137499999999994,1,2,0.0,0,1,1.1662499999999998,0,2,0.0,0,0,0.6683333333333319,0,1,1.4324999999999992,1,2,0.0,0.0,0.0,5.5316666666667,1.0,1.0,0.0
1.66,0,0,0.5004166666666665,1,2,0.9037499999999994,1,2,0.0,0,1,1.1562499999999998,0,2,0.0,0,0,0.6583333333333319,0,1,1.4224999999999992,1,2,0.0,0.0,0.0,5.5216666666667,1.0,1.0,0.0
1.67,0,0,0.4904166666666665,1,2,0.8937499999999994,1,2,0.0,0,1,1.1462499999999998,0,2,0.0,0,0,0.6483333333333319,0,1,1.4124999999999992,1,2,0.0,0.0,0.0,5.5116666666667005,1.0,1.0,0.0
1.68,0,0,0.4804166666666665,1,2,0.8837499999999994,1,2,0.0,0,1,1.1362499999999998,0,2,0.0,0,0,0.6383333333333319,0,1,1.4024999999999992,1,2,0.0,0.0,0.0,5.501666666666701,1.0,1.0,0.0
1.69,0,0,0.4704166666666665,1,2,0.8737499999999994,1,2,0.0,0,1,1.1262499999999998,0,2,0.0,0,0,0.6283333333333319,0,1,1.3924999999999992,1,2,0.0,0.0,0.0,5.491666666666701,1.0,1.0,0.0
1.7,0,0,0.4604166666666665,1,2,1.6124999999999992,2,2,1.17125,0,1,1.1162499999999997,0,2,0.0,0,0,0.6183333333333318,0,1,1.3824999999999992,1,2,0.0,0.0,0.0,5.481666666666701,1.0,2.0,0.0
1.71,0,0,0.45041666666666647,1,2,1.6024999999999991,2,2,1.16125,0,1,1.1062499999999997,0,2,0.0,0,0,0.6083333333333318,0,1,1.3724999999999992,1,2,0.0,0.0,0.0,5.471666666666701,1.0,2.0,0.0
1.72,0,0,0.44041666666666646,1,2,1.5924999999999991,2,2,1.1512499999999999,0,1,1.0962499999999997,0,2,0.0,0,0,0.5983333333333318,0,1,1.3624999999999992,1,2,0.0,0.0,0.0,5.4616666666667015,1.0,2.0,0.0
1.73,0,0,0.43041666666666645,1,2,1.5824999999999991,2,2,1.1412499999999999,0,1,1.0862499999999997,0,2,0.0,0,0,0.5883333333333318,0,1,1.3524999999999991,1,2,0.0,0.0,0.0,5.451666666666702,1.0,2.0,0.0
1.74,0,0,0.42041666666666644,1,2,1.5724999999999991,2,2,1.1312499999999999,0,1,1.0762499999999997,0,2,0.0,0,0,0.5783333333333318,0,1,1.3424999999999991,1,2,0.0,0.0,0.0,5.441666666666702,1.0,2.0,0.0
1.75,0,0,0.41041666666666643,1,2,1.5624999999999991,2,2,1.1212499999999999,0,1,1.0662499999999997,0,2,0.0,0,0,0.5683333333333318,0,1,1.3324999999999991,1,2,0.0,0.0,0.0,5.431666666666702,1.0,2.0,0.0
1.76,0,0,0.4004166666666664,1,1,1.552499999999999,2,2,1.1112499999999998,0,1,1.0562499999999997,0,2,0.0,0,0,0.5583333333333318,0,1,1.3224999999999991,1,2,0.0,0.0,0.0,5.421666666666702,1.0,2.0,0.0
1.77,0,0,0.3904166666666664,0,2,1.542499999999999,2,2,1.1662499999999998,1,1,1.0462499999999997,0,2,0.0,0,0,0.5483333333333318,0,1,1.3124999999999991,1,2,0.0,0.0,0.0,5.411666666666703,1.0,2.0,0.0
1.78,0,0,0.3804166666666664,0,2,1.532499999999999,2,2,1.1562499999999998,1,1,1.0362499999999997,0,2,0.0,0,0,0.5383333333333318,0,1,1.302499999999999,1,2,0.0,0.0,0.0,5.401666666666703,1.0,2.0,0.0
1.79,0,0,0.3704166666666664,0,2,1.522499999999999,2,2,1.1462499999999998,1,1,1.0262499999999997,0,2,0.0,0,0,0.5283333333333318,0,1,1.292499999999999,1,2,0.0,0.0,0.0,5.391666666666703,1.0,2.0,0.0
1.8,0,0,0.3604166666666664,0,2,1.512499999999999,2,2,1.1362499999999998,1,1,1.0162499999999997,0,2,0.0,0,0,0.5183333333333318,0,1,1.282499999999999,1,2,0.0,0.0,0.0,5.381666666666703,1.0,2.0,0.0
1.81,0,0,0.3504166666666664,0,2,1.502499999999999,2,2,1.1262499999999998,1,1,1.0062499999999996,0,2,0.0,0,0,0.5083333333333317,0,1,1.272499999999999,1,2,0.0,0.0,0.0,5.3716666666667034,1.0,2.0,0.0
1.82,0,0,0.34041666666666637,0,2,1.492499999999999,2,2,1.1162499999999997,1,1,0.9962499999999996,0,2,0.0,0,0,0.49833333333333174,0,1,1.262499999999999,1,2,0.0,0.0,0.0,5.361666666666704,1.0,2.0,0.0
1.83,0,0,0.33041666666666636,0,2,1.482499999999999,2,2,1.1062499999999997,1,1,0.9862499999999996,0,2,0.0,0,0,0.48833333333333173,0,1,1.252499999999999,1,2,0.0,0.0,0.0,5.351666666666704,1.0,2.0,0.0
1.84,0,0,0.32041666666666635,0,2,1.472499999999999,2,2,1.0962499999999997,1,1,0.9762499999999996,0,2,0.0,0,0,0.4783333333333317,0,1,1.242499999999999,1,2,0.0,0.0,0.0,5.341666666666704,1.0,2.0,0.0
1.85,0,0,0.31041666666666634,0,2,1.462499999999999,2,2,1.0862499999999997,1,1,0.9662499999999996,0,2,0.0,0,0,0.4683333333333317,0,1,1.232499999999999,1,2,0.0,0.0,0.0,5.331666666666704,1.0,2.0,0.0
1.86,0,0,0.30041666666666633,0,2,1.452499999999999,2,2,1.0762499999999997,1,1,0.9562499999999996,0,2,0.0,0,0,0.4583333333333317,0,1,1.222499999999999,1,2,0.0,0.0,0.0,5.3216666666667045,1.0,2.0,0.0
1.87,0,0,0.2904166666666663,0,2,1.442499999999999,2,2,1.0662499999999997,1,1,0.9462499999999996,0,2,0.0,0,0,0.4483333333333317,0,1,1.212499999999999,1,2,0.0,0.0,0.0,5.311666666666705,1.0,2.0,0.0
1.88,0,0,0.2804166666666663,0,2,1.432499999999999,2,2,1.8412499999999996,1,1,0.9362499999999996,0,2,0.0,0,0,0.4383333333333317,0,1,1.202499999999999,1,2,0.0,0.0,0.0,5.301666666666705,2.0,2.0,0.0
1.89,0,0,0.2704166666666663,0,2,1.422499999999999,2,2,1.8312499999999996,1,1,0.9262499999999996,0,2,0.0,0,0,0.4283333333333317,0,1,1.192499999999999,1,2,0.0,0.0,0.0,5.291666666666705,2.0,2.0,0.0
1.9,0,0,0.2604166666666663,0,2,1.412499999999999,2,2,1.8212499999999996,1,1,0.9162499999999996,0,2,0.0,0,0,0.41833333333333167,0,1,1.182499999999999,1,2,0.0,0.0,0.0,5.281666666666705,2.0,2.0,0.0
1.91,0,0,0.2504166666666663,0,2,1.402499999999999,2,2,1.8112499999999996,1,1,0.9062499999999996,0,2,0.0,0,0,0.40833333333333166,0,1,1.172499999999999,1,2,0.0,0.0,0.0,5.271666666666706,2.0,2.0,0.0
1.92,0,0,0.24041666666666628,0,2,1.392499999999999,2,2,1.8012499999999996,1,1,0.8962499999999995,0,2,0.0,0,0,0.39833333333333165,0,1,1.162499999999999,1,2,0.0,0.0,0.0,5.261666666666706,2.0,2.0,0.0
1.93,0,0,0.23041666666666627,0,2,1.382499999999999,2,2,1.7912499999999996,1,1,0.8862499999999995,0,2,0.0,0,0,0.38833333333333164,0,1,1.152499999999999,1,2,0.0,0.0,0.0,5.251666666666706,2.0,2.0,0.0
1.94,0,0,0.22041666666666626,0,2,1.372499999999999,2,2,1.7812499999999996,1,1,0.8762499999999995,0,2,0.0,0,0,0.37833333333333163,0,1,1.142499999999999,1,2,0.0,0.0,0.0,5.241666666666706,2.0,2.0,0.0
1.95,0,0,0.21041666666666625,0,2,1.362499999999999,2,2,1.7712499999999995,1,1,0.8662499999999995,0,2,0.0,0,0,0.3683333333333316,0,1,1.132499999999999,1,2,0.0,0.0,0.0,5.231666666666706,2.0,2.0,0.0
1.96,0,0,0.20041666666666624,0,2,1.352499999999999,2,2,1.7612499999999995,1,1,0.8562499999999995,0,2,0.0,0,0,0.3583333333333316,0,1,1.122499999999999,1,2,0.0,0.0,0.0,5.221666666666707,2.0,2.0,0.0
1.97,0,0,0.19041666666666623,0,2,1.342499999999999,2,2,1.7512499999999995,1,1,0.8462499999999995,0,2,0.0,0,0,0.3483333333333316,0,1,1.112499999999999,1,2,0.0,0.0,0.0,5.211666666666707,2.0,2.0,0.0
1.98,0,0,0.18041666666666623,0,2,1.332499999999999,2,2,1.7412499999999995,1,1,0.8362499999999995,0,2,0.0,0,0,0.3383333333333316,0,1,1.102499999999999,1,2,0.0,0.0,0.0,5.201666666666707,2.0,2.0,0.0
1.99,0,0,0.17041666666666622,0,2,1.322499999999999,2,2,1.7312499999999995,1,1,0.8262499999999995,0,2,0.0,0,0,0.3283333333333316,0,1,1.092499999999999,1,2,0.0,0.0,0.0,5.191666666666707,2.0,2.0,0.0
2.0,0,0,0.1604166666666662,0,2,1.312499999999999,2,2,1.7212499999999995,1,1,0.8162499999999995,0,2,0.0,0,0,0.3183333333333316,0,1,1.082499999999999,1,2,0.0,0.0,0.0,5.1816666666667075,2.0,2.0,0.0
2.01,0,0,0.1504166666666662,0,2,1.3024999999999989,2,2,1.7112499999999995,1,1,0.8062499999999995,0,2,0.0,0,0,0.30833333333333157,0,1,1.072499999999999,1,2,0.0,0.0,0.0,5.171666666666708,2.0,2.0,0.0
2.02,0,0,0.1404166666666662,0,2,1.2924999999999989,2,2,1.7012499999999995,1,1,0.7962499999999995,0,2,0.0,0,0,0.29833333333333156,0,1,1.062499999999999,1,2,0.0,0.0,0.0,5.161666666666708,2.0,2.0,0.0
2.03,0,0,0.13041666666666618,0,2,1.2824999999999989,2,2,1.6912499999999995,1,1,0.7862499999999994,0,2,0.0,0,0,0.28833333333333155,0,1,1.0524999999999989,1,2,0.0,0.0,0.0,5.151666666666708,2.0,2.0,0.0
2.04,0,0,0.12041666666666619,0,2,1.2724999999999989,2,2,1.6812499999999995,1,1,0.7762499999999994,0,2,0.0,0,0,0.27833333333333155,0,1,1.0424999999999989,1,2,0.0,0.0,0.0,5.141666666666708,2.0,2.0,0.0
2.05,0,0,0.11041666666666619,0,2,1.2624999999999988,2,2,1.6712499999999995,1,1,0.7662499999999994,0,2,0.0,0,0,0.26833333333333154,0,1,1.0324999999999989,1,2,0.0,0.0,0.0,5.131666666666709,2.0,2.0,0.0
2.06,0,0,0.1004166666666662,0,2,1.2524999999999988,2,2,1.6612499999999994,1,1,0.7562499999999994,0,2,0.0,0,0,0.2583333333333315,0,1,1.0224999999999989,1,2,0.0,0.0,0.0,5.121666666666709,2.0,2.0,0.0
2.07,0,0,0.0904166666666662,0,2,1.2424999999999988,2,2,1.6512499999999994,1,1,0.7462499999999994,0,2,0.0,0,0,0.24833333333333152,0,1,1.0124999999999988,1,2,0.0,0.0,0.0,5.111666666666709,2.0,2.0,0.0
2.08,0,0,0.0804166666666662,0,2,1.2324999999999988,2,2,1.6412499999999994,1,1,0.7362499999999994,0,2,0.0,0,0,0.2383333333333315,0,1,1.0024999999999988,1,2,0.0,0.0,0.0,5.101666666666709,2.0,2.0,0.0
2.09,0,0,0.07041666666666621,0,2,1.2224999999999988,2,2,1.6312499999999994,1,1,0.7262499999999994,0,2,0.0,0,0,0.2283333333333315,0,1,0.9924999999999988,1,2,0.0,0.0,0.0,5.091666666666709,2.0,2.0,0.0
2.1,0,0,0.06041666666666621,0,2,1.2124999999999988,2,2,1.6212499999999994,1,1,0.7162499999999994,0,2,0.0,0,0,0.2183333333333315,0,1,0.9824999999999988,1,2,0.0,0.0,0.0,5.08166666666671,2.0,2.0,0.0
2.11,0,0,0.05041666666666621,0,2,1.2024999999999988,2,2,1.6112499999999994,1,1,0.7062499999999994,0,2,0.0,0,0,0.20833333333333148,0,1,0.9724999999999988,1,2,0.0,0.0,0.0,5.07166666666671,2.0,2.0,0.0
2.12,0,0,0.040416666666666205,0,2,1.1924999999999988,2,2,1.6012499999999994,1,1,0.6962499999999994,0,2,0.0,0,0,0.19833333333333147,0,1,0.9624999999999988,1,2,0.0,0.0,0.0,5.06166666666671,2.0,2.0,0.0
2.13,0,0,0.030416666666666203,0,2,1.1824999999999988,2,2,1.5912499999999994,1,1,0.6862499999999994,0,2,0.0,0,0,0.18833333333333147,0,1,0.9524999999999988,1,2,0.0,0.0,0.0,5.05166666666671,2.0,2.0,0.0
2.14,0,0,0.0204166666666662,0,2,1.1724999999999988,2,2,1.5812499999999994,1,1,0.6762499999999994,0,2,0.0,0,0,0.17833333333333146,0,1,0.9424999999999988,1,2,0.0,0.0,0.0,5.0416666666667105,2.0,2.0,0.0
2.15,0,0,0.010416666666666201,0,2,1.1624999999999988,2,2,1.5712499999999994,1,1,0.6662499999999993,0,2,0.0,0,0,0.16833333333333145,0,1,0.9324999999999988,1,1,0.0,0.0,0.0,5.031666666666711,2.0,2.0,0.0
2.16,0,0,0,0,1,1.1524999999999987,2,2,1.5612499999999994,1,1,0.6562499999999993,0,2,0.0,0,0,0.15833333333333144,0,1,0.9224999999999988,0,2,0.0,0.0,0.0,5.021666666666711,2.0,4.0,0.0
2.17,0,0,0,0,1,1.1424999999999987,2,2,1.5512499999999994,1,1,0.6462499999999993,0,2,0.0,0,0,0.14833333333333143,0,1,0.9124999999999988,0,2,0.0,0.0,0.0,5.011666666666711,2.0,4.0,0.0
2.18,0,0,0,0,1,1.1324999999999987,2,2,1.5412499999999993,1,1,0.6362499999999993,0,2,0.0,0,0,0.13833333333333142,0,1,0.9024999999999987,0,2,0.0,0.0,0.0,5.001666666666711,2.0,4.0,0.0
2.19,0,0,0,0,1,1.1224999999999987,2,2,1.5312499999999993,1,1,0.6262499999999993,0,2,0.0,0,0,0.1283333333333314,0,1,0.8924999999999987,0,2,0.0,0.0,0.0,4.9916666666667115,2.0,4.0,0.0
2.2,0,0,0,0,1,1.1124999999999987,2,2,1.5212499999999993,1,1,0.6162499999999993,0,2,0.0,0,0,0.11833333333333142,0,1,0.8824999999999987,0,2,0.0,0.0,0.0,4.981666666666712,2.0,4.0,0.0
2.21,0,0,0,0,1,1.1024999999999987,2,2,1.5112499999999993,1,1,0.6062499999999993,0,2,0.0,0,0,0.10833333333333142,0,1,0.8724999999999987,0,2,0.7899999999999997,0.0,0.0,4.971666666666712,2.0,5.0,0.0
2.22,0,0,0,0,1,1.0924999999999987,2,2,1.5012499999999993,1,1,0.5962499999999993,0,2,0.0,0,0,0.09833333333333143,0,0,0.8624999999999987,0,2,0.7799999999999997,0.0,0.0,4.961666666666712,2.0,5.0,0.0
2.23,0,0,0,0,1,1.0824999999999987,2,2,1.4912499999999993,1,1,0.5862499999999993,0,2,0.0,0,0,0.08833333333333143,0,0,0.8524999999999987,0,2,0.7699999999999997,0.0,0.0,4.951666666666712,1.0,6.0,0.0
2.24,0,0,0,0,1,1.0724999999999987,2,1,1.4812499999999993,1,1,0.5762499999999993,0,2,0.0,0,0,0.07833333333333144,0,0,0.8424999999999987,0,2,0.7599999999999997,0.0,0.0,4.941666666666713,1.0,6.0,0.0
2.25,0,0,0,0,1,1.0624999999999987,1,2,1.4712499999999993,1,1,0.5662499999999993,0,2,0.0,0,0,0.06833333333333144,0,0,0.8324999999999987,0,2,1.5062499999999999,0.0,0.0,4.931666666666713,2.0,6.0,0.0
2.26,0,0,0,0,1,1.0524999999999987,1,2,1.4612499999999993,1,1,0.5562499999999992,0,2,0.0,0,0,0.05833333333333144,0,0,0.8224999999999987,0,2,1.4962499999999999,0.0,0.0,4.921666666666713,2.0,6.0,0.0
2.27,0,0,0,0,1,1.0424999999999986,1,2,1.4512499999999993,1,1,0.5462499999999992,0,2,0.0,0,0,0.04833333333333144,0,0,0.8124999999999987,0,2,1.4862499999999998,0.0,0.0,4.911666666666713,2.0,6.0,0.0
2.28,0,0,0,0,1,1.0324999999999986,1,2,1.4412499999999993,1,1,0.5362499999999992,0,2,0.0,0,0,0.038333333333331436,0,0,0.8024999999999987,0,2,1.4762499999999998,0.0,0.0,4.9016666666667135,2.0,6.0,0.0
2.29,0,0,0,0,1,1.0224999999999986,1,2,1.4312499999999992,1,1,0.5262499999999992,0,2,0.0,0,0,0.028333333333331434,0,0,0.7924999999999986,0,2,1.4662499999999998,0.0,0.0,4.891666666666714,2.0,6.0,0.0
2.3,0,0,0,0,1,1.0124999999999986,1,2,1.4212499999999992,1,1,0.5162499999999992,0,2,0.0,0,0,0.018333333333331432,0,0,0.7824999999999986,0,2,1.4562499999999998,0.0,0.0,4.881666666666714,2.0,6.0,0.0
2.31,0,0,0,0,1,1.0024999999999986,1,2,1.4112499999999992,1,1,0.5062499999999992,0,2,0.0,0,0,0.008333333333331432,0,0,0.7724999999999986,0,2,1.4462499999999998,0.0,0.0,4.871666666666714,2.0,6.0,0.0
2.32,0,0,0,0,1,0.9924999999999986,1,2,1.4012499999999992,1,1,0.4962499999999992,0,2,0.0,0,0,0,0,0,0.7624999999999986,0,2,1.4362499999999998,0.0,0.0,4.861666666666714,2.0,5.0,0.0
2.33,0,0,0,0,1,0.9824999999999986,1,2,1.3912499999999992,1,1,0.6612499999999992,1,2,0.0,0,0,0,0,0,0.7524999999999986,0,2,1.4262499999999998,0.0,0.0,4.8516666666667145,2.0,5.0,0.0
2.34,0,0,0,0,1,0.9724999999999986,1,2,1.3812499999999992,1,1,0.6512499999999992,1,2,0.0,0,0,0,0,0,0.7424999999999986,0,2,1.4162499999999998,0.0,0.0,4.841666666666715,2.0,5.0,0.0
2.35,0,0,0,0,1,0.9624999999999986,1,2,1.3712499999999992,1,1,0.6412499999999992,1,2,0.0,0,0,0,0,0,0.7324999999999986,0,2,1.4062499999999998,0.0,0.0,4.831666666666715,2.0,5.0,0.0
2.36,0,0,0,0,1,0.9524999999999986,1,2,1.3612499999999992,1,1,0.6312499999999992,1,2,0.0,0,0,0,0,0,0.7224999999999986,0,2,1.3962499999999998,0.0,0.0,4.821666666666715,2.0,5.0,0.0
2.37,0,0,0,0,1,0.9424999999999986,1,2,1.3512499999999992,1,1,0.6212499999999992,1,2,0.0,0,0,0,0,0,0.7124999999999986,0,2,1.3862499999999998,0.0,0.0,4.811666666666715,2.0,5.0,0.0
2.38,0,0,0,0,1,0.9324999999999986,1,2,1.3412499999999992,1,1,0.6112499999999992,1,2,0.0,0,0,0,0,0,0.7024999999999986,0,2,1.3762499999999998,0.0,0.0,4.801666666666716,2.0,5.0,0.0
2.39,0,0,0,0,1,0.9224999999999985,1,2,1.3312499999999992,1,1,0.6012499999999992,1,2,0.0,0,0,0,0,0,0.6924999999999986,0,2,1.3662499999999997,0.0,0.0,4.791666666666716,2.0,5.0,0.0
2.4,0,0,0,0,1,0.9124999999999985,1,2,1.3212499999999991,1,1,0.5912499999999992,1,2,0.9999999999999996,0,0,0,0,0,0.6824999999999986,0,2,1.3562499999999997,0.0,0.0,4.781666666666716,2.0,6.0,0.0
2.41,0,0,0,0,1,0.9024999999999985,1,2,1.3112499999999991,1,1,0.5812499999999992,1,2,0.9899999999999995,0,0,0,0,0,0.6724999999999985,0,2,1.3462499999999997,0.0,0.0,4.771666666666716,2.0,6.0,0.0
2.42,0,0,0,0,1,0.8924999999999985,1,2,1.3012499999999991,1,1,0.5712499999999991,1,2,0.9799999999999995,0,0,0,0,0,0.6624999999999985,0,2,1.3362499999999997,0.0,0.0,4.7616666666667165,2.0,6.0,0.0
2.43,0,0,0,0,1,0.8824999999999985,1,2,1.2912499999999991,1,1,0.5612499999999991,1,2,0.9699999999999995,0,0,0,0,0,0.6524999999999985,0,2,1.3262499999999997,0.0,0.0,4.751666666666717,2.0,6.0,0.0
2.44,0,0,0,0,1,0.8724999999999985,1,2,1.2812499999999991,1,1,0.5512499999999991,1,2,0.9599999999999995,0,0,0,0,0,0.6424999999999985,0,2,1.3162499999999997,0.0,0.0,4.741666666666717,2.0,6.0,0.0
2.45,0,0,0,0,1,0.8624999999999985,1,2,1.271249999999999,1,1,0.5412499999999991,1,2,0.9499999999999995,0,0,0,0,0,0.6324999999999985,0,2,1.3062499999999997,0.0,0.0,4.731666666666717,2.0,6.0,0.0
2.46,0,0,0,0,1,0.8524999999999985,1,2,1.261249999999999,1,1,0.5312499999999991,1,2,0.9399999999999995,0,0,0,0,0,0.6224999999999985,0,2,1.2962499999999997,0.0,0.0,4.721666666666717,2.0,6.0,0.0
2.47,0,0,0,0,1,0.8424999999999985,1,2,1.251249999999999,1,1,0.5212499999999991,1,2,0.9299999999999995,0,0,0,0,0,0.6124999999999985,0,2,1.2862499999999997,0.0,0.0,4.7116666666667175,2.0,6.0,0.0
2.48,0,0,0,0,1,0.8324999999999985,1,2,1.241249999999999,1,1,0.5112499999999991,1,2,0.9199999999999995,0,0,0,0,0,0.6024999999999985,0,2,1.2762499999999997,0.0,0.0,4.701666666666718,2.0,6.0,0.0
2.49,0,0,0,0,1,0.8224999999999985,1,2,1.231249999999999,1,1,0.5012499999999991,1,2,0.9099999999999995,0,0,0,0,0,0.5924999999999985,0,2,1.2662499999999997,0.0,0.0,4.691666666666718,2.0,6.0,0.0
2.5,0,0,0,0,1,0.8124999999999984,1,2,1.221249999999999,1,1,0.4912499999999991,1,2,0.8999999999999995,0,0,0,0,0,0.5824999999999985,0,2,1.2562499999999996,0.0,0.0,4.681666666666718,2.0,6.0,0.0
2.51,0,0,0,0,1,0.8024999999999984,1,2,1.211249999999999,1,1,0.48124999999999907,1,2,0.8899999999999995,0,0,0,0,0,0.5724999999999985,0,2,1.2462499999999996,0.0,0.0,4.671666666666718,2.0,6.0,0.0
2.52,0,0,0,0,1,0.7924999999999984,1,2,1.201249999999999,1,1,0.47124999999999906,1,2,0.8799999999999994,0,0,0,0,0,0.5624999999999984,0,2,1.2362499999999996,0.0,0.0,4.661666666666719,2.0,6.0,0.0
2.53,0,0,0,0,1,0.7824999999999984,1,2,1.191249999999999,1,1,0.46124999999999905,1,2,0.8699999999999994,0,0,0,0,0,0.5524999999999984,0,2,1.2262499999999996,0.0,0.0,4.651666666666719,2.0,6.0,0.0
2.54,0,0,0,0,1,0.7724999999999984,1,2,1.181249999999999,1,1,0.45124999999999904,1,2,0.8599999999999994,0,0,0,0,0,0.5424999999999984,0,2,1.2162499999999996,0.0,0.0,4.641666666666719,2.0,6.0,0.0
2.55,0,0,0,0,1,0.7624999999999984,1,2,1.171249999999999,1,1,0.44124999999999903,1,2,0.8499999999999994,0,0,0,0,0,0.5324999999999984,0,2,1.2062499999999996,0.0,0.0,4.631666666666719,2.0,6.0,0.0
2.56,0,0,0,0,1,0.7524999999999984,1,1,1.161249999999999,1,1,0.431249999999999,1,2,0.8399999999999994,0,0,0,0,0,0.5224999999999984,0,2,1.1962499999999996,0.0,0.0,4.621666666666719,2.0,6.0,0.0
2.57,0,0,0,0,1,0.7424999999999984,0,2,1.151249999999999,1,1,0.421249999999999,1,2,0.8299999999999994,0,0,0,0,0,0.5124999999999984,0,2,1.1862499999999996,0.0,0.0,4.61166666666672,2.0,6.0,0.0
2.58,0,0,0,0,1,0.7324999999999984,0,2,1.141249999999999,1,1,0.411249999999999,1,2,0.8199999999999994,0,0,0,0,0,0.5024999999999984,0,2,1.1762499999999996,0.0,0.0,4.60166666666672,2.0,6.0,0.0
2.59,0,0,0,0,1,0.7224999999999984,0,2,1.131249999999999,1,1,0.401249999999999,1,2,0.8099999999999994,0,0,0,0,0,0.4924999999999984,0,2,1.1662499999999996,0.0,0.0,4.59166666666672,2.0,6.0,0.0
2.6,0,0,0,0,1,0.7124999999999984,0,2,1.121249999999999,1,1,0.391249999999999,1,2,0.7999999999999994,0,0,0,0,0,0.4824999999999984,0,2,1.1562499999999996,0.0,0.0,4.58166666666672,2.0,6.0,0.0
2.61,0,0,0,0,1,0.7024999999999983,0,2,1.111249999999999,1,1,0.381249999999999,1,2,0.7899999999999994,0,0,0,0,0,0.47249999999999837,0,2,1.1462499999999995,0.0,0.0,4.5716666666667205,2.0,6.0,0.0
2.62,0,0,0,0,1,0.6924999999999983,0,2,1.101249999999999,1,1,0.37124999999999897,1,2,0.7799999999999994,0,0,0,0,0,0.46249999999999836,0,2,1.1362499999999995,0.0,0.0,4.561666666666721,2.0,6.0,0.0
2.63,0,0,0,0,1,0.6824999999999983,0,2,1.091249999999999,1,1,0.36124999999999896,1,2,0.7699999999999994,0,0,0,0,0,0.45249999999999835,0,2,1.1262499999999995,0.0,0.0,4.551666666666721,2.0,6.0,0.0
2.64,0,0,0,0,1,0.6724999999999983,0,2,1.081249999999999,1,1,0.35124999999999895,1,2,0.7599999999999993,0,0,0,0,0,0.44249999999999834,0,2,1.1162499999999995,0.0,0.0,4.541666666666721,2.0,6.0,0.0
2.65,0,0,0,0,1,0.6624999999999983,0,2,1.071249999999999,1,1,0.34124999999999894,1,2,0.7499999999999993,0,0,0,0,0,0.43249999999999833,0,2,1.1062499999999995,0.0,0.0,4.531666666666721,2.0,6.0,0.0
2.66,0,0,0,0,1,0.6524999999999983,0,2,1.061249999999999,1,1,0.33124999999999893,1,2,0.7399999999999993,0,0,0,0,0,0.4224999999999983,0,2,1.0962499999999995,0.0,0.0,4.521666666666722,2.0,6.0,0.0
2.67,0,0,0,0,1,0.6424999999999983,0,2,1.051249999999999,1,1,0.3212499999999989,1,2,0.7299999999999993,0,0,0,0,0,0.4124999999999983,0,2,1.0862499999999995,0.0,0.0,4.511666666666722,2.0,6.0,0.0
2.68,0,0,0,0,1,0.6324999999999983,0,2,1.041249999999999,1,1,0.3112499999999989,1,2,0.7199999999999993,0,0,0,0,0,0.4024999999999983,0,2,1.0762499999999995,0.0,0.0,4.501666666666722,2.0,6.0,0.0
2.69,0,0,0,0,1,0.6224999999999983,0,2,1.031249999999999,1,1,0.3012499999999989,1,2,0.7099999999999993,0,0,0,0,0,0.3924999999999983,0,2,1.0662499999999995,0.0,0.0,4.491666666666722,2.0,6.0,0.0
2.7,0,0,0,0,1,0.6124999999999983,0,2,1.0212499999999989,1,1,0.2912499999999989,1,2,0.6999999999999993,0,0,0,0,0,0.46416666666666595,1,2,1.0562499999999995,0.0,0.0,4.481666666666722,2.0,6.0,0.0
2.71,0,0,0,0,1,0.6024999999999983,0,2,1.0112499999999989,1,1,0.2812499999999989,1,2,0.6899999999999993,0,0,0,0,0,0.45416666666666594,1,2,1.0462499999999995,0.0,0.0,4.471666666666723,2.0,6.0,0.0
2.72,0,0,0,0,1,0.5924999999999983,0,2,1.0012499999999989,1,1,0.2712499999999989,1,2,0.6799999999999993,0,0,0,0,0,0.44416666666666593,1,2,1.0362499999999994,0.0,0.0,4.461666666666723,2.0,6.0,0.0
2.73,0,0,0,0,1,0.5824999999999982,0,2,0.9912499999999989,1,1,0.26124999999999887,1,2,0.6699999999999993,0,0,0,0,0,0.4341666666666659,1,2,1.0262499999999994,0.0,0.0,4.451666666666723,2.0,6.0,0.0
2.74,0,0,0,0,1,0.5724999999999982,0,2,0.9812499999999988,1,1,0.25124999999999886,1,2,0.6599999999999993,0,0,0,0,0,0.4241666666666659,1,2,1.0162499999999994,0.0,0.0,4.441666666666723,2.0,6.0,0.0
2.75,0,0,0,0,1,0.5624999999999982,0,2,0.9712499999999988,1,1,0.24124999999999885,1,2,0.6499999999999992,0,0,0,0,0,0.4141666666666659,1,2,1.0062499999999994,0.0,0.0,4.4316666666667235,2.0,6.0,0.0
2.76,0,0,0,0,1,0.5524999999999982,0,2,0.9612499999999988,1,1,0.23124999999999885,1,2,0.6399999999999992,0,0,0,0,0,0.4041666666666659,1,2,0.9962499999999994,0.0,0.0,4.421666666666724,2.0,6.0,0.0
2.77,0,0,0,0,1,0.5424999999999982,0,2,0.9512499999999988,1,1,0.22124999999999884,1,2,0.6299999999999992,0,0,0,0,0,0.3941666666666659,1,2,0.9862499999999994,0.0,0.0,4.411666666666724,2.0,6.0,0.0
2.78,0,0,0,0,1,0.5324999999999982,0,2,0.9412499999999988,1,1,0.21124999999999883,1,2,0.6199999999999992,0,0,0,0,0,0.3841666666666659,1,2,0.9762499999999994,0.0,0.0,4.401666666666724,2.0,6.0,0.0
2.79,0,0,0,0,1,0.5224999999999982,0,2,0.9312499999999988,1,1,0.20124999999999882,1,2,0.6099999999999992,0,0,0,0,0,0.37416666666666587,1,2,0.9662499999999994,0.0,0.0,4.391666666666724,2.0,6.0,0.0
2.8,0,0,0,0,1,0.5124999999999982,0,2,0.9212499999999988,1,1,0.1912499999999988,1,2,0.5999999999999992,0,0,0,0,0,0.36416666666666586,1,2,0.9562499999999994,0.0,0.0,4.3816666666667246,2.0,6.0,0.0
2.81,0,0,0,0,1,0.5024999999999982,0,2,0.9112499999999988,1,1,0.1812499999999988,1,2,0.5899999999999992,0,0,0,0,0,0.35416666666666585,1,2,0.9462499999999994,0.0,0.0,4.371666666666725,2.0,6.0,0.0
2.82,0,0,0,0,1,0.49249999999999816,0,2,0.9012499999999988,1,1,0.1712499999999988,1,1,0.5799999999999992,0,0,0,0,0,0.34416666666666584,1,2,0.9362499999999994,0.0,0.0,4.361666666666725,2.0,6.0,0.0
2.83,0,0,0,0,1,0.48249999999999815,0,2,0.8912499999999988,1,1,0.16124999999999878,0,2,0.5699999999999992,0,0,0,0,0,0.33416666666666583,1,2,0.9262499999999994,0.0,0.0,4.351666666666725,2.0,6.0,0.0
2.84,0,0,0,0,1,0.47249999999999814,0,2,0.8812499999999988,1,1,0.15124999999999877,0,2,0.5599999999999992,0,0,0,0,0,0.3241666666666658,1,2,0.9162499999999993,0.0,0.0,4.341666666666725,2.0,6.0,0.0
2.85,0,0,0,0,1,0.46249999999999813,0,2,0.8712499999999987,1,1,0.14124999999999877,0,2,0.5499999999999992,0,0,0,0,0,0.3141666666666658,1,2,0.9062499999999993,0.0,0.0,4.331666666666726,2.0,6.0,0.0
2.86,0,0,0,0,1,0.4524999999999981,0,2,0.8612499999999987,1,1,0.13124999999999876,0,2,0.5399999999999991,0,0,0,0,0,0.3041666666666658,1,2,0.8962499999999993,0.0,0.0,4.321666666666726,2.0,5.0,0.0
2.87,0,0,0,0,1,0.4424999999999981,0,2,0.8512499999999987,1,1,0.12124999999999876,0,2,0.5299999999999991,0,0,0,0,0,0.2941666666666658,1,2,0.8862499999999993,0.0,0.0,4.311666666666726,2.0,4.0,0.0
2.88,0,0,0,0,1,0.4324999999999981,0,2,0.8412499999999987,0,2,0.11124999999999877,0,2,0.5199999999999991,0,0,0,0,0,0.2841666666666658,1,2,0.8762499999999993,0.0,0.0,4.301666666666726,2.0,4.0,0.0
2.89,0,0,0,0,1,0.4224999999999981,0,2,0.8312499999999987,0,2,0.10124999999999877,0,2,0.5099999999999991,0,0,0,0,0,0.2741666666666658,1,2,0.8662499999999993,0.0,0.0,4.2916666666667265,2.0,4.0,0.0
2.9,0,0,0,0,1,0.4124999999999981,0,2,0.8212499999999987,0,2,0.5474999999999983,1,2,0.4999999999999991,0,0,0,0,0,0.2641666666666658,1,2,0.8562499999999993,0.0,0.0,4.281666666666727,2.0,4.0,0.0
2.91,0,0,0,0,1,0.4024999999999981,0,2,0.8112499999999987,0,2,0.5374999999999983,1,2,0.4899999999999991,0,0,0,0,0,0.25416666666666576,1,2,0.8462499999999993,0.0,0.0,4.271666666666727,2.0,4.0,0.0
2.92,0,0,0,0,1,0.3924999999999981,0,2,0.8012499999999987,0,2,0.5274999999999983,1,2,0.4799999999999991,0,0,0,0,0,0.24416666666666575,1,2,0.8362499999999993,0.0,0.0,4.261666666666727,2.0,4.0,0.0
2.93,0,0,0,0,1,0.38249999999999806,0,2,0.7912499999999987,0,2,0.5174999999999983,1,2,0.4699999999999991,0,0,0,0,0,0.23416666666666575,1,2,0.8262499999999993,0.0,0.0,4.251666666666727,2.0,4.0,0.0
2.94,0,0,0,0,1,0.37249999999999805,0,2,0.7812499999999987,0,1,0.5074999999999983,1,2,0.4599999999999991,0,0,0,0,0,0.22416666666666574,1,2,0.8162499999999993,0.0,0.0,4.2416666666667275,2.0,4.0,0.0
2.95,0,0,0,0,1,0.36249999999999805,0,2,0.7712499999999987,0,1,0.4974999999999983,1,2,0.44999999999999907,0,0,0,0,0,0.21416666666666573,1,2,0.8062499999999992,0.0,0.0,4.231666666666728,1.0,5.0,0.0
2.96,0,0,0,0,1,0.35249999999999804,0,2,0.7612499999999986,0,1,0.48749999999999827,1,2,0.43999999999999906,0,0,0,0,0,0.20416666666666572,1,2,0.7962499999999992,0.0,0.0,4.221666666666728,1.0,5.0,0.0
2.97,0,0,0,0,1,0.34249999999999803,0,2,0.7512499999999986,0,1,0.47749999999999826,1,2,0.42999999999999905,0,0,0,0,0,0.1941666666666657,1,2,0.7862499999999992,0.0,0.0,4.211666666666728,1.0,5.0,0.0
2.98,0,0,0,0,1,0.332499999999998,0,2,0.7412499999999986,0,1,0.46749999999999825,1,2,0.41999999999999904,0,0,0,0,0,0.1841666666666657,1,2,0.7762499999999992,0.0,0.0,4.201666666666728,1.0,5.0,0.0
2.99,0,0,0,0,1,0.322499999999998,0,2,0.7312499999999986,0,1,0.45749999999999824,1,1,0.40999999999999903,0,0,0,0,0,0.1741666666666657,1,2,0.7662499999999992,0.0,0.0,4.191666666666729,1.0,5.0,0.0
3.0,0,0,0,0,1,0.312499999999998,0,2,0.7212499999999986,0,1,0.44749999999999823,0,2,0.399999999999999,0,0,0,0,0,0.16416666666666568,1,2,0.7562499999999992,0.0,0.0,4.181666666666729,1.0,4.0,0.0
3.01,0,0,0,0,1,0.302499999999998,0,2,0.7112499999999986,0,1,0.4374999999999982,0,2,0.389999999999999,0,0,0,0,0,0.15416666666666567,1,2,0.7462499999999992,0.0,0.0,4.171666666666729,0.0,5.0,0.0
3.02,0,0,0,0,1,0.292499999999998,0,2,0.7012499999999986,0,1,0.4274999999999982,0,2,0.379999999999999,0,0,0,0,0,0.14416666666666567,1,2,0.7362499999999992,0.0,0.0,4.161666666666729,0.0,5.0,0.0
3.03,0,0,0,0,1,0.282499999999998,0,2,0.6912499999999986,0,1,0.4174999999999982,0,2,0.369999999999999,0,0,0,0,0,0.13416666666666566,1,2,0.7262499999999992,0.0,0.0,4.1516666666667295,0.0,5.0,0.0
3.04,0,0,0,0,1,0.27249999999999797,0,2,0.6812499999999986,0,1,0.4074999999999982,0,2,0.359999999999999,0,0,0,0,0,0.12416666666666566,1,2,0.7162499999999992,0.0,0.0,4.14166666666673,0.0,5.0,0.0
3.05,0,0,0,0,1,0.26249999999999796,0,2,0.6712499999999986,0,1,0.3974999999999982,0,2,0.349999999999999,0,0,0,0,0,0.11416666666666567,1,2,0.7062499999999992,0.0,0.0,4.13166666666673,0.0,5.0,0.0
3.06,0,0,0,0,1,0.25249999999999795,0,2,0.6612499999999986,0,1,0.3874999999999982,0,2,0.33999999999999897,0,0,0,0,0,0.10416666666666567,1,2,0.6962499999999991,0.0,0.0,4.12166666666673,0.0,5.0,0.0
3.07,0,0,0,0,1,0.24249999999999794,0,2,0.6512499999999986,0,1,0.37749999999999817,0,2,0.32999999999999896,0,0,0,0,0,0.09416666666666568,1,2,0.6862499999999991,0.0,0.0,4.11166666666673,0.0,5.0,0.0
3.08,0,0,0,0,1,0.23249999999999793,0,2,0.6412499999999985,0,1,0.36749999999999816,0,2,0.31999999999999895,0,0,0,0,0,0.08416666666666568,1,1,0.6762499999999991,0.0,0.0,4.1016666666667305,0.0,5.0,0.0
3.09,0,0,0,0,1,0.22249999999999792,0,2,0.6312499999999985,0,1,0.35749999999999815,0,2,0.30999999999999894,0,0,0,0,0,0.07416666666666569,0,2,0.6662499999999991,0.0,0.0,4.091666666666731,0.0,5.0,0.0
3.1,0,0,0,0,1,0.2124999999999979,0,2,0.6212499999999985,0,1,0.34749999999999814,0,2,0.29999999999999893,0,0,0,0,0,0.06416666666666569,0,2,0.6562499999999991,0.0,0.0,4.081666666666731,0.0,5.0,0.0
3.11,0,0,0,0,1,0.2024999999999979,0,2,0.6112499999999985,0,1,0.33749999999999813,0,2,0.2899999999999989,0,0,0,0,0,0.05416666666666569,0,2,0.6462499999999991,0.0,0.0,4.071666666666731,0.0,5.0,0.0
3.12,0,0,0,0,0,0.1924999999999979,0,2,0.6012499999999985,0,1,0.3274999999999981,0,2,0.2799999999999989,0,0,0,0,0,0.04416666666666569,0,2,0.6362499999999991,0.0,0.0,4.061666666666731,0.0,5.0,0.0
3.13,0,0,0,0,0,0.1824999999999979,0,2,0.5912499999999985,0,1,0.3174999999999981,0,2,0.2699999999999989,0,0,0,0,0,0.034166666666665686,0,2,0.6262499999999991,0.0,0.0,4.051666666666732,0.0,5.0,0.0
3.14,0,0,0,0,0,0.17249999999999788,0,2,0.5812499999999985,0,1,0.3074999999999981,0,2,0.2599999999999989,0,0,0,0,0,0.024166666666665684,0,2,0.6162499999999991,0.0,0.0,4.041666666666732,0.0,5.0,0.0
3.15,0,0,0,0,0,0.16249999999999787,0,2,0.5712499999999985,0,1,0.2974999999999981,0,2,0.2499999999999989,0,0,0,0,0,0.014166666666665684,0,2,0.6062499999999991,0.0,0.0,4.031666666666732,0.0,5.0,0.0
3.16,0,0,0,0,0,0.15249999999999786,0,2,0.5612499999999985,0,1,0.2874999999999981,0,2,0.23999999999999888,0,0,0,0,0,0,0,1,0.5962499999999991,0.0,0.0,4.021666666666732,0.0,5.0,0.0
3.17,0,0,0,0,0,0.14249999999999785,0,2,0.5512499999999985,0,1,0.2774999999999981,0,2,0.22999999999999887,0,0,0,0,0,0,0,1,0.586249999999999,0.0,0.0,4.011666666666732,0.0,5.0,0.0
3.18,0,0,0,0,0,0.13249999999999784,0,2,0.5412499999999985,0,1,0.2674999999999981,0,2,0.21999999999999886,0,0,0,0,0,0,0,1,0.576249999999999,0.0,0.0,4.001666666666733,0.0,5.0,0.0
3.19,0,0,0,0,0,0.12249999999999785,0,2,0.5312499999999984,0,1,0.25749999999999806,0,2,0.20999999999999885,0,0,0,0,0,0,0,1,0.566249999999999,0.0,0.0,3.991666666666733,0.0,5.0,0.0
3.2,0,0,0,0,0,0.11249999999999785,0,2,0.5212499999999984,0,1,0.24749999999999805,0,2,0.19999999999999885,0,0,0,0,0,0,0,1,0.556249999999999,0.0,0.0,3.981666666666733,0.0,5.0,0.0
3.21,0,0,0,0,0,0.10249999999999786,0,2,0.5112499999999984,0,1,0.23749999999999805,0,2,0.18999999999999884,0,0,0,0,0,0,0,1,0.546249999999999,0.0,0.0,3.9716666666667333,0.0,5.0,0.0
3.22,0,0,0,0,0,0.09249999999999786,0,2,0.5012499999999984,0,1,0.22749999999999804,0,2,0.17999999999999883,0,0,0,0,0,0,0,1,0.536249999999999,0.0,0.0,3.9616666666667335,0.0,5.0,0.0
3.23,0,0,0,0,0,0.08249999999999787,0,2,0.4912499999999984,0,1,0.21749999999999803,0,2,0.16999999999999882,0,0,0,0,0,0,0,1,0.526249999999999,0.0,0.0,3.9516666666667337,0.0,5.0,0.0
3.24,0,0,0,0,0,0.07249999999999787,0,2,0.4812499999999984,0,1,0.20749999999999802,0,2,0.1599999999999988,0,0,0,0,0,0,0,1,0.516249999999999,0.0,0.0,3.941666666666734,0.0,5.0,0.0
3.25,0,0,0,0,0,0.06249999999999787,0,2,0.4712499999999984,0,1,0.197499999999998,0,2,0.1499999999999988,0,0,0,0,0,0,0,1,0.506249999999999,0.0,0.0,3.931666666666734,0.0,5.0,0.0
3.26,0,0,0,0,0,0.05249999999999787,0,2,0.4612499999999984,0,1,0.187499999999998,0,2,0.1399999999999988,0,0,0,0,0,0,0,1,0.49624999999999897,0.0,0.0,3.9216666666667344,0.0,5.0,0.0
3.27,0,0,0,0,0,0.042499999999997866,0,2,0.4512499999999984,0,1,0.177499999999998,0,2,0.12999999999999878,0,0,0,0,0,0,0,1,0.48624999999999896,0.0,0.0,3.9116666666667346,0.0,5.0,0.0
3.28,0,0,0,0,0,0.032499999999997864,0,2,0.44124999999999837,0,1,0.16749999999999798,0,2,0.11999999999999879,0,0,0,0,0,0,0,1,0.47624999999999895,0.0,0.0,3.901666666666735,0.0,5.0,0.0
3.29,0,0,0,0,0,0.022499999999997862,0,2,0.43124999999999836,0,1,0.15749999999999797,0,2,0.1099999999999988,0,0,0,0,0,0,0,1,0.46624999999999894,0.0,0.0,3.891666666666735,0.0,5.0,0.0
3.3,0,0,0,0,0,0.012499999999997862,0,2,0.42124999999999835,0,1,0.14749999999999797,0,2,0.0999999999999988,0,0,0,0,0,0,0,1,0.45624999999999893,0.0,0.0,3.881666666666735,0.0,5.0,0.0
3.31,0,0,0,0,0,0,0,1,0.41124999999999834,0,1,0.13749999999999796,0,2,0.0899999999999988,0,0,0,0,0,0,0,1,0.4462499999999989,0.0,0.0,3.8716666666667354,0.0,5.0,0.0
3.32,0,0,0,0,0,0,0,1,0.40124999999999833,0,1,0.12749999999999795,0,2,0.07999999999999881,0,0,0,0,0,0,0,1,0.4362499999999989,0.0,0.0,3.8616666666667356,0.0,5.0,0.0
3.33,0,0,0,0,0,0,0,1,0.3912499999999983,0,1,0.11749999999999795,0,2,0.06999999999999881,0,0,0,0,0,0,0,1,0.4262499999999989,0.0,0.0,3.851666666666736,0.0,5.0,0.0
3.34,0,0,0,0,0,0,0,1,0.3812499999999983,0,1,0.10749999999999796,0,2,0.05999999999999881,0,0,0,0,0,0,0,1,0.4162499999999989,0.0,0.0,3.841666666666736,0.0,5.0,0.0
3.35,0,0,0,0,0,0,0,1,0.3712499999999983,0,1,0.09749999999999796,0,2,0.04999999999999881,0,0,0,0,0,0,0,1,0.4062499999999989,0.0,0.0,3.8316666666667363,0.0,5.0,0.0
3.36,0,0,0,0,0,0,0,1,0.3612499999999983,0,1,0.08749999999999797,0,2,0.03999999999999881,0,0,0,0,0,0,0,1,0.3962499999999989,0.0,0.0,3.8216666666667365,0.0,5.0,0.0
3.37,0,0,0,0,0,0,0,1,0.3512499999999983,0,1,0.07749999999999797,0,2,0.029999999999998805,0,0,0,0,0,0,0,1,0.38624999999999887,0.0,0.0,3.8116666666667367,0.0,5.0,0.0
3.38,0,0,0,0,0,0,0,1,0.3412499999999983,0,1,0.06749999999999798,0,2,0.019999999999998803,0,0,0,0,0,0,0,1,0.37624999999999886,0.0,0.0,3.801666666666737,0.0,5.0,0.0
3.39,0,0,0,0,0,0,0,1,0.33124999999999827,0,1,0.057499999999997976,0,2,0.009999999999998803,0,0,0,0,0,0,0,1,0.36624999999999885,0.0,0.0,3.791666666666737,0.0,5.0,0.0
3.4,0,0,0,0,0,0,0,1,0.32124999999999826,0,1,0.047499999999997974,0,2,0,0,0,0,0,0,0,0,1,0.35624999999999885,0.0,0.0,3.7816666666667373,0.0,4.0,0.0
3.41,0,0,0,0,0,0,0,1,0.31124999999999825,0,1,0.03749999999999797,0,2,0,0,0,0,0,0,0,0,1,0.34624999999999884,0.0,0.0,3.7716666666667376,0.0,4.0,0.0
3.42,0,0,0,0,0,0,0,1,0.30124999999999824,0,1,0.02749999999999797,0,2,0,0,0,0,0,0,0,0,1,0.3362499999999988,0.0,0.0,3.7616666666667378,0.0,4.0,0.0
3.43,0,0,0,0,0,0,0,1,0.29124999999999823,0,1,0.01749999999999797,0,2,0,0,0,0,0,0,0,0,1,0.3262499999999988,0.0,0.0,3.751666666666738,0.0,4.0,0.0
3.44,0,0,0,0,0,0,0,1,0.2812499999999982,0,1,0.007499999999997968,0,2,0,0,0,0,0,0,0,0,1,0.3162499999999988,0.0,0.0,3.741666666666738,0.0,4.0,0.0
3.45,0,0,0,0,0,0,0,1,0.2712499999999982,0,1,0,0,1,0,0,0,0,0,0,0,0,1,0.3062499999999988,0.0,0.0,3.7316666666667384,0.0,4.0,0.0
3.46,0,0,0,0,0,0,0,1,0.2612499999999982,0,1,0,0,1,0,0,0,0,0,0,0,0,1,0.2962499999999988,0.0,0.0,3.7216666666667386,0.0,4.0,0.0
3.47,0,0,0,0,0,0,0,1,0.2512499999999982,0,1,0,0,1,0,0,0,0,0,0,0,0,1,0.2862499999999988,0.0,0.0,3.711666666666739,0.0,4.0,0.0
3.48,0,0,0,0,0,0,0,1,0.2412499999999982,0,1,0,0,1,0,0,0,0,0,0,0,0,1,0.2762499999999988,0.0,0.0,3.701666666666739,0.0,4.0,0.0
3.49,0,0,0,0,0,0,0,1,0.23124999999999818,0,1,0,0,1,0,0,0,0,0,0,0,0,1,0.26624999999999877,0.0,0.0,3.6916666666667393,0.0,4.0,0.0
3.5,0,0,0,0,0,0,0,1,0.22124999999999817,0,1,0,0,1,0,0,0,0,0,0,0,0,1,0.25624999999999876,0.0,0.0,3.6816666666667395,0.0,4.0,0.0
3.51,0,0,0,0,0,0,0,1,0.21124999999999816,0,1,0,0,1,0,0,0,0,0,0,0,0,1,0.24624999999999875,0.0,0.0,3.6716666666667397,0.0,4.0,0.0
3.52,0,0,0,0,0,0,0,1,0.20124999999999815,0,1,0,0,1,0,0,0,0,0,0,0,0,1,0.23624999999999874,0.0,0.0,3.66166666666674,0.0,4.0,0.0
3.53,0,0,0,0,0,0,0,1,0.19124999999999814,0,1,0,0,1,0,0,0,0,0,0,0,0,1,0.22624999999999873,0.0,0.0,3.65166666666674,0.0,4.0,0.0
3.54,0,0,0,0,0,0,0,1,0.18124999999999813,0,1,0,0,1,0,0,0,0,0,0,0,0,1,0.21624999999999872,0.0,0.0,3.6416666666667403,0.0,4.0,0.0
3.55,0,0,0,0,0,0,0,1,0.17124999999999813,0,1,0,0,1,0,0,0,0,0,0,0,0,1,0.2062499999999987,0.0,0.0,3.6316666666667405,0.0,4.0,0.0
3.56,0,0,0,0,0,0,0,1,0.16124999999999812,0,1,0,0,1,0,0,0,0,0,0,0,0,1,0.1962499999999987,0.0,0.0,3.6216666666667408,0.0,4.0,0.0
3.57,0,0,0,0,0,0,0,1,0.1512499999999981,0,1,0,0,1,0,0,0,0,0,0,0,0,1,0.1862499999999987,0.0,0.0,3.611666666666741,0.0,4.0,0.0
3.58,0,0,0,0,0,0,0,1,0.1412499999999981,0,1,0,0,1,0,0,0,0,0,0,0,0,1,0.17624999999999869,0.0,0.0,3.601666666666741,0.0,4.0,0.0
3.59,0,0,0,0,0,0,0,1,0.1312499999999981,0,1,0,0,1,0,0,0,0,0,0,0,0,1,0.16624999999999868,0.0,0.0,3.5916666666667414,0.0,4.0,0.0
3.6,0,0,0,0,0,0,0,1,0.1212499999999981,0,1,0,0,1,0,0,0,0,0,0,0,0,1,0.15624999999999867,0.0,0.0,3.5816666666667416,0.0,4.0,0.0
3.61,0,0,0,0,0,0,0,1,0.1112499999999981,0,1,0,0,1,0,0,0,0,0,0,0,0,1,0.14624999999999866,0.0,0.0,3.571666666666742,0.0,4.0,0.0
3.62,0,0,0,0,0,0,0,1,0.1012499999999981,0,1,0,0,1,0,0,0,0,0,0,0,0,1,0.13624999999999865,0.0,0.0,3.561666666666742,0.0,4.0,0.0
3.63,0,0,0,0,0,0,0,0,0.09124999999999811,0,1,0,0,1,0,0,0,0,0,0,0,0,1,0.12624999999999864,0.0,0.0,3.5516666666667422,0.0,4.0,0.0
3.64,0,0,0,0,0,0,0,0,0.08124999999999812,0,1,0,0,1,0,0,0,0,0,0,0,0,1,0.11624999999999865,0.0,0.0,3.5416666666667425,0.0,3.0,0.0
3.65,0,0,0,0,0,0,0,0,0.07124999999999812,0,1,0,0,1,0,0,0,0,0,0,0,0,1,0.10624999999999865,0.0,0.0,3.5316666666667427,0.0,3.0,0.0
3.66,0,0,0,0,0,0,0,0,0.06124999999999812,0,1,0,0,1,0,0,0,0,0,0,0,0,1,0.09624999999999866,0.0,0.0,3.521666666666743,0.0,3.0,0.0
3.67,0,0,0,0,0,0,0,0,0.051249999999998117,0,1,0,0,1,0,0,0,0,0,0,0,0,1,0.08624999999999866,0.0,0.0,3.511666666666743,0.0,3.0,0.0
3.68,0,0,0,0,0,0,0,0,0.041249999999998115,0,1,0,0,1,0,0,0,0,0,0,0,0,1,0.07624999999999867,0.0,0.0,3.5016666666667433,0.0,3.0,0.0
3.69,0,0,0,0,0,0,0,0,0.031249999999998113,0,1,0,0,1,0,0,0,0,0,0,0,0,0,0.06624999999999867,0.0,0.0,3.4916666666667435,0.0,3.0,0.0
3.7,0,0,0,0,0,0,0,0,0.25874999999999815,1,1,0,0,1,0,0,0,0,0,0,0,0,0,0.05624999999999867,0.0,0.0,3.4816666666667437,0.0,3.0,0.0
3.71,0,0,0,0,0,0,0,0,0.24874999999999814,1,1,0,0,1,0,0,0,0,0,0,0,0,0,0.04624999999999867,0.0,0.0,3.471666666666744,0.0,3.0,0.0
3.72,0,0,0,0,0,0,0,0,0.23874999999999813,1,0,0,0,1,0,0,0,0,0,0,0,0,0,0.036249999999998665,0.0,0.0,3.461666666666744,0.0,3.0,0.0
3.73,0,0,0,0,0,0,0,0,0.22874999999999812,0,1,0,0,1,0,0,0,0,0,0,0,0,0,0.026249999999998663,0.0,0.0,3.4516666666667444,0.0,3.0,0.0
3.74,0,0,0,0,0,0,0,0,0.2187499999999981,0,1,0,0,1,0,0,0,0,0,0,0,0,0,0.01624999999999866,0.0,0.0,3.4416666666667446,0.0,3.0,0.0
3.75,0,0,0,0,0,0,0,0,0.2087499999999981,0,1,0,0,1,0,0,0,0,0,0,0,0,0,0.006249999999998661,0.0,0.0,3.431666666666745,0.0,3.0,0.0
3.76,0,0,0,0,0,0,0,0,0.1987499999999981,0,1,0,0,1,0,0,0,0,0,0,0,0,0,0,0.0,0.0,3.421666666666745,0.0,2.0,0.0
3.77,0,0,0,0,0,0,0,0,0.18874999999999809,0,1,0,0,1,0,0,0,0,0,0,0,0,0,0,0.0,0.0,3.4116666666667452,0.0,2.0,0.0
3.78,0,0,0,0,0,0,0,0,0.17874999999999808,0,1,0,0,1,0,0,0,0,0,0,0,0,0,0,0.0,0.0,3.4016666666667454,0.0,2.0,0.0
3.79,0,0,0,0,0,0,0,0,0.16874999999999807,0,1,0,0,1,0,0,0,0,0,0,0,0,0,0,0.0,0.0,3.3916666666667457,0.0,2.0,0.0
3.8,0,0,0,0,0,0,0,0,0.15874999999999806,0,1,0,0,1,0,0,0,0,0,0,0,0,0,0,0.0,0.0,3.381666666666746,0.0,2.0,0.0
3.81,0,0,0,0,0,0,0,0,0.14874999999999805,0,1,0,0,1,0,0,0,0,0,0,0,0,0,0,0.0,0.0,3.371666666666746,0.0,2.0,0.0
3.82,0,0,0,0,0,0,0,0,0.13874999999999804,0,1,0,0,1,0,0,0,0,0,0,0,0,0,0,0.0,0.0,3.3616666666667463,0.0,2.0,0.0
3.83,0,0,0,0,0,0,0,0,0.12874999999999803,0,1,0,0,1,0,0,0,0,0,0,0,0,0,0,0.0,0.0,3.3516666666667465,0.0,2.0,0.0
3.84,0,0,0,0,0,0,0,0,0.11874999999999804,0,1,0,0,1,0,0,0,0,0,0,0,0,0,0,0.0,0.0,3.3416666666667467,0.0,2.0,0.0
3.85,0,0,0,0,0,0,0,0,0.10874999999999804,0,1,0,0,1,0,0,0,0,0,0,0,0,0,0,0.0,0.0,3.331666666666747,0.0,2.0,0.0
3.86,0,0,0,0,0,0,0,0,0.09874999999999805,0,1,0,0,1,0,0,0,0,0,0,0,0,0,0,0.0,0.0,3.321666666666747,0.0,2.0,0.0
3.87,0,0,0,0,0,0,0,0,0.08874999999999805,0,1,0,0,1,0,0,0,0,0,0,0,0,0,0,0.0,0.0,3.3116666666667474,0.0,2.0,0.0
3.88,0,0,0,0,0,0,0,0,0.07874999999999806,0,1,0,0,1,0,0,0,0,0,0,0,0,0,0,0.0,0.0,3.3016666666667476,0.0,2.0,0.0
3.89,0,0,0,0,0,0,0,0,0.06874999999999806,0,1,0,0,1,0,0,0,0,0,0,0,0,0,0,0.0,0.0,3.291666666666748,0.0,2.0,0.0
3.9,0,0,0,0,0,0,0,0,0.05874999999999806,0,1,0,0,1,0,0,0,0,0,0,0,0,0,0,0.0,0.0,3.281666666666748,0.0,2.0,0.0
3.91,0,0,0,0,0,0,0,0,0.04874999999999806,0,1,0,0,1,0,0,0,0,0,0,0,0,0,0,0.0,0.0,3.271666666666748,0.0,2.0,0.0
3.92,0,0,0,0,0,0,0,0,0.03874999999999806,0,1,0,0,0,0,0,0,0,0,0,0,0,0,0,0.0,0.0,3.2616666666667484,0.0,2.0,0.0
3.93,0,0,0,0,0,0,0,0,0.028749999999998055,0,1,0,0,0,0,0,0,0,0,0,0,0,0,0,0.0,0.0,3.2516666666667486,0.0,2.0,0.0
3.94,0,0,0,0,0,0,0,0,0.018749999999998053,0,1,0,0,0,0,0,0,0,0,0,0,0,0,0,0.0,0.0,3.241666666666749,0.0,2.0,0.0
3.95,0,0,0,0,0,0,0,0,0.008749999999998053,0,1,0,0,0,0,0,0,0,0,0,0,0,0,0,0.0,0.0,3.231666666666749,0.0,2.0,0.0
3.96,0,0,0,0,0,0,0,0,0,0,0,0,0,0,0,0,0,0,0,0,0,0,0,0,0.0,0.0,3.2216666666667493,0.0,2.0,0.0
3.97,0,0,0,0,0,0,0,0,0,0,0,0,0,0,0,0,0,0,0,0,0,0,0,0,0.0,0.0,3.2116666666667495,0.0,2.0,0.0
3.98,0,0,0,0,0,0,0,0,0,0,0,0,0,0,0,0,0,0,0,0,0,0,0,0,0.0,0.0,3.2016666666667497,0.0,2.0,0.0
3.99,0,0,0,0,0,0,0,0,0,0,0,0,0,0,0,0,0,0,0,0,0,0,0,0,0.0,0.0,3.19166666666675,0.0,2.0,0.0
4.0,0,0,0,0,0,0,0,0,0,0,0,0,0,0,0,0,0,0,0,0,0,0,0,0,0.0,0.0,3.18166666666675,0.0,2.0,0.0
4.01,0,0,0,0,0,0,0,0,0,0,0,0,0,0,0,0,0,0,0,0,0,0,0,0,0.0,0.0,3.1716666666667503,0.0,2.0,0.0
4.02,0,0,0,0,0,0,0,0,0.22750000000000004,0,1,0,0,0,0,0,0,0,0,0,0,0,0,0,0.0,0.0,3.1616666666667506,0.0,2.0,0.0
4.03,0,0,0,0,0,0,0,0,0.21750000000000003,0,1,0,0,0,0,0,0,0,0,0,0,0,0,0,0.0,0.0,3.1516666666667508,0.0,2.0,0.0
4.04,0,0,0,0,0,0,0,0,0.20750000000000002,0,1,0,0,0,0,0,0,0,0,0,0,0,0,0,0.0,0.0,3.141666666666751,0.0,2.0,0.0
4.05,0,0,0,0,0,0,0,0,0.1975,0,1,0,0,0,0,0,0,0,0,0,0,0,0,0,0.0,0.0,3.131666666666751,0.0,2.0,0.0
4.06,0,0,0,0,0,0,0,0,0.1875,0,1,0,0,0,0,0,0,0,0,0,0,0,0,0,0.0,0.0,3.1216666666667514,0.0,2.0,0.0
4.07,0,0,0,0,0,0,0,0,0.1775,0,1,0,0,0,0,0,0,0,0,0,0,0,0,0,0.0,0.0,3.1116666666667516,0.0,2.0,0.0
4.08,0,0,0,0,0,0,0,0,0.16749999999999998,0,1,0,0,0,0,0,0,0,0,0,0,0,0,0,0.0,0.0,3.101666666666752,0.0,2.0,0.0
4.09,0,0,0,0,0,0,0,0,0.15749999999999997,0,1,0,0,0,0,0,0,0,0,0,0,0,0,0,0.0,0.0,3.091666666666752,0.0,2.0,0.0
4.1,0,0,0,0,0,0,0,0,0.14749999999999996,0,1,0,0,0,0,0,0,0,0,0,0,0,0,0,0.0,0.0,3.0816666666667523,0.0,2.0,0.0
4.11,0,0,0,0,0,0,0,0,0.13749999999999996,0,1,0,0,0,0,0,0,0,0,0,0,0,0,0,0.0,0.0,3.0716666666667525,0.0,2.0,0.0
4.12,0,0,0,0,0,0,0,0,0.12749999999999995,0,1,0,0,0,0,0,0,0,0,0,0,0,0,0,0.0,0.0,3.0616666666667527,0.0,2.0,0.0
4.13,0,0,0,0,0,0,0,0,0.11749999999999995,0,1,0,0,1,0,0,0,0,0,0,0,0,0,0,0.0,0.0,3.051666666666753,0.0,2.0,0.0
4.14,0,0,0,0,0,0,0,0,0.10749999999999996,0,1,0,0,1,0,0,0,0,0,0,0,0,0,0,0.0,0.0,3.041666666666753,0.0,2.0,0.0
4.15,0,0,0,0,0,0,0,0,0.09749999999999996,0,1,0,0,1,0,0,0,0,0,0,0,0,0,0,0.0,0.0,3.0316666666667533,0.0,2.0,0.0
4.16,0,0,0,0,0,0,0,0,0.08749999999999997,0,1,0,0,1,0,0,0,0,0,0,0,0,0,0,0.0,0.0,3.0216666666667535,0.0,2.0,0.0
4.17,0,0,0,0,0,0,0,0,0.07749999999999997,0,1,0,0,1,0,0,0,0,0,0,0,0,0,0,0.0,0.0,3.0116666666667538,0.0,3.0,0.0
4.18,0,0,0,0,0,0,0,0,0.06749999999999998,0,1,0,0,1,0,0,0,0,0,0,0,0,0,0,0.0,0.0,3.001666666666754,0.0,3.0,0.0
4.19,0,0,0,0,0,0,0,0,0.057499999999999975,0,1,0,0,1,0,0,0,0,0,0,0,0,0,0,0.0,0.0,2.991666666666754,0.0,3.0,0.0
4.2,0,0,0,0,0,0,0,0,0.04749999999999997,0,1,0,0,1,0,0,0,0,0,0,0,0,0,0,0.0,0.0,2.9816666666667544,0.0,3.0,0.0
4.21,0,0,0,0,0,0,0,0,0.03749999999999997,0,1,0,0,1,0,0,0,0,0,0,0,0,0,0,0.0,0.0,2.9716666666667546,0.0,3.0,0.0
4.22,0,0,0,0,0,0,0,0,0.02749999999999997,0,1,0,0,1,0,0,0,0,0,0,0,0,0,0,0.0,0.0,2.961666666666755,0.0,3.0,0.0
4.23,0,0,0,0,0,0,0,0,0.017499999999999967,0,1,0,0,1,0,0,0,0,0,0,0,0,0,0,0.0,0.0,2.951666666666755,0.0,3.0,0.0
4.24,0,0,0,0,0,0,0,0,0.007499999999999967,0,1,0,0,1,0,0,0,0,0,0,0,0,0,0,0.0,0.0,2.9416666666667552,0.0,3.0,0.0
4.25,0,0,0,0,0,0,0,0,0,0,0,0,0,1,0,0,0,0,0,0,0,0,0,0,0.0,0.0,2.9316666666667555,0.0,3.0,0.0
4.26,0,0,0,0,0,0,0,0,0,0,0,0,0,1,0,0,0,0,0,0,0,0,0,0,0.0,0.0,2.9216666666667557,0.0,3.0,0.0
4.27,0,0,0,0,0,0,0,0,0,0,0,0,0,1,0,0,0,0,0,0,0,0,0,0,0.0,0.0,2.911666666666756,0.0,3.0,0.0
4.28,0,0,0,0,0,0,0,0,0,0,0,0,0,1,0,0,0,0,0,0,0,0,0,0,0.0,0.0,2.901666666666756,0.0,3.0,0.0
4.29,0,0,0,0,0,0,0,0,0,0,0,0,0,1,0,0,0,0,0,0,0,0,0,0,0.0,0.0,2.8916666666667563,0.0,3.0,0.0
4.3,0,0,0,0,0,0,0,0,0,0,0,0,0,1,0,0,0,0,0,0,0,0,0,0,0.0,0.0,2.8816666666667565,0.0,3.0,0.0
4.31,0,0,0,0,0,0,0,0,0,0,0,0,0,1,0,0,0,0,0,0,0,0,0,0,0.0,0.0,2.8716666666667567,0.0,2.0,0.0
4.32,0,0,0,0,0,0,0,0,0,0,0,0,0,1,0,0,0,0,0,0,0,0,0,0,0.0,0.0,2.861666666666757,0.0,2.0,0.0
4.33,0,0,0,0,0,0,0,0,0,0,0,0,0,1,0,0,0,0,0,0,0,0,0,0,0.0,0.0,2.851666666666757,0.0,2.0,0.0
4.34,0,0,0,0,0,0,0,0,0,0,0,0,0,1,0,0,0,0,0,0,0,0,0,0,0.0,0.0,2.8416666666667574,0.0,2.0,0.0
4.35,0,0,0,0,0,0,0,0,0,0,0,0,0,1,0,0,0,0,0,0,0,0,0,0,0.0,0.0,2.8316666666667576,0.0,2.0,0.0
4.36,0,0,0,0,0,0,0,0,0,0,0,0,0,1,0,0,0,0,0,0,0,0,0,0,0.0,0.0,2.821666666666758,0.0,2.0,0.0
4.37,0,0,0,0,0,0,0,0,0,0,0,0,0,1,0,0,0,0,0,0,0,0,0,0,0.0,0.0,2.811666666666758,0.0,1.0,0.0
4.38,0,0,0,0,0,0,0,0,0,0,0,0,0,1,0,0,0,0,0,0,0,0,0,0,0.0,0.0,2.8016666666667582,0.0,1.0,0.0
4.39,0,0,0,0,0,0,0,0,0,0,0,0,0,1,0,0,0,0,0,0,0,0,0,0,0.0,0.0,2.7916666666667584,0.0,1.0,0.0
4.4,0,0,0,0,0,0,0,0,0,0,0,0,0,1,0,0,0,0,0,0,0,0,0,0,0.0,0.0,2.7816666666667587,0.0,1.0,0.0
4.41,0,0,0,0,0,0,0,0,0,0,0,0,0,1,0,0,0,0,0,0,0,0,0,0,0.0,0.0,2.771666666666759,0.0,1.0,0.0
4.42,0,0,0,0,0,0,0,0,0,0,0,0,0,1,0,0,0,0,0,0,0,0,0,0,0.0,0.0,2.761666666666759,0.0,1.0,0.0
4.43,0,0,0,0,0,0,0,0,0,0,0,0,0,1,0,0,0,0,0,0,0,0,0,0,0.0,0.0,2.7516666666667593,0.0,1.0,0.0
4.44,0,0,0,0,0,0,0,0,0,0,0,0,0,1,0,0,0,0,0,0,0,0,0,0,0.0,0.0,2.7416666666667595,0.0,1.0,0.0
4.45,0,0,0,0,0,0,0,0,0,0,0,0,0,1,0,0,0,0,0,0,0,0,0,0,0.0,0.0,2.7316666666667597,0.0,1.0,0.0
4.46,0,0,0,0,0,0,0,0,0,0,0,0,0,1,0,0,0,0,0,0,0,0,0,0,0.0,0.0,2.72166666666676,0.0,1.0,0.0
4.47,0,0,0,0,0,0,0,0,0,0,0,0,0,1,0,0,0,0,0,0,0,0,0,0,0.0,0.0,2.71166666666676,0.0,1.0,0.0
4.48,0,0,0,0,0,0,0,0,0,0,0,0,0,1,0,0,0,0,0,0,0,0,0,0,0.0,0.0,2.7016666666667604,0.0,0.0,0.0
4.49,0,0,0,0,0,0,0,0,0,0,0,0,0,0,0,0,0,0,0,0,0,0,0,0,0.0,0.0,2.6916666666667606,0.0,0.0,0.0
4.5,0,0,0,0,0,0,0,0,0,0,0,0,0,0,0,0,0,0,0,0,0,0,0,0,0.0,0.0,2.681666666666761,0.0,0.0,0.0
4.51,0,0,0,0,0,0,0,0,0,0,0,0,0,0,0,0,0,0,0,0,0,0,0,0,0.0,0.0,2.671666666666761,0.0,0.0,0.0
4.52,0,0,0,0,0,0,0,0,0,0,0,0,0,0,0,0,0,0,0,0,0,0,0,0,0.0,0.0,2.661666666666761,0.0,0.0,0.0
4.53,0,0,0,0,0,0,0,0,0,0,0,0,0,0,0,0,0,0,0,0,0,0,0,0,0.0,0.0,2.6516666666667614,0.0,0.0,0.0
4.54,0,0,0,0,0,0,0,0,0,0,0,0,0,0,0,0,0,0,0,0,0,0,0,0,0.0,0.0,2.6416666666667616,0.0,0.0,0.0
4.55,0,0,0,0,0,0,0,0,0,0,0,0,0,0,0,0,0,0,0,0,0,0,0,0,0.0,0.0,2.631666666666762,0.0,0.0,0.0
4.56,0,0,0,0,0,0,0,0,0,0,0,0,0,0,0,0,0,0,0,0,0,0,0,0,0.0,0.0,2.621666666666762,0.0,0.0,0.0
4.57,0,0,0,0,0,0,0,0,0,0,0,0,0,0,0,0,0,0,0,0,0,0,0,0,0.0,0.0,2.6116666666667623,0.0,0.0,0.0
4.58,0,0,0,0,0,0,0,0,0,0,0,0,0,0,0,0,0,0,0,0,0,0,0,0,0.0,0.0,2.6016666666667625,0.0,0.0,0.0
4.59,0,0,0,0,0,0,0,0,0,0,0,0,0,0,0,0,0,0,0,0,0,0,0,0,0.0,0.0,2.5916666666667627,0.0,0.0,0.0
4.6,0,0,0,0,0,0,0,0,0,0,0,0,0,0,0,0,0,0,0,0,0,0,0,0,0.0,0.0,2.581666666666763,0.0,0.0,0.0
4.61,0,0,0,0,0,0,0,0,0,0,0,0,0,0,0,0,0,0,0,0,0,0,0,0,0.0,0.0,2.571666666666763,0.0,0.0,0.0
4.62,0,0,0,0,0,0,0,0,0,0,0,0,0,0,0,0,0,0,0,0,0,0,0,0,0.0,0.0,2.5616666666667633,0.0,0.0,0.0
4.63,0,0,0,0,0,0,0,0,0,0,0,0,0,0,0,0,0,0,0,0,0,0,0,0,0.0,0.0,2.5516666666667636,0.0,0.0,0.0
4.64,0,0,0,0,0,0,0,0,0,0,0,0,0,0,0,0,0,0,0,0,0,0,0,0,0.0,0.0,2.5416666666667638,0.0,0.0,0.0
4.65,0,0,0,0,0,0,0,0,0,0,0,0,0,0,0,0,0,0,0,0,0,0,0,0,0.0,0.0,2.531666666666764,0.0,0.0,0.0
4.66,0,0,0,0,0,0,0,0,0,0,0,0,0,0,0,0,0,0,0,0,0,0,0,0,0.0,0.0,2.521666666666764,0.0,0.0,0.0
4.67,0,0,0,0,0,0,0,0,0,0,0,0,0,0,0,0,0,0,0,0,0,0,0,0,0.0,0.0,2.5116666666667644,0.0,0.0,0.0
4.68,0,0,0,0,0,0,0,0,0,0,0,0,0,0,0,0,0,0,0,0,0,0,0,0,0.0,0.0,2.5016666666667646,0.0,0.0,0.0
4.69,0,0,0,0,0,0,0,0,0,0,0,0,0,0,0,0,0,0,0,0,0,0,0,0,0.0,0.0,2.491666666666765,0.0,0.0,0.0
4.7,0,0,0,0,0,0,0,0,0,0,0,0,0,0,0,0,0,0,0,0,0,0,0,0,0.0,0.0,2.481666666666765,0.0,0.0,0.0
4.71,0,0,0,0,0,0,0,0,0,0,0,0,0,0,0,0,0,0,0,0,0,0,0,0,0.0,0.0,2.4716666666667653,0.0,0.0,0.0
4.72,0,0,0,0,0,0,0,0,0,0,0,0,0,0,0,0,0,0,0,0,0,0,0,0,0.0,0.0,2.4616666666667655,0.0,0.0,0.0
4.73,0,0,0,0,0,0,0,0,0,0,0,0,0,0,0,0,0,0,0,0,0,0,0,0,0.0,0.0,2.4516666666667657,0.0,0.0,0.0
4.74,0,0,0,0,0,0,0,0,0,0,0,0,0,0,0,0,0,0,0,0,0,0,0,0,0.0,0.0,2.441666666666766,0.0,0.0,0.0
4.75,0,0,0,0,0,0,0,0,0,0,0,0,0,0,0,0,0,0,0,0,0,0,0,0,0.0,0.0,2.431666666666766,0.0,0.0,0.0
4.76,0,0,0,0,0,0,0,0,0,0,0,0,0,0,0,0,0,0,0,0,0,0,0,0,0.0,0.0,2.4216666666667663,0.0,0.0,0.0
4.77,0,0,0,0,0,0,0,0,0,0,0,0,0,0,0,0,0,0,0,0,0,0,0,0,0.0,0.0,2.4116666666667665,0.0,0.0,0.0
4.78,0,0,0,0,0,0,0,0,0,0,0,0,0,0,0,0,0,0,0,0,0,0,0,0,0.0,0.0,2.4016666666667668,0.0,0.0,0.0
4.79,0,0,0,0,0,0,0,0,0,0,0,0,0,0,0,0,0,0,0,0,0,0,0,0,0.0,0.0,2.391666666666767,0.0,0.0,0.0
4.8,0,0,0,0,0,0,0,0,0,0,0,0,0,0,0,0,0,0,0,0,0,0,0,0,0.0,0.0,2.381666666666767,0.0,0.0,0.0
4.81,0,0,0,0,0,0,0,0,0,0,0,0,0,0,0,0,0,0,0,0,0,0,0,0,0.0,0.0,2.3716666666667674,0.0,0.0,0.0
4.82,0,0,0,0,0,0,0,0,0,0,0,0,0,0,0,0,0,0,0,0,0,0,0,0,0.0,0.0,2.3616666666667676,0.0,0.0,0.0
4.83,0,0,0,0,0,0,0,0,0,0,0,0,0,0,0,0,0,0,0,0,0,0,0,0,0.0,0.0,2.351666666666768,0.0,0.0,0.0
4.84,0,0,0,0,0,0,0,0,0,0,0,0,0,0,0,0,0,0,0,0,0,0,0,0,0.0,0.0,2.341666666666768,0.0,0.0,0.0
4.85,0,0,0,0,0,0,0,0,0,0,0,0,0,0,0,0,0,0,0,0,0,0,0,0,0.0,0.0,2.3316666666667683,0.0,0.0,0.0
4.86,0,0,0,0,0,0,0,0,0,0,0,0,0,0,0,0,0,0,0,0,0,0,0,0,0.0,0.0,2.3216666666667685,0.0,0.0,0.0
4.87,0,0,0,0,0,0,0,0,0,0,0,0,0,0,0,0,0,0,0,0,0,0,0,0,0.0,0.0,2.3116666666667687,0.0,0.0,0.0
4.88,0,0,0,0,0,0,0,0,0,0,0,0,0,0,0,0,0,0,0,0,0,0,0,0,0.0,0.0,2.301666666666769,0.0,0.0,0.0
4.89,0,0,0,0,0,0,0,0,0,0,0,0,0,0,0,0,0,0,0,0,0,0,0,0,0.0,0.0,2.291666666666769,0.0,0.0,0.0
4.9,0,0,0,0,0,0,0,0,0,0,0,0,0,0,0,0,0,0,0,0,0,0,0,0,0.0,0.0,2.2816666666667693,0.0,0.0,0.0
4.91,0,0,0,0,0,0,0,0,0,0,0,0,0,0,0,0,0,0,0,0,0,0,0,0,0.0,0.0,2.2716666666667695,0.0,0.0,0.0
4.92,0,0,0,0,0,0,0,0,0,0,0,0,0,0,0,0,0,0,0,0,0,0,0,0,0.0,0.0,2.2616666666667697,0.0,0.0,0.0
4.93,0,0,0,0,0,0,0,0,0,0,0,0,0,0,0,0,0,0,0,0,0,0,0,0,0.0,0.0,2.25166666666677,0.0,0.0,0.0
4.94,0,0,0,0,0,0,0,0,0,0,0,0,0,0,0,0,0,0,0,0,0,0,0,0,0.0,0.0,2.24166666666677,0.0,0.0,0.0
4.95,0,0,0,0,0,0,0,0,0,0,0,0,0,0,0,0,0,0,0,0,0,0,0,0,0.0,0.0,2.2316666666667704,0.0,0.0,0.0
4.96,0,0,0,0,0,0,0,0,0,0,0,0,0,0,0,0,0,0,0,0,0,0,0,0,0.0,0.0,2.2216666666667706,0.0,0.0,0.0
4.97,0,0,0,0,0,0,0,0,0,0,0,0,0,0,0,0,0,0,0,0,0,0,0,0,0.0,0.0,2.211666666666771,0.0,0.0,0.0
4.98,0,0,0,0,0,0,0,0,0,0,0,0,0,0,0,0,0,0,0,0,0,0,0,0,0.0,0.0,2.201666666666771,0.0,0.0,0.0
4.99,0,0,0,0,0,0,0,0,0,0,0,0,0,0,0,0,0,0,0,0,0,0,0,0,0.0,0.0,2.1916666666667712,0.0,0.0,0.0
5.0,0,0,0,0,0,0,0,0,0,0,0,0,0,0,0,0,0,0,0,0,0,0,0,0,0.0,0.0,2.1816666666667714,0.0,0.0,0.0
5.01,0,0,0,0,0,0,0,0,0,0,0,0,0,0,0,0,0,0,0,0,0,0,0,0,0.0,0.0,2.1716666666667717,0.0,0.0,0.0
5.02,0,0,0,0,0,0,0,0,0,0,0,0,0,0,0,0,0,0,0,0,0,0,0,0,0.0,0.0,2.161666666666772,0.0,0.0,0.0
5.03,0,0,0,0,0,0,0,0,0,0,0,0,0,0,0,0,0,0,0,0,0,0,0,0,0.0,0.0,2.151666666666772,0.0,0.0,0.0
5.04,0,0,0,0,0,0,0,0,0,0,0,0,0,0,0,0,0,0,0,0,0,0,0,0,0.0,0.0,2.1416666666667723,0.0,0.0,0.0
5.05,0,0,0,0,0,0,0,0,0,0,0,0,0,0,0,0,0,0,0,0,0,0,0,0,0.0,0.0,2.1316666666667725,0.0,0.0,0.0
5.06,0,0,0,0,0,0,0,0,0,0,0,0,0,0,0,0,0,0,0,0,0,0,0,0,0.0,0.0,2.1216666666667727,0.0,0.0,0.0
5.07,0,0,0,0,0,0,0,0,0,0,0,0,0,0,0,0,0,0,0,0,0,0,0,0,0.0,0.0,2.111666666666773,0.0,0.0,0.0
5.08,0,0,0,0,0,0,0,0,0,0,0,0,0,0,0,0,0,0,0,0,0,0,0,0,0.0,0.0,2.101666666666773,0.0,0.0,0.0
5.09,0,0,0,0,0,0,0,0,0,0,0,0,0,0,0,0,0,0,0,0,0,0,0,0,0.0,0.0,2.0916666666667734,0.0,0.0,0.0
5.1,0,0,0,0,0,0,0,0,0,0,0,0,0,0,0,0,0,0,0,0,0,0,0,0,0.0,0.0,2.0816666666667736,0.0,0.0,0.0
5.11,0,0,0,0,0,0,0,0,0,0,0,0,0,0,0,0,0,0,0,0,0,0,0,0,0.0,0.0,2.071666666666774,0.0,0.0,0.0
