time,CS0_waiting_num,CS0_charging_num,CS0_waiting_time,CS1_waiting_num,CS1_charging_num,CS1_waiting_time,CS2_waiting_num,CS2_charging_num,CS2_waiting_time,CS3_waiting_num,CS3_charging_num,CS3_waiting_time,CS4_waiting_num,CS4_charging_num,CS4_waiting_time,CS5_waiting_num,CS5_charging_num,CS5_waiting_time,CS6_waiting_num,CS6_charging_num,CS6_waiting_time,CS7_waiting_num,CS7_charging_num,CS7_waiting_time,CS8_waiting_num,CS8_charging_num,CS8_waiting_time,CS9_waiting_num,CS9_charging_num,CS9_waiting_time,CS10_waiting_num,CS10_charging_num,CS10_waiting_time,CS11_waiting_num,CS11_charging_num,CS11_waiting_time
0.05,0,0,0,0,0,0,0,0,0,0,0,0,0,0,0,0,0,0,0,0,0,0,0,0,0,0,0,0,0,0,0,0,0,0,0,0
0.1,0,0,0,0,0,0,0,0,0,0,0,0,0,0,0,0,0,0,0,0,0,0,0,0,0,0,0,0,0,0,0,0,0,0,0,0
0.15,0,0,0,0,0,0,0,0,0,0,0,0,0,0,0,0,0,0,0,0,0,0,0,0,0,0,0,0,0,0,0,0,0,0,0,0
0.2,0,0,0,0,0,0,0,0,0,0,0,0,0,0,0,0,0,0,0,0,0,0,0,0,0,0,0,0,0,0,0,0,0,0,0,0
0.25,0,0,0,0,0,0,0,0,0,0,0,0,0,0,0,0,0,0,0,0,0,0,0,0,0,0,0,0,0,0,0,0,0,0,0,0
0.3,0,0,0,0,0,0,0,0,0,0,0,0,0,0,0,0,0,0,0,0,0,0,0,0,0,0,0,0,0,0,0,0,0,0,0,0
0.35,0,0,0,0,0,0,0,0,0,0,0,0,0,0,0,0,0,0,0,0,0,0,0,0,0,0,0,0,0,0,0,0,0,0,0,0
0.4,0,0,0,0,0,0,0,0,0,0,0,0,0,0,0,0,0,0,0,0,0,0,0,0,0,0,0,0,0,0,0,0,0,0,0,0
0.45,0,0,0,0,0,0,0,0,0,0,0,0,0,0,0,0,0,0,0,0,0,0,0,0,0,0,0,0,0,0,0,0,0,0,0,0
0.5,0,0,0,0,0,0,0,0,0,0,0,0,0,0,0,0,0,0,0,0,0,0,0,0,0,0,0,0,0,0,0,0,0,0,0,0
0.55,0,0,0,0,0,0,0,0,0,0,0,0,0,0,0,0,0,0,0,0,0,0,0,0,0,0,0,0,0,0,0,0,0,0,0,0
0.6,0,0,0,0,0,0,0,0,0,0,0,0,0,0,0,0,0,0,0,0,0,0,0,0,0,0,0,0,0,0,0,0,0,0,0,0
0.65,0,0,0,0,0,0,0,0,0,0,0,0,0,0,0,0,0,0,0,0,0,0,0,0,0,0,0,0,0,0,0,0,0,0,0,0
0.7,0,0,0,0,0,0,0,0,0,0,0,0,0,0,0,0,0,0,0,0,0,0,0,0,0,0,0,0,0,0,0,0,0,0,0,0
0.75,0,0,0,0,0,0,0,0,0,0,0,0,0,0,0,0,0,0,0,0,0,0,0,0,0,0,0,0,0,0,0,0,0,0,0,0
0.8,0,0,0,0,0,0,0,0,0,0,0,0,0,0,0,0,0,0,0,0,0,0,0,0,0,0,0,0,0,0,0,0,0,0,0,0
0.85,0,0,0,0,0,0,0,0,0,0,0,0,0,0,0,0,0,0,0,0,0,0,0,0,0,0,0,0,0,0,0,0,0,0,0,0
0.9,0,0,0,0,0,0,0,0,0,0,0,0,0,0,0,0,0,0,0,0,0,0,0,0,0,0,0,0,0,0,0,0,0,0,0,0
0.95,0,0,0,0,0,0,0,0,0,0,0,0,0,0,0,0,0,0,0,0,0,0,0,0,0,0,0,0,0,0,0,0,0,0,0,0
1.0,0,0,0,0,0,0,0,0,0,0,0,0,0,0,0,0,0,0,0,0,0,0,0,0,0,0,0,0,0,0,0,0,0,0,0,0
1.05,0,0,0,0,0,0,0,0,0,0,0,0,0,0,0,0,0,0,0,0,0,0,0,0,0,0,0,0,0,0,0,0,0,0,0,0
1.1,0,0,0,0,0,0,0,0,0,0,0,0,0,0,0,0,0,0,0,0,0,0,0,0,0,0,0,0,0,0,0,0,0,0,0,0
1.15,0,0,0,0,0,0,0,0,0,0,0,0,0,0,0,0,0,0,0,0,0,0,0,0,0,0,0,0,0,0,0,0,0,0,0,0
1.2,0,0,0,0,0,0,0,0,0,0,0,0,0,0,0,0,0,0,0,0,0,0,0,0,0,0,0,0,0,0,0,0,0,0,0,0
1.25,0,0,0,0,0,0,0,0,0,0,0,0,0,0,0,0,0,0,0,0,0,0,0,0,0,0,0,0,0,0,0,0,0,0,0,0
1.3,0,0,0,0,0,0,0,0,0,0,0,0,0,0,0,0,0,0,0,0,0,0,0,0,0,0,0,0,0,0,0,0,0,0,0,0
1.35,0,0,0,0,0,0,0,0,0,0,0,0,0,0,0,0,0,0,0,0,0,0,0,0,0,0,0,0,0,0,0,0,0,0,0,0
1.4,0,0,0,0,0,0,0,0,0,0,0,0,0,0,0,0,0,0,0,0,0,0,0,0,0,0,0,0,0,0,0,0,0,0,0,0
1.45,0,0,0,0,1,0,0,0,0,0,0,0,0,0,0,0,0,0,0,0,0,0,0,0,0,0,0,0,0,0,0,0,0,0,0,0
1.5,0,0,0,0,1,0,0,0,0,0,0,0,0,0,0,0,0,0,0,0,0,0,0,0,0,0,0,0,0,0,0,0,0,0,0,0
1.55,0,0,0,0,1,0,0,0,0,0,0,0,0,0,0,0,0,0,0,0,0,0,0,0,0,0,0,0,0,0,0,0,0,0,0,0
1.6,0,0,0,0,1,0,0,0,0,0,0,0,0,0,0,0,0,0,0,0,0,0,0,0,0,0,0,0,0,0,0,0,0,0,0,0
1.65,0,0,0,0,1,0,0,0,0,0,0,0,0,0,0,0,0,0,0,0,0,0,0,0,0,0,0,0,0,0,0,0,0,0,0,0
1.7,0,0,0,0,1,0,0,0,0,0,0,0,0,0,0,0,0,0,0,0,0,0,0,0,0,0,0,0,0,0,0,0,0,0,0,0
1.75,0,0,0,0,1,0,0,0,0,0,0,0,0,0,0,0,0,0,0,0,0,0,0,0,0,0,0,0,0,0,0,0,0,0,0,0
1.8,0,0,0,0,1,0,0,0,0,0,0,0,0,0,0,0,0,0,0,0,0,0,0,0,0,0,0,0,0,0,0,0,0,0,0,0
1.85,0,0,0,0,1,0,0,0,0,0,1,0,0,0,0,0,0,0,0,0,0,0,0,0,0,0,0,0,0,0,0,0,0,0,0,0
1.9,0,0,0,0,1,0,0,0,0,0,1,0,0,0,0,0,0,0,0,0,0,0,0,0,0,0,0,0,0,0,0,0,0,0,0,0
1.95,0,0,0,0,1,0,0,0,0,0,1,0,0,0,0,0,0,0,0,0,0,0,0,0,0,0,0,0,0,0,0,0,0,0,0,0
2.0,0,0,0,0,1,0,0,0,0,0,1,0,0,1,0,0,0,0,0,0,0,0,0,0,0,0,0,0,0,0,0,0,0,0,0,0
2.05,0,0,0,0,1,0,0,0,0,0,1,0,0,1,0,0,0,0,0,0,0,0,0,0,0,0,0,0,0,0,0,0,0,0,0,0
2.1,0,0,0,0,1,0,0,0,0,0,1,0,0,1,0,0,0,0,0,0,0,0,0,0,0,0,0,0,0,0,0,0,0,0,0,0
2.15,0,0,0,0,1,0,0,0,0,0,1,0,0,1,0,0,0,0,0,0,0,0,0,0,0,0,0,0,0,0,0,0,0,0,0,0
2.2,0,0,0,0,1,0,0,0,0,0,1,0,0,1,0,0,0,0,0,0,0,0,0,0,0,0,0,0,0,0,0,0,0,0,0,0
2.25,0,0,0,0,1,0,0,0,0,0,1,0,0,1,0,0,0,0,0,0,0,0,0,0,0,0,0,0,0,0,0,0,0,0,0,0
2.3,0,0,0,0,1,0,0,0,0,0,1,0,0,2,0.2300000000000001,0,0,0,0,0,0,0,0,0,0,0,0,0,0,0,0,0,0,0,0,0
2.35,0,0,0,0,1,0,0,0,0,0,1,0,0,2,0.1800000000000001,0,0,0,0,0,0,0,0,0,0,0,0,0,0,0,0,0,0,0,0,0
2.4,0,0,0,0,1,0,0,0,0,0,1,0,0,2,0.13000000000000012,0,0,0,0,0,0,0,0,0,0,0,0,0,0,0,0,0,0,0,0,0
2.45,0,0,0,0,1,0,0,0,0,0,1,0,0,2,0.08000000000000011,0,0,0,0,0,0,0,0,0,0,0,0,0,0,0,0,0,0,0,0,0
2.5,0,0,0,0,1,0,0,0,0,0,1,0,0,2,0.03000000000000011,0,0,0,0,0,0,0,0,0,0,0,0,0,0,0,0,0,0,0,0,0
2.55,0,0,0,0,1,0,0,0,0,0,1,0,0,1,0,0,1,0,0,0,0,0,0,0,0,0,0,0,0,0,0,0,0,0,0,0
2.6,0,0,0,0,0,0,0,0,0,0,1,0,0,1,0,0,1,0,0,0,0,0,0,0,0,0,0,0,0,0,0,0,0,0,0,0
2.65,0,0,0,0,0,0,0,0,0,0,1,0,0,1,0,0,1,0,0,0,0,0,0,0,0,0,0,0,0,0,0,0,0,0,0,0
2.7,0,0,0,0,0,0,0,0,0,0,1,0,0,2,1.5359166666666664,0,1,0,0,0,0,0,0,0,0,0,0,0,0,0,0,0,0,0,0,0
2.75,0,0,0,0,0,0,0,0,0,0,1,0,0,2,1.4859166666666663,0,1,0,0,0,0,0,0,0,0,0,0,0,0,0,0,0,0,0,0,0
2.8,0,0,0,0,0,0,0,0,0,0,1,0,0,2,1.4359166666666663,0,1,0,0,0,0,0,0,0,0,0,0,0,0,0,0,0,0,0,0,0
2.85,0,0,0,0,0,0,0,0,0,0,1,0,0,2,1.3859166666666662,0,1,0,0,0,0,0,0,0,0,0,0,0,0,0,0,0,0,0,0,0
2.9,0,0,0,0,0,0,0,0,0,0,1,0,0,2,1.3359166666666662,0,1,0,0,0,0,0,0,0,0,0,0,0,0,0,0,0,0,0,0,0
2.95,0,0,0,0,0,0,0,0,0,0,1,0,0,2,1.2859166666666662,0,1,0,0,0,0,0,0,0,0,0,0,0,0,0,0,0,0,0,0,0
3.0,0,0,0,0,0,0,0,0,0,0,1,0,0,2,1.235916666666666,0,1,0,0,0,0,0,0,0,0,0,0,0,0,0,0,0,0,0,0,0
3.05,0,0,0,0,0,0,0,0,0,0,1,0,0,2,1.185916666666666,0,2,0.6799999999999995,0,0,0,0,0,0,0,0,0,0,0,0,0,0,0,0,0,0
3.1,0,0,0,0,0,0,0,0,0,0,1,0,0,2,1.135916666666666,0,2,0.6299999999999994,0,0,0,0,0,0,0,0,0,0,0,0,0,0,0,0,0,0
3.15,0,0,0,0,0,0,0,0,0,0,1,0,0,2,1.085916666666666,0,2,0.5799999999999994,0,0,0,0,0,0,0,0,0,0,0,0,0,0,0,0,0,0
3.2,0,0,0,0,0,0,0,0,0,0,1,0,0,2,1.035916666666666,0,2,0.5299999999999994,0,0,0,0,0,0,0,0,0,0,0,0,0,0,0,0,0,0
3.25,0,0,0,0,0,0,0,0,0,0,1,0,0,2,0.9859166666666659,0,2,0.47999999999999937,0,0,0,0,0,0,0,0,0,0,0,0,0,0,0,0,0,0
3.3,0,0,0,0,0,0,0,0,0,0,1,0,0,2,0.9359166666666658,0,2,0.4299999999999994,0,0,0,0,0,0,0,0,0,0,0,0,0,0,0,0,0,0
3.35,0,0,0,0,0,0,0,0,0,0,0,0,0,2,0.8859166666666658,1,2,0.7174999999999996,0,0,0,0,0,0,0,0,0,0,0,0,0,0,0,0,0,0
3.4,0,0,0,0,0,0,0,0,0,0,0,0,0,2,0.8359166666666658,1,2,0.6674999999999995,0,0,0,0,0,0,0,0,0,0,0,0,0,0,0,0,0,0
3.45,0,0,0,0,0,0,0,0,0,0,0,0,0,2,0.7859166666666657,1,2,0.6174999999999995,0,0,0,0,0,0,0,0,0,0,0,0,0,0,0,0,0,0
3.5,0,0,0,0,0,0,0,0,0,0,0,0,0,2,0.7359166666666657,1,2,0.5674999999999994,0,2,1.3074999999999999,0,0,0,0,0,0,0,0,0,0,0,0,0,0,0
3.55,0,0,0,0,0,0,0,0,0,0,0,0,0,2,0.6859166666666656,1,2,0.5174999999999994,0,2,1.2574999999999998,0,0,0,0,0,0,0,0,0,0,0,0,0,0,0
3.6,0,0,0,0,0,0,0,0,0,0,0,0,0,2,0.6359166666666656,1,2,0.4674999999999994,0,2,1.2074999999999998,0,0,0,0,0,0,0,0,0,0,0,0,0,0,0
3.65,0,0,0,0,0,0,0,0,0,0,0,0,0,2,0.5859166666666655,1,2,0.4174999999999994,0,2,1.1574999999999998,0,0,0,0,0,0,0,0,0,0,0,0,0,0,0
3.7,0,0,0,0,0,0,0,0,0,0,0,0,0,2,0.5359166666666655,1,2,0.36749999999999944,0,2,1.1074999999999997,0,0,0,0,0,0,0,0,0,0,0,0,0,0,0
3.75,0,0,0,0,0,0,0,0,0,0,0,0,0,2,0.4859166666666655,0,2,0.31749999999999945,0,2,1.0574999999999997,0,0,0,0,0,0,0,0,0,0,0,0,0,0,0
3.8,0,0,0,0,0,0,0,0,0,0,0,0,0,2,0.4359166666666655,0,2,0.26749999999999946,0,2,1.0074999999999996,0,0,0,0,0,0,0,0,0,0,0,0,0,0,0
3.85,0,0,0,0,0,0,0,0,0,0,0,0,0,2,0.3859166666666655,0,2,0.21749999999999947,1,2,1.3942500000000004,0,0,0,0,0,0,0,0,0,0,0,0,0,0,0
3.9,0,0,0,0,0,0,0,0,0,0,0,0,0,2,0.33591666666666553,0,2,0.16749999999999948,1,2,1.3442500000000004,0,0,0,0,0,0,0,0,0,0,0,0,0,0,0
3.95,0,0,0,0,0,0,0,0,0,0,0,0,0,2,0.28591666666666554,0,2,0.11749999999999948,1,2,1.2942500000000003,0,1,0,0,0,0,0,0,0,0,0,0,0,0,0
4.0,0,0,0,0,0,0,0,0,0,0,0,0,0,2,0.23591666666666555,0,2,0.06749999999999948,1,2,1.2442500000000003,0,1,0,0,0,0,0,0,0,0,0,0,0,0,0
4.05,0,0,0,0,0,0,0,0,0,0,0,0,0,2,0.18591666666666556,0,2,0.017499999999999474,1,2,1.1942500000000003,0,2,0.43000000000000005,0,0,0,0,0,0,0,0,0,0,0,0
4.1,0,0,0,0,0,0,0,0,0,0,0,0,0,2,0.13591666666666558,0,1,0,1,2,1.1442500000000002,0,2,0.38000000000000006,0,0,0,0,0,0,0,0,0,0,0,0
4.15,0,0,0,0,0,0,0,0,0,0,0,0,0,2,0.08591666666666557,0,1,0,1,2,1.0942500000000002,0,2,0.33000000000000007,0,0,0,0,1,0,0,0,0,0,0,0
4.2,0,0,0,0,0,0,0,0,0,0,0,0,0,2,0.03591666666666557,0,1,0,1,2,1.0442500000000001,0,2,0.2800000000000001,0,0,0,0,1,0,0,0,0,0,0,0
4.25,0,0,0,0,0,0,0,0,0,0,0,0,0,1,0,0,1,0,1,2,0.9942500000000001,0,2,0.2300000000000001,0,0,0,0,1,0,0,0,0,0,0,0
4.3,0,0,0,0,0,0,0,0,0,0,0,0,0,1,0,0,1,0,1,2,0.94425,0,2,0.1800000000000001,0,0,0,0,1,0,0,0,0,0,0,0
4.35,0,0,0,0,0,0,0,0,0,0,0,0,0,1,0,0,1,0,1,2,0.89425,1,2,0.7274999999999996,0,0,0,0,1,0,0,0,0,0,0,0
4.4,0,0,0,0,0,0,0,0,0,0,0,0,0,1,0,0,1,0,1,2,0.84425,1,2,0.6774999999999995,0,0,0,0,1,0,0,0,0,0,0,0
4.45,0,0,0,0,0,0,0,0,0,0,0,0,0,1,0,0,1,0,1,2,0.7942499999999999,1,2,0.6274999999999995,0,0,0,0,1,0,0,0,0,0,0,0
4.5,0,0,0,0,0,0,0,0,0,0,0,0,0,1,0,0,1,0,1,2,0.7442499999999999,1,2,0.6324999999999998,0,0,0,0,1,0,0,0,0,0,0,0
4.55,0,0,0,0,0,0,0,0,0,0,0,0,0,1,0,0,1,0,1,2,0.6942499999999998,1,2,0.5824999999999998,0,1,0,0,1,0,0,0,0,0,0,0
4.6,0,0,0,0,0,0,0,0,0,0,0,0,0,1,0,0,0,0,1,2,0.6442499999999998,1,2,0.5324999999999998,0,1,0,0,1,0,0,0,0,0,0,0
4.65,0,0,0,0,0,0,0,0,0,0,0,0,0,0,0,0,0,0,1,2,0.5942499999999997,1,2,0.48249999999999976,0,2,0.8649999999999998,0,1,0,0,0,0,0,0,0
4.7,0,0,0,0,0,0,0,0,0,0,0,0,0,0,0,0,0,0,1,2,0.5442499999999997,1,2,0.4324999999999998,0,2,0.8149999999999997,0,2,0.7249999999999992,0,0,0,0,0,0
4.75,0,0,0,0,0,0,0,0,0,0,0,0,0,0,0,0,0,0,1,2,0.4942499999999997,1,2,0.3824999999999998,0,2,0.7649999999999997,0,2,0.6749999999999992,0,0,0,0,0,0
4.8,0,0,0,0,0,0,0,0,0,0,0,0,0,0,0,0,0,0,1,2,0.4442499999999997,1,2,0.3324999999999998,0,2,0.7149999999999996,0,2,0.6249999999999991,0,0,0,0,0,0
4.85,0,0,0,0,0,0,0,0,0,0,0,0,0,0,0,0,0,0,0,2,0.3942499999999997,1,2,0.2824999999999998,1,2,1.0625,0,2,0.5749999999999991,0,0,0,0,0,0
4.9,0,0,0,0,0,0,0,0,0,0,0,0,0,0,0,0,0,0,0,2,0.3442499999999997,1,2,0.23249999999999982,1,2,1.0125,0,2,0.524999999999999,0,0,0,0,0,0
4.95,0,0,0,0,0,0,0,0,0,0,0,0,0,0,0,0,0,0,0,2,0.29424999999999973,1,2,0.18249999999999983,1,2,0.9624999999999999,0,2,0.47499999999999903,0,0,0,0,0,0
5.0,0,0,0,0,0,0,0,0,0,0,0,0,0,0,0,0,0,0,0,2,0.24424999999999975,1,2,0.13249999999999984,1,2,0.9124999999999999,0,2,0.42499999999999905,0,0,0,0,0,0
5.05,0,0,0,0,0,0,0,0,0,0,0,0,0,0,0,0,0,0,0,2,0.19424999999999976,1,2,0.08249999999999984,1,2,0.8624999999999998,0,2,0.37499999999999906,0,0,0,0,0,0
5.1,0,0,0,0,0,0,0,0,0,0,0,0,0,0,0,0,0,0,0,2,0.14424999999999977,0,2,0.032499999999999835,1,2,0.8124999999999998,0,2,0.32499999999999907,0,0,0,0,0,0
5.15,0,0,0,0,0,0,0,0,0,0,0,0,0,0,0,0,0,0,0,2,0.09424999999999976,0,1,0,1,2,0.7624999999999997,1,2,0.5949999999999995,0,0,0,0,0,0
5.2,0,0,0,0,0,0,0,0,0,0,0,0,0,0,0,0,0,0,0,2,0.04424999999999976,0,1,0,1,2,0.7124999999999997,1,2,0.5449999999999995,0,0,0,0,0,0
5.25,0,0,0,0,0,0,0,0,0,0,0,0,0,0,0,0,0,0,0,1,0,0,1,0,1,2,0.6624999999999996,1,2,0.4949999999999995,0,0,0,0,0,0
5.3,0,0,0,0,0,0,0,0,0,0,0,0,0,0,0,0,0,0,0,1,0,0,1,0,1,2,0.6124999999999996,1,2,0.4449999999999995,0,0,0,0,0,0
5.35,0,0,0,0,0,0,0,0,0,0,0,0,0,0,0,0,0,0,0,1,0,0,1,0,1,2,0.5624999999999996,1,2,0.3949999999999995,0,0,0,0,0,0
5.4,0,0,0,0,0,0,0,0,0,0,0,0,0,0,0,0,0,0,0,1,0,0,1,0,1,2,0.5124999999999995,1,2,0.34499999999999953,0,0,0,0,0,0
5.45,0,0,0,0,0,0,0,0,0,0,0,0,0,0,0,0,0,0,0,1,0,0,1,0,1,2,0.4624999999999995,0,2,0.29499999999999954,0,0,0,0,0,0
5.5,0,0,0,0,0,0,0,0,0,0,0,0,0,0,0,0,0,0,0,1,0,0,2,0.64,1,2,0.41249999999999953,0,2,0.24499999999999955,0,0,0,0,1,0
5.55,0,0,0,0,0,0,0,0,0,0,0,0,0,0,0,0,0,0,0,1,0,0,2,0.59,0,2,0.36249999999999954,0,2,0.19499999999999956,0,0,0,0,1,0
5.6,0,0,0,0,0,0,0,0,0,0,0,0,0,0,0,0,0,0,0,1,0,0,2,0.5399999999999999,0,2,0.31249999999999956,0,2,0.14499999999999957,0,0,0,0,1,0
5.65,0,0,0,0,0,0,0,0,0,0,0,0,0,0,0,0,0,0,0,1,0,0,2,0.48999999999999994,0,2,0.26249999999999957,0,2,0.09499999999999957,0,0,0,0,1,0
5.7,0,0,0,0,0,0,0,0,0,0,0,0,0,0,0,0,0,0,0,1,0,0,2,0.43999999999999995,0,2,0.21249999999999958,0,2,0.04499999999999957,0,0,0,0,1,0
5.75,0,0,0,0,0,0,0,0,0,0,0,0,0,0,0,0,0,0,0,1,0,0,2,0.38999999999999996,0,2,0.1624999999999996,0,1,0,0,0,0,0,1,0
5.8,0,0,0,0,0,0,0,0,0,0,0,0,0,0,0,0,0,0,0,1,0,0,2,0.33999999999999997,0,2,0.11249999999999959,0,1,0,0,0,0,0,1,0
5.85,0,0,0,0,0,0,0,0,0,0,0,0,0,0,0,0,0,0,0,1,0,0,2,0.29,0,2,0.062499999999999584,0,1,0,0,0,0,0,1,0
5.9,0,0,0,0,0,0,0,0,0,0,0,0,0,0,0,0,0,0,0,1,0,0,2,0.24,0,2,0.012499999999999581,0,1,0,0,0,0,0,1,0
5.95,0,0,0,0,0,0,0,0,0,0,0,0,0,0,0,0,0,0,0,1,0,0,2,0.19,0,1,0,0,1,0,0,0,0,0,1,0
6.0,0,0,0,0,0,0,0,0,0,0,0,0,0,0,0,0,0,0,0,1,0,0,2,0.14,0,1,0,0,1,0,0,0,0,0,1,0
6.05,0,0,0,0,0,0,0,0,0,0,0,0,0,0,0,0,0,0,0,1,0,0,2,0.09000000000000001,0,1,0,0,2,0.36000000000000015,0,0,0,0,1,0
6.1,0,0,0,0,0,0,0,0,0,0,0,0,0,0,0,0,0,0,0,1,0,0,2,0.04000000000000001,0,1,0,0,2,0.31000000000000016,0,0,0,0,1,0
6.15,0,0,0,0,0,0,0,0,0,0,0,0,0,0,0,0,0,0,0,1,0,0,1,0,0,1,0,0,2,0.2600000000000002,0,1,0,0,2,0.43
6.2,0,0,0,0,0,0,0,0,0,0,0,0,0,0,0,0,0,0,0,1,0,0,1,0,0,1,0,0,2,0.2100000000000002,0,2,0.21499999999999997,0,2,0.38
6.25,0,0,0,0,0,0,0,0,0,0,0,0,0,0,0,0,0,0,0,1,0,0,1,0,0,1,0,0,2,0.1600000000000002,0,2,0.16499999999999998,0,2,0.33
6.3,0,0,0,0,0,0,0,0,0,0,0,0,0,0,0,0,0,0,0,1,0,0,0,0,0,1,0,0,2,0.1100000000000002,0,2,0.11499999999999998,0,2,0.28
6.35,0,0,0,0,0,0,0,0,0,0,0,0,0,0,0,0,0,0,0,1,0,0,0,0,0,1,0,0,2,0.06000000000000019,0,2,0.06499999999999997,0,2,0.23000000000000004
6.4,0,0,0,0,0,0,0,0,0,0,0,0,0,0,0,0,0,0,0,1,0,0,0,0,0,1,0,0,2,0.01000000000000019,0,2,0.014999999999999972,0,2,0.18000000000000005
6.45,0,0,0,0,0,0,0,0,0,0,0,0,0,0,0,0,0,0,0,1,0,0,0,0,0,1,0,0,1,0,0,1,0,0,2,0.13000000000000006
6.5,0,0,0,0,0,0,0,0,0,0,0,0,0,0,0,0,0,0,0,1,0,0,0,0,0,1,0,0,1,0,0,2,0.17750000000000016,1,2,0.2099999999999994
6.55,0,0,0,0,0,0,0,0,0,0,0,0,0,0,0,0,0,0,0,1,0,0,0,0,0,1,0,0,1,0,0,2,0.12750000000000017,1,2,0.15999999999999942
6.6,0,0,0,0,0,0,0,0,0,0,0,0,0,0,0,0,0,0,0,1,0,0,0,0,0,1,0,0,1,0,0,2,0.07750000000000017,0,2,0.10999999999999942
6.65,0,0,0,0,0,0,0,0,0,0,0,0,0,0,0,0,0,0,0,0,0,0,0,0,0,1,0,0,1,0,0,2,0.027500000000000163,0,2,0.059999999999999415
6.7,0,0,0,0,0,0,0,0,0,0,0,0,0,0,0,0,0,0,0,0,0,0,0,0,0,1,0,0,1,0,0,1,0,0,2,0.009999999999999412
6.75,0,0,0,0,0,0,0,0,0,0,0,0,0,0,0,0,0,0,0,0,0,0,0,0,0,1,0,0,1,0,0,1,0,0,1,0
6.8,0,0,0,0,0,0,0,0,0,0,0,0,0,0,0,0,0,0,0,0,0,0,0,0,0,1,0,0,1,0,0,1,0,0,2,0.285
6.85,0,0,0,0,0,0,0,0,0,0,0,0,0,0,0,0,0,0,0,0,0,0,0,0,0,0,0,0,1,0,0,1,0,0,2,0.235
6.9,0,0,0,0,0,0,0,0,0,0,0,0,0,0,0,0,0,0,0,0,0,0,0,0,0,0,0,0,1,0,0,1,0,0,2,0.185
6.95,0,0,0,0,0,0,0,0,0,0,0,0,0,0,0,0,0,0,0,0,0,0,0,0,0,0,0,0,0,0,0,1,0,0,2,0.135
7.0,0,0,0,0,0,0,0,0,0,0,0,0,0,0,0,0,0,0,0,0,0,0,0,0,0,0,0,0,0,0,0,1,0,0,2,0.085
7.05,0,0,0,0,0,0,0,0,0,0,0,0,0,0,0,0,0,0,0,0,0,0,0,0,0,0,0,0,0,0,0,1,0,0,2,0.035
7.1,0,0,0,0,0,0,0,0,0,0,0,0,0,0,0,0,0,0,0,0,0,0,0,0,0,0,0,0,0,0,0,0,0,0,1,0
7.15,0,0,0,0,0,0,0,0,0,0,0,0,0,0,0,0,0,0,0,0,0,0,0,0,0,0,0,0,0,0,0,0,0,0,1,0
7.2,0,0,0,0,0,0,0,0,0,0,0,0,0,0,0,0,0,0,0,0,0,0,0,0,0,0,0,0,0,0,0,0,0,0,1,0
7.25,0,0,0,0,0,0,0,0,0,0,0,0,0,0,0,0,0,0,0,0,0,0,0,0,0,0,0,0,0,0,0,0,0,0,1,0
7.3,0,0,0,0,0,0,0,0,0,0,0,0,0,0,0,0,0,0,0,0,0,0,0,0,0,0,0,0,0,0,0,0,0,0,0,0
7.35,0,0,0,0,0,0,0,0,0,0,0,0,0,0,0,0,0,0,0,0,0,0,0,0,0,0,0,0,0,0,0,0,0,0,0,0
7.4,0,0,0,0,0,0,0,0,0,0,0,0,0,0,0,0,0,0,0,0,0,0,0,0,0,0,0,0,0,0,0,0,0,0,0,0
7.45,0,0,0,0,0,0,0,0,0,0,0,0,0,0,0,0,0,0,0,0,0,0,0,0,0,0,0,0,0,0,0,0,0,0,0,0
7.5,0,0,0,0,0,0,0,0,0,0,0,0,0,0,0,0,0,0,0,0,0,0,0,0,0,0,0,0,0,0,0,0,0,0,0,0
7.55,0,0,0,0,0,0,0,0,0,0,0,0,0,0,0,0,0,0,0,0,0,0,0,0,0,0,0,0,0,0,0,0,0,0,0,0
7.6,0,0,0,0,0,0,0,0,0,0,0,0,0,0,0,0,0,0,0,0,0,0,0,0,0,0,0,0,0,0,0,0,0,0,0,0
7.65,0,0,0,0,0,0,0,0,0,0,0,0,0,0,0,0,0,0,0,0,0,0,0,0,0,0,0,0,0,0,0,0,0,0,0,0
7.7,0,0,0,0,0,0,0,0,0,0,0,0,0,0,0,0,0,0,0,0,0,0,0,0,0,0,0,0,0,0,0,0,0,0,0,0
7.75,0,0,0,0,0,0,0,0,0,0,0,0,0,0,0,0,0,0,0,0,0,0,0,0,0,0,0,0,0,0,0,0,0,0,0,0
7.8,0,0,0,0,0,0,0,0,0,0,0,0,0,0,0,0,0,0,0,0,0,0,0,0,0,0,0,0,0,0,0,0,0,0,0,0
7.85,0,0,0,0,0,0,0,0,0,0,0,0,0,0,0,0,0,0,0,0,0,0,0,0,0,0,0,0,0,0,0,0,0,0,0,0
7.9,0,0,0,0,0,0,0,0,0,0,0,0,0,0,0,0,0,0,0,0,0,0,0,0,0,0,0,0,0,0,0,0,0,0,0,0
7.95,0,0,0,0,0,0,0,0,0,0,0,0,0,0,0,0,0,0,0,0,0,0,0,0,0,0,0,0,0,0,0,0,0,0,0,0
8.0,0,0,0,0,0,0,0,0,0,0,0,0,0,0,0,0,0,0,0,0,0,0,0,0,0,0,0,0,0,0,0,0,0,0,0,0
8.05,0,0,0,0,0,0,0,0,0,0,0,0,0,0,0,0,0,0,0,0,0,0,0,0,0,0,0,0,0,0,0,0,0,0,0,0
8.1,0,0,0,0,0,0,0,0,0,0,0,0,0,0,0,0,0,0,0,0,0,0,0,0,0,0,0,0,0,0,0,0,0,0,0,0
8.15,0,0,0,0,0,0,0,0,0,0,0,0,0,0,0,0,0,0,0,0,0,0,0,0,0,0,0,0,0,0,0,0,0,0,0,0
8.2,0,0,0,0,0,0,0,0,0,0,0,0,0,0,0,0,0,0,0,0,0,0,0,0,0,0,0,0,0,0,0,0,0,0,0,0
8.25,0,0,0,0,0,0,0,0,0,0,0,0,0,0,0,0,0,0,0,0,0,0,0,0,0,0,0,0,0,0,0,0,0,0,0,0
8.3,0,0,0,0,0,0,0,0,0,0,0,0,0,0,0,0,0,0,0,0,0,0,0,0,0,0,0,0,0,0,0,0,0,0,0,0
8.35,0,0,0,0,0,0,0,0,0,0,0,0,0,0,0,0,0,0,0,0,0,0,0,0,0,0,0,0,0,0,0,0,0,0,0,0
8.4,0,0,0,0,0,0,0,0,0,0,0,0,0,0,0,0,0,0,0,0,0,0,0,0,0,0,0,0,0,0,0,0,0,0,0,0
8.45,0,0,0,0,0,0,0,0,0,0,0,0,0,0,0,0,0,0,0,0,0,0,0,0,0,0,0,0,0,0,0,0,0,0,0,0
8.5,0,0,0,0,0,0,0,0,0,0,0,0,0,0,0,0,0,0,0,0,0,0,0,0,0,0,0,0,0,0,0,0,0,0,0,0
8.55,0,0,0,0,0,0,0,0,0,0,0,0,0,0,0,0,0,0,0,0,0,0,0,0,0,0,0,0,0,0,0,0,0,0,0,0
8.6,0,0,0,0,0,0,0,0,0,0,0,0,0,0,0,0,0,0,0,0,0,0,0,0,0,0,0,0,0,0,0,0,0,0,0,0
8.65,0,0,0,0,0,0,0,0,0,0,0,0,0,0,0,0,0,0,0,0,0,0,0,0,0,0,0,0,0,0,0,0,0,0,0,0
8.7,0,0,0,0,0,0,0,0,0,0,0,0,0,0,0,0,0,0,0,0,0,0,0,0,0,0,0,0,0,0,0,0,0,0,0,0
8.75,0,0,0,0,0,0,0,0,0,0,0,0,0,0,0,0,0,0,0,0,0,0,0,0,0,0,0,0,0,0,0,0,0,0,0,0
8.8,0,0,0,0,0,0,0,0,0,0,0,0,0,0,0,0,0,0,0,0,0,0,0,0,0,0,0,0,0,0,0,0,0,0,0,0
8.85,0,0,0,0,0,0,0,0,0,0,0,0,0,0,0,0,0,0,0,0,0,0,0,0,0,0,0,0,0,0,0,0,0,0,0,0
8.9,0,0,0,0,0,0,0,0,0,0,0,0,0,0,0,0,0,0,0,0,0,0,0,0,0,0,0,0,0,0,0,0,0,0,0,0
8.95,0,0,0,0,0,0,0,0,0,0,0,0,0,0,0,0,0,0,0,0,0,0,0,0,0,0,0,0,0,0,0,0,0,0,0,0
