time,0-1,0-2,0-6,1-2,2-3,3-4,3-9,4-5,4-9,5-9,6-7,6-9,7-8,8-9
0.01,,,,,,,,,,,,,,
0.02,,,,,,,,,,,,,,
0.03,,,0,,,,,,,,,,,
0.04,,,0,,,,,,,,,,,
0.05,,,0,,,,,,,,,,,
0.06,,,0,,,,,,,,,,,
0.07,,,0,,,,,,,,,,,
0.08,1,,0,,,,,,,,,,,
0.09,1,,0,,,,,,,,,,,
0.1,1,,0-2,,,,,,,,,,,
0.11,1,,0-2,,,,,,,,,,,
0.12,1,,0-2,,,,,,,,,,,
0.13,1-3,,0-2,,,,,,,,,,,
0.14,1-3,,0-2,,,,,,,,,,,
0.15,1-3,4,0-2,,,,,,,,,,,
0.16,1-3,4,0-2,,,,,,,,,,,
0.17,1-3,4,0-2,,,,,,,,,,,
0.18,1-3,4,0-2,,,,,,,,,,,
0.19,1-3,4,0-2,,,,,,,,,,,
0.2,1-3,4,0-2,,,,,,,,,,,
0.21,1-3,4,0-2,,,,,,,,,,,
0.22,1-3,4,0-2,,,,,,,,,,,
0.23,1-3,4,0-2,,,,,,,,,,,
0.24,1-3,4,0-2,,,,,,,,,,,
0.25,1-3,4,2,,,,,,,,0,,,
0.26,1-3,4,2,,,,,,,,0,,,
0.27,1-3,4,2,,,,,,,,0,,,
0.28,1-3,4,2,,,,,,,,0,,,
0.29,1-3,4,2,,,,,,,,0,,,
0.3,1-3,4,2,,,,,,,,0,,,
0.31,3,4,2,,,,,,,,0,,,
0.32,3,4,,,,,,,,,0,,,
0.33,3,4,,,,,,,,,0-2,,,
0.34,3,4,,,,,,,,,0-2,,,
0.35,3,4,,,,,,,,,0-2,,,
0.36,,4,,3,,,,,,,0-2,,,
0.37,,4,,3,,,,,,,0-2,,,
0.38,,4,,3,,,,,,,0-2,,,
0.39,,4-5,,3,,,,,,,0-2,,,
0.4,,4-5,,3,,,,,,,0-2,,,
0.41,,4-5,,3,,,,,,,0-2,,,
0.42,,4-5-6,,3,,,,,,,0-2,,,
0.43,,4-5-6-7,,3,,,,,,,0-2,,,
0.44,,4-5-6-7,,3,,,,,,,0-2,,,
0.45,,4-5-6-7,8,3,,,,,,,0-2,,,
0.46,,4-5-6-7,8,3,,,,,,,0-2,,,
0.47,9,4-5-6-7,8,3,,,,,,,0-2,,,
0.48,9,4-5-6-7,8,3,,,,,,,0-2,,,
0.49,9,4-5-6-7,8,3,,,,,,,0-2,,,
0.5,9,4-5-6-7,8,3,,,,,,,0-2,,,
0.51,9,4-5-6-7,8,3,,,,,,,0-2,,,
0.52,9,4-5-6-7,8,3,,,,,,,0-2,,,
0.53,9,4-5-6-7-10,8,3,,,,,,,0-2,,,
0.54,9-11,4-5-6-7-10,8,3,,,,,,,0-2,,,
0.55,9-11,4-5-6-7-10,8-12,3,,,,,,,0-2,,,
0.56,9-11,4-5-6-7-10-13,8-12,3,,,,,,,0-2,,,
0.57,9-11,4-5-6-7-10-13,8-12,3,,,,,,,0-2,,,
0.58,9-11,4-5-6-7-10-13,8-12-14,3,,,,,,,0-2,,,
0.59,9-11,4-5-6-7-10-13,8-12-14,3,,,,,,,0-2,,,
0.6,9-11,4-5-6-7-10-13,8-12-14,3,,,,,,,0-2,,,
0.61,9-11,4-5-6-7-10-13-15,8-12-14,3,,,,,,,0-2,,,
0.62,9-11,4-5-6-7-10-13-15,8-12-14,3,,,,,,,0-2,,,
0.63,9-11,4-5-6-7-10-13-15,8-12-14,3,,,,,,,0-2,,,
0.64,9-11,4-5-6-7-10-13-15,8-12-14,3,,,,,,,0-2,,,
0.65,9-11,4-5-6-7-10-13-15-16,8-12-14,3,,,,,,,0-2,,,
0.66,9-11,4-5-6-7-10-13-15-16,8-12-14-17,3,,,,,,,0-2,,,
0.67,9-11,4-5-6-7-10-13-15-16,12-14-17,3,,,,,,,0-2,,,
0.68,9-11,4-5-6-7-10-13-15-16,12-14-17,3,,,,,,,0-2,,,
0.69,9-11,4-5-6-7-10-13-15-16,12-14-17,3,,,,,,,0-2,,,
0.7,11,4-5-6-7-10-13-15-16,12-14-17,3-9,,,,,,,0-2,,,
0.71,11,4-5-6-7-10-13-15-16,12-14-17,9,3,,,,,,0-2,,,
0.72,11,4-5-6-7-10-13-15-16,12-14-17,9,3,,,,,,2,,,
0.73,11-18,4-5-6-7-10-13-15-16,12-14-17,9,3,,,,,,2,,,
0.74,11-18,4-5-6-7-10-13-15-16,12-14-17,9,3,,,,,,2,,,
0.75,11-18,4-5-6-7-10-13-15-16,12-14-17,9,3,,,,,,2,,,
0.76,11-18,4-5-6-7-10-13-15-16,12-14-17,9,3,,,,,,2,,,
0.77,18,4-5-6-7-10-13-15-16,14-17,9-11,3,,,,,,2-12,,,
0.78,18,4-5-6-7-10-13-15-16,14-17,9-11,3,,,,,,2-12,,,
0.79,18,4-5-6-7-10-13-15-16,14-17-19-20,9-11,3,,,,,,2-12,,,
0.8,18,4-5-6-7-10-13-15-16,17-19-20-21,9-11,3,,,,,,12,,,
0.81,18,4-5-6-7-10-13-15-16-22,17-19-20-21,9-11,3,,,,,,12,,,
0.82,18,4-5-6-7-10-13-15-16-22,17-19-20-21,9-11,3,,,,,,12,,,
0.83,18,4-5-6-7-10-13-15-16-22,17-19-20-21,9-11,3,,,,,,12,,,
0.84,18-23,4-5-6-7-10-13-15-16-22,17-19-20-21,9-11,3,,,,,,12,,,
0.85,18-23,4-5-6-7-10-13-15-16-22,17-19-20-21,9-11,3,,,,,,12,,,
0.86,18-23,5-6-7-10-13-15-16-22,17-19-20-21,9-11,3-4,,,,,,12,,,
0.87,18-23,5-6-7-10-13-15-16-22,17-19-20-21,9-11,3-4,,,,,,12,,,
0.88,18-23,5-6-7-10-13-15-16-22,19-20-21-24,9-11,3-4,,,,,,12-17,,,
0.89,18-23,5-6-7-10-13-15-16-22,19-20-21-24,9-11,3-4,,,,,,12-17,,,
0.9,18-23-25,5-6-7-10-13-15-16-22,19-20-21-24,9-11,3-4,,,,,,12-17,,,
0.91,18-23-25,5-6-7-10-13-15-16-22,19-20-21-24,9-11,3-4,,,,,,12-17,,,
0.92,18-23-25,5-6-7-10-13-15-16-22,19-20-21-24,9-11,3-4,,,,,,12-17,,,
0.93,18-23-25,5-6-7-10-13-15-16-22,19-20-21-24,9-11,3-4,,,,,,12-17,,,
0.94,18-23-25-26,5-6-7-10-13-15-16-22,19-20-21-24,9-11,3-4,,,,,,12-17,,,
0.95,18-23-25-26-27,5-6-7-10-13-15-16-22,19-20-21-24,9-11,3-4,,,,,,12-17,,,
0.96,23-25-26-27,5-6-7-10-13-15-16-22,19-20-21-24,9-11-18,3-4,,,,,,12-17,,,
0.97,23-25-26-27,5-6-7-10-13-15-16-22,19-20-21-24-28,9-11-18,3-4,,,,,,12-17,,,
0.98,23-25-26-27,5-6-7-10-13-15-16-22,19-20-21-24-28,9-11-18,3-4,,,,,,12-17,,,
0.99,23-25-26-27,5-6-7-10-13-15-16-22,19-20-21-24-28-29,9-11-18,3-4,,,,,,12-17,,,
1.0,23-25-26-27,5-6-7-10-13-15-16-22,19-20-21-24-28-29,9-11-18,3-4,,,,,,12-17,,,
1.01,23-25-26-27,5-6-7-10-13-15-16-22,21-24-28-29,9-11-18,3-4,,,,,,12-17,,,
1.02,23-25-26-27,5-6-7-10-13-15-16-22,24-28-29,9-11-18,3-4,,,,,,12-17,,,
1.03,23-25-26-27,5-6-7-10-13-15-16-22,24-28-29,9-11-18,3-4,,,,,,12-17,,,
1.04,23-25-26-27,5-6-7-10-13-15-16-22,24-28-29,9-11-18,3-4,,,,,,12-17,,,
1.05,23-25-26-27,5-6-7-10-13-15-16-22,24-28-29,11-18,3-4,,,,,,12-17,,,
1.06,23-25-26-27,5-6-7-10-13-15-16-22,24-28-29,11-18,3-4,,,,,,12-17,8,,
1.07,25-26-27,5-6-7-10-13-15-16-22,24-28-29,11-18-23,3-4,,,,,,12-17,8,,
1.08,25-26-27,5-6-7-10-13-15-16-22,24-28-29,11-18-23,3-4,,,,,,12-17,8,,
1.09,25-26-27,5-6-7-10-13-15-16-22,24-28-29,11-18-23,4,,,,,,12-17,8,,
1.1,25-26-27,6-7-10-13-15-16-22,28-29,11-18-23,4-5,,,,,,12-17,8,,
1.11,25-26-27,6-7-10-13-15-16-22,28-29,11-18-23,4-5,,,,,,12-17,8,,
1.12,25-26-27,6-7-10-13-15-16-22,28-29,18-23,4-5,,,,,,12-17,8,,
1.13,26-27,7-10-13-15-16-22,28-29,18-23,4-5,,,,,,12-17,8,,
1.14,26-27,10-13-15-16-22,28-29,18-23,4-5,,,,,,12-17,8,,
1.15,26-27,10-13-15-16-22,28-29,18-23,4-5,,,,,,12-17,8,,
1.16,26-27,10-13-15-16-22,28-29,18-23,4-5,,,,,,12-17,8,,
1.17,27,10-13-15-16-22,28-29,18-23-26,4-5,,,,,,12-17,8,,
1.18,,10-13-15-16-22,28-29,18-23-26-27,4-5,,,,,,12-17,8,,
1.19,,10-13-15-16-22,29,18-23-26-27,4-5,,,,,,12-17-19,8,,
1.2,,10-13-15-16-22,29,18-23-26-27,4-5,,,,,,12-17-19,8,,
1.21,,10-13-15-16-22,,18-23-26-27,4-5,,,,,,12-17-19-29,8,,
1.22,,10-13-15-16-22,,18-23-26-27,4-5,,,,,,12-17-19-29,8,,
1.23,,10-13-15-16-22,,18-23-26-27,4-5,,,,,,12-17-19-29,8,,
1.24,,13-15-16-22,,18-23-26-27,5,,,,,,17-19-29,8,,
1.25,,13-15-16-22,,18-23-26-27,5,,,,,,17-19-29,8,,
1.26,,13-15-16-22,,18-23-26-27,5,,,,,,17-19-29,8,,
1.27,,15-16-22,,18-23-26-27,5,,,,,,17-19-29,8,,
1.28,,15-16-22,,18-23-26-27,5,,,,,,17-19-29,8,,
1.29,,15-16-22,,18-23-26-27,5,,,,,,17-19-29,8,,
1.3,,15-16-22,,18-23-26-27,5,,,,,,17-19-29,8,,
1.31,,15-16-22,,23-26-27,5,,,,,,17-19-29,8,,
1.32,,16-22,,23-26-27,5,,,,,,17-19-29,8,,
1.33,,16-22,,23-26-27,5,,,,,,17-19-29,8,,
1.34,,16-22,,23-26-27,5,,,,,,17-19-29,8,,
1.35,,16-22,,23-26-27,5,,,,,,19-29,8,17,
1.36,,22,,23-26-27,5-16,,,,,,19-29,8,17,
1.37,,22,,23-26-27,5-16,,,,,,19-29,8,17,
1.38,,22,,23-26-27,5-16,,,,,,19-29,8,17,
1.39,,22,,23-26-27,5-16,,,,,,19-29,8,17,
1.4,,22,,23-26-27,5-16,,,,,,19-29,8,17,
1.41,,22,,23-26-27,5-16,,,,,,19-29,8,17,
1.42,,22,,26-27,5-16,,,,,,19-29,8,17,
1.43,,22,,26-27,5-16,,,,,,19-29,8,17,
1.44,,22,,26-27,5-16,,,,,,19-29,8,17,
1.45,,22,,26-27,5-16,,,,,,19-29,8,17,
1.46,,22,,26-27,5-16,,,,,,19-29,8,17,
1.47,,22,,26-27,5-16,,,,,,19-29,8,17,
1.48,,22,,26-27,16,,,,,,19-29,8,17,
1.49,,22,,26-27,16,,,,,,19-29,8,17,
1.5,,22,,26-27,16,,,,,,19-29,8,17,
1.51,,22,,26-27,16,,,,,,19-29,8,17,
1.52,,,,27,16-22,,,,,,19-29,8,17,
1.53,,,,,16-22-27,,,,,,19-29,8,17,
1.54,,,,,16-22-27,,,,,,19-29,8,17,
1.55,,,,,16-22-27,,,,,,19-29,8,17,
1.56,,,,,16-22-27,,,,,,19-29,8,17,
1.57,,,,,16-22-27,,,,,,19-29,8,17,
1.58,,,,,16-22-27,,,,,,19-29,8,17,
1.59,,,,,16-22-27,,,,,,19-29,8,17,
1.6,,,,,16-22-27,,,,,,19-29,8,17,
1.61,,,,,11-16-22-27,,,,,,19-29,8,17,
1.62,,,,,11-16-22-27,,,,,,19-29,8,17,
1.63,,,,,11-16-22-27,,,,,,19-29,8,17,
1.64,,,,,11-16-22-27,,,,,,19-29,8,17,
1.65,,,,,11-16-22-27,,,,,,19-29,8,17,
1.66,,,,,11-16-22-27,,,,,,29,8,17-19,
1.67,,,,,11-16-22-27,,,,,,29,8,17-19,
1.68,,,,,11-16-22-27,,,,,,,8,17-19,
1.69,,,,,11-16-22-27,,,,,,,8,17-19,
1.7,,,,,11-16-22-27,,,,,,,8,17-19,
1.71,,,,,11-16-22-27,,,,,,,8,17-19,
1.72,,,,,11-16-22-27,,,,,,,8,17-19,
1.73,,,,,11-16-22-27,,,,,,,8,17-19,
1.74,,,,,11-22-27,,,,,,,8,17-19,
1.75,,,,,11-22-27,,,,,,,8,17-19,
1.76,,,,,11-22-27,,,,,,,8,17-19,
1.77,,,,,11-22-27,,,,,,,8,17-19,
1.78,,,,,11-22-27,,,,,,,8,17-19,
1.79,,,,,11-22-27,,,,,,,8,17-19,
1.8,,,,,11-22-27,,,,,,,8,17-19,
1.81,,,,,11-22-27,,,,,,,8,17-19,
1.82,,,,,11-22-27,,,,,,,8,17-19,
1.83,,,,,11-22-27,,,,,,,8,17-19,
1.84,,,,,11-22-27,,,,,,,8,17-19,
1.85,,,,,11-22-27,,,,,,,8,17-19,
1.86,,,,,11-22-27,,,,,,,8,17-19,
1.87,,,,,11-22-27,,,,,,,8,17-19,
1.88,,,,,11-22-27,,,,,,,8,17-19,
1.89,,,,,11-22-27,,,,,,,8,17-19,
1.9,,,,,11-27,,,,,,,8,17-19,
1.91,,,,,11,,,,,,,8,17-19,
1.92,,,,,11,,,,,,,8,17-19,
1.93,,,,,11,,,,,,,8,17-19,
1.94,,,,,11,,,,,,,8,17-19,
1.95,,,,,11,,,,,,,8,17-19,
1.96,,,,,11,,,,,,20,8,17-19,
1.97,,,,,11,,,,,,20,8,17-19,
1.98,,,,,11,,,,,,20,8,17-19,
1.99,,,,,,,,,,,20,8,17-19,
2.0,,,,,,,,,,,20,8,17-19,
2.01,,,,,,,,,,,20,8,17-19,
2.02,,,,,,,,,,,20,8,17-19,
2.03,,,,,,,,,,,20,8,19,
2.04,,,,,,,,,,,20,8,19,
2.05,,,,,,,,,,,20,8,19,
2.06,,,,,,,,,,,20,8,19,
2.07,,,,,,,,,,,20,8,19,
2.08,,,,,,,,,,,20,8,19,
2.09,,,,,,,,,,,20,8,19,
2.1,,,,,,,,,,,20,8,19,
2.11,,,,,,,,,,,20,8,19,
2.12,,,,,,,,,,,20,8,19,
2.13,,,,,,,,,,,20,8,19,
2.14,,,,,,,,,,,20,8,19,
2.15,,,,,,,,,,,20,8,19,
2.16,,,,,,,,,,,20,8,19,
2.17,,,,,,4,,,,,20,8,19,
2.18,,,,,,4,,,,,20,8,19,
2.19,,,,,,4,,,,,20,8,19,
2.2,,,,1,,4,,,,,20,8,19,
2.21,,,,1,,4,,,,,20,8,19,
2.22,,,,1,,4,,,,,20,8,19,
2.23,,,,1,,4,,,,,20,8,19,
2.24,,,,1,,4,,,,,20,8,19,
2.25,,,,1,,4,,,,,20,8,19,
2.26,,,,1,,4,,,,,20,8,19,
2.27,,,,1,,4,,,,,20,8,19,
2.28,,,,1,,4,,,,,20,8,19,
2.29,,,,1,,4,,,,,20,8,19,
2.3,,,,1,,4,,,,,20,8,19,
2.31,,,,1,,4,,,,,20,8,19,
2.32,,,,1,,4,,,,,20,8,19,
2.33,,,,1,,4,,,,,20,8,19,
2.34,,,,1,,4,,,,,20,8,,
2.35,,,,1,,4,,,,,20,8,,
2.36,,,,1,,4,,,,,20,8,,
2.37,,,,1,,4,,,,,20,8,0,
2.38,,,,1,,4,,,,,20,8,0,
2.39,,,,1,,4,,,,,20,8,0,
2.4,,,,1,,4,,,,,20,8,0,
2.41,,,,1,,4,,,,,20,8,0,
2.42,,,,1,,4,,,,,20,8,0,
2.43,,,,1,6,4,,,,,,8,0,
2.44,,,,1,6,4,3,,,,,8,0,
2.45,,,,1,6,4,3,,,,,8,0,
2.46,,,,1,6,4,3,,,,,8,0,
2.47,,,,1,6,4,3,,,,,8,0,
2.48,,,,1,6,4,3,,,,,8,0,
2.49,,,,1,6,4,3,,,,,8,0,
2.5,,,,1,6,4,3,,,,,8,0,
2.51,,,,1,6,4,3,,,,,8,0,
2.52,,,,1,6,4,3,,,,,8,0,
2.53,,,,1,6,4,3,,,,,8,0,
2.54,,,,1,6,4,3,,,,,8,0,
2.55,,,,,1-6,4,3,,,,,8,0,
2.56,,,,,1-6,4,3,,,,,8,0,
2.57,,,,,1-6,,3,,,,,8,0,
2.58,,,,,1-6,,3,,,,,8,0,
2.59,,,,,1-6,,3,,,,,8,0,
2.6,,,,,1-6,,3,,,,,8,0,
2.61,,,,,1-6,,3,,,,,8,0,
2.62,,,,,1-6,,3,,,,,8,0,
2.63,,,,,1-6,,3,,,,,8,0,
2.64,,,,,1-6,,3,,,,,8,0,
2.65,,,,,1-6,,3,,,,,8,0,
2.66,,,,,1-6,,3,,,,,8,0,
2.67,,,,,1-6,,3,,,,,8,0,
2.68,,,,,1-6,,3,,,,,8,0,
2.69,,,,,1-6,,3,,,,14,8,0,
2.7,,,,,1-6,,3,,,,14,8,0,
2.71,,,,,1-6,,3,,,,14,8,0,
2.72,,,,,1-6,,3,,,,14,8,0,
2.73,,,,,1-6,,3,,,,14,8,0,
2.74,,,,,1-6-7,,3,,,,14,8,0,
2.75,,,,,1-6-7,,3,,,,14,8,0,
2.76,,,,,1-6-7,,3,,,,14,8,0,
2.77,,,,,1-6-7,,3,,,,14,8,0,
2.78,,,,,1-6-7,,3,,,,14,8,0,
2.79,,,,,1-6-7,,3,,,,14,8,0,
2.8,,,,,1-6-7,,3,,,,14,8,0,
2.81,,,,,1-7,,3-6,,,,14,8,0,
2.82,,,,,1-7,,3-6,,,,14,8,0,
2.83,,,,,1-7,,3-6,,,,14,8,0,
2.84,,,,,1-7,,3-6,,,,14,8,0,
2.85,,,,,1-7,5,3-6,,,,14,8,0,
2.86,,,,,1-7,5,3-6,,,,14,8,0,
2.87,,,,,1-7,5,3-6,,,,14,8,0,
2.88,,,,,1-7,5,3-6,,,,14,8,0,
2.89,,,,,1-7,5,3-6,,,,14,8,0,
2.9,,,,,1-7,5,3-6,,,,14,8,0,
2.91,,,,,1-7,5,3-6,,,,14,8,0,
2.92,,,,,1-7,5,3-6,,,,14,8,0-12,
2.93,,,,,7,5,1-3-6,,,,14,8,0-12,
2.94,,,,,7,5,1-3-6,,,,14,8,0-12,
2.95,,,,,7,5,1-3-6,,,,14,8,0-12,
2.96,,,,,7,5,1-3-6,,,,14,8,0-12,
2.97,,,,,7,5,1-3-6,,,,14,8,0-2-12,
2.98,,,,,7,5,1-3-6,,,,14,8,0-2-12,
2.99,,,,,7,5,1-3-6,,,,14,8,0-2-12,
3.0,,,,,7,5,1-3-6,,,,14,8,0-2-12,
3.01,,,,,7,5,1-3-6,,,,14,8,0-2-12,
3.02,,,,25,7,5,1-3-6,,,,14,8,0-2-12,
3.03,,,,25,7,5-22,1-3-6,,,,14,8,0-2-12,
3.04,,,,25,7,5-22,1-3-6,,,,14,8,0-2-12,
3.05,,,,25,7,5-22,1-3-6,,,,14,8,2-12,0
3.06,,,,25,7,5-22,1-3-6,,,,14,8,2-12,0
3.07,,,,25,7,5-22,1-3-6,,,,14,8,2-12,0
3.08,,,,25,7,5-22,1-3-6,,,,14,8,2-12,0
3.09,,,,25,7,5-22,1-3-6,,,,14,8,2-12,0
3.1,,,,25,7,5-22,1-3-6,,,,14,8,2-12,0
3.11,,,,25,7,5-22,1-3-6,,,,14,8,2-12,0
3.12,,,,25,,5-16-22,1-3-6,,,,14,8,2-12,0
3.13,,,,25,,5-16-22,1-3-6,,,,14,8,2-12,0
3.14,,,,25,,5-16-22,1-3-6,,,,14,8,2-12,0
3.15,,,,25,,5-16-22,1-3-6,,,,14,8,2-12,0
3.16,,,,25,9,5-16-22,1-3-6,,,,,8,2-12-14,0
3.17,,,,25,9,5-16-22,1-3-6,,,,,8,2-12-14,0
3.18,,,,25,9,5-16-22,1-3-6,,,,,8,2-12-14,0
3.19,,,,25,9,5-16-22,1-3-6,,,,,8,2-12-14,0
3.2,,,,25,9,5-16-22,1-3-6,,,,,8,2-12-14,0
3.21,,,,25,9,5-16-22,1-3-6,,,,,8,2-12-14,0
3.22,,,,25,9,5-16-22,1-3-6,,,,,8,2-12-14,0
3.23,,,,25,9,5-16-22,1-3-6,,,,,8,2-12-14,0
3.24,,,,25,9,5-16-22,1-3-6,,,,,8,2-12-14,0
3.25,,,,25,9,16-22,1-3-6,,,,,8,2-12-14,0
3.26,,,,25,9,16-22,1-3-6,,,,,8,2-12-14,0
3.27,,,,25,9,16-22,1-3-6,,,,,8,2-12-14,0
3.28,,,,25,9,16-22,1-3-6,,,,,8,2-12-14,0
3.29,,,,25,9,16-22,1-3-6,,,,,8,2-12-14,0
3.3,,,,25,9,16-22,1-3-6,,,,,8,2-12-14,0
3.31,,,,25,9,16-22,1-3-6,,,,,8,2-12-14,0
3.32,,,,25,9,16-22,1-3-6,,,,,8,2-12-14,0
3.33,,,,25,9,16-22,1-3-6,,,,,8,2-12-14,0
3.34,,,,25,9,16-22,1-3-6,,,,,8,2-12-14,0
3.35,,,,25,9,16-22,1-3-6,,,,,8,2-12-14,0
3.36,,,,25,9,16-22,1-3-6,,,,,8,2-12-14,0
3.37,,,,,9-25,16-22,1-3-6,,,,,8,2-12-14,0
3.38,,,,,9-25,16-22,1-3-6,,,,,8,2-12-14,0
3.39,,,,,9-25,16-22,1-3-6,,,,,8,2-12-14,0
3.4,,,,,9-25,16-22,1-3-6,,,,,8,2-12-14,0
3.41,,,,,9-25,16-22,1-3-6,,,,,8,2-12-14,0
3.42,,,,,9-25,16-22,1-3-6,,,,,8,2-12-14,0
3.43,,,,,9-25,16,1-3-6,,,,,8,2-12-14,0
3.44,,,,,9-25,16,1-3-6,,,,,8,2-12-14,0
3.45,,,,,9-25,16,1-3-6,,,,,8,2-12-14,0
3.46,,,,,9-25,16,1-3-6,,,,,8,2-12-14,0
3.47,,,,,9-25,16,1-3-6,,,,,8,2-12-14,0
3.48,,,,,9-25,16,1-3-6,,,,,8,2-12-14,0
3.49,,,,,9-25,16,1-3-6,,,,,8,2-12-14,0
3.5,,,,,9-25,16,1-3-6,,,,,8,2-12-14,0
3.51,,,,,9-25,16,1-3-6,,,,,8,2-12-14,0
3.52,,,,,9-25,,1-3-6,,,,,8,2-12-14,0
3.53,,,,,9-25,,1-3-6,,,,,8,2-12-14,0
3.54,,,,,25,,1-3-6-9,,,,,8,2-12-14,0
3.55,,,,,25,,1-3-6-9,,,,,8,2-12-14,0
3.56,,,,,25,,1-3-6-9,,,,,8,2-12-14,0
3.57,,,,,25,,1-3-6-9,,,,,8,2-12-14,0
3.58,,,,,25,,1-3-6-9,,,,,8,2-12-14,0
3.59,,,,,25,,1-3-6-9,,,,,8,2-12-14,0
3.6,,,,,25,,1-3-6-9,,,,,8,2-14,0
3.61,,,,,25,,1-3-6-9,,,,,8,2-14,0
3.62,,,,,25,,1-3-6-9,,,,,8,2-14,0
3.63,,,,,25,,1-3-6-9,,,,,8,2-14,0
3.64,,,,,25,,1-3-6-9,,,,,8,2-14,0-17
3.65,,,,,25,,1-3-6-9,,,,,8,14,0-2-17
3.66,,,,,25,,1-3-6-9,,,,,8,14,0-2-17
3.67,,,,,25,,1-3-6-9,,,,,8,14,0-2-17
3.68,,,,,25,,1-3-6-9,,,,,8,14,0-2-17-19
3.69,,,,,25,,1-3-6-9,,,,,8,14,0-2-17-19
3.7,,,,,25,,1-3-6-9,,,,,8,14,0-2-17-19
3.71,,,,,25,,1-3-6-9,,,,,8,14,0-2-17-19
3.72,,,,,25,,1-3-6-9,,,,,8,14,0-2-17-19
3.73,,,,,25,,1-3-6-9,,,,,8,14,0-2-17-19
3.74,,,,,25,,1-3-6-9,,,,,8,14,0-2-17-19
3.75,,,,,,,1-3-6-9-25,,,,,8,14,0-2-17-19
3.76,,,,,,,1-3-6-9-25,,,,,8,14,0-2-17-19
3.77,,,,,,,1-3-6-9-25,,,,,8,14,0-2-17-19
3.78,,,,,,,1-3-6-9-25,,,,,8,14,0-2-17-19
3.79,,,,,,,1-3-6-9-25,4,,,,8,14,0-2-17-19
3.8,,,,,,,1-3-6-9-25,4,,,,8,14,0-2-17-19
3.81,,,,,10,,1-3-6-9-25,4,,,,8,14,0-2-17-19
3.82,,,,,10,,1-3-6-9-25,4,,,,8,14,0-2-17-19
3.83,,,,,10,,1-3-6-9-25,4,,,,8,14,0-2-17-19
3.84,,,,,10,,1-3-6-9-25,4,,,,8,,0-2-17-19
3.85,,,,,10,,1-3-6-9-25,4,,,,8-21,,0-2-17-19
3.86,,,,,10,11,1-3-6-9-25,4,,,,8-21,,0-2-17-19
3.87,,,,,10,11,1-3-6-9-25,4,,,,8-21,,0-2-17-19
3.88,,,,,10,11,1-3-6-9-25,4,,,,8-21,,0-2-17-19
3.89,,,,,10,11,1-3-6-9-25,4,,,,8-21,,0-2-17-19
3.9,,,,,10,11,1-3-6-9-25,4,,,,8-21,,0-2-17-19
3.91,,,,,10,11,1-3-6-9-25,4,,,,8-21,,0-2-17-19
3.92,,,,,10,11,1-3-6-9-25,4,,,,8-21,,0-2-17-19
3.93,,,,,10,11,1-3-6-9-25,4,,,,8-21,,0-2-17-19
3.94,,,,,10,11,1-3-6-9-25,4,,,,8-21,,0-2-17-19
3.95,,,,,10,11,1-3-6-9-25,4,,,,8-21,,0-2-17-19
3.96,,,,,10,11,1-3-6-9-25,4,,,,8-21,,0-2-17-19
3.97,,,,,10,11,1-3-6-9-25,4,,,,8-21,,0-2-17-19
3.98,,,,,10,11,1-3-6-9-25,4,,,,8-21,,0-2-17-19
3.99,,,,,10,11,1-3-6-9-25,4,,,,8-21,,0-2-17-19
4.0,,,,,10,11,1-3-6-9-25,4,,,,8-21,,0-2-17-19
4.01,,,,,10,11,1-3-6-9-25,4,,,,8-21,,0-2-17-19
4.02,,,,,10,11,1-3-6-9-25,4,,,,8-21,,0-2-17-19
4.03,,,,,10,11,1-3-6-9-25,,,4,,8-21,,0-2-17-19
4.04,,,,,10,11,1-3-6-9-25,,,4,,8-21,,0-2-17-19
4.05,,,,,10,11,1-3-6-9-25,,,4,,8-21,,0-2-17-19
4.06,,,,,10,11,1-3-6-9-25,,,4,,8-21,,0-2-17-19
4.07,,,,,10,11,1-3-6-9-25,,,4,,8-21,,0-2-17-19
4.08,,,,,10,11,1-3-6-9-25,,,4,,8-21,,0-2-17-19
4.09,,,,,10,11,1-3-6-9-25,,,4,,8-21,,0-2-17-19
4.1,,,,,10,11,1-3-6-9-25,,,4,,8-21,,0-2-17-19
4.11,,,,,10,11,1-3-6-9-25,,,4,,8-21,,0-2-17-19
4.12,,,,,10,11,1-3-6-9-25,,5,4,,8-21,,0-2-17-19
4.13,,,,,10,11,1-3-6-9-25,,5,4,,8-21,,0-2-17-19
4.14,,,,,10,11,1-3-6-9-25,,5,4,,8-21,,0-2-17-19
4.15,,,,,10,11,1-3-6-9-25,,5,4,,8-21,,0-2-17-19
4.16,,,,,10,11,1-3-6-9-25,,5,4,,8-21,,0-2-17-19
4.17,,,,,10,11,1-3-6-9-25,,5,4,,8-21,,0-2-17-19
4.18,,,,,10,11,1-3-6-9-25,,5,4,,8-21,,0-2-17-19
4.19,,,,,,10-11,1-3-6-9-25,,5,4,,8-21,,0-2-17-19
4.2,,,,,,10-11,1-3-6-9-25,,5,4,,8-21,,0-2-17-19
4.21,,,,,,10-11,1-3-6-9-25,,5,4,,8-21,,0-2-17-19
4.22,,,,,,10-11,1-3-6-9-25,,5,4,,8-21,,0-2-17-19
4.23,,,,,13,10-11,1-3-6-9-25,,5,4,,8-21,,0-2-17-19
4.24,,,,,13,10-11,1-3-6-9-25,,5,4,,8-21,,0-2-17-19
4.25,,,,,13,10-11,1-3-6-9-25,,5,4,,8-21,,0-2-17-19
4.26,,,,,13,10,1-3-6-9-25,,5-11,4,,8-21,,0-2-17-19
4.27,,,,,13,10,1-3-6-9-25,,5-11,4,,8-21,,0-2-17-19
4.28,,,,,13,10,1-3-6-9-25,,5-11,4,,8-21,,0-2-17-19
4.29,,,,,13,10,1-3-6-9-25,,5-11,4,,8-21,,0-2-17-19
4.3,,,,,13-18,10,1-3-6-9-25,,5-11,4,,8-21,,0-2-17-19
4.31,,,,,13-18,10,1-3-6-9-25,,5-11,4,,8-21,,0-2-17-19
4.32,,,,,13-18,10,1-3-6-9-25,,5-11,4,,8-21,,0-2-17-19
4.33,,,,,13-18,10,1-3-6-9-25,,5-11,4,,8-21,,0-2-17-19
4.34,,,,,13-18,10,1-3-6-9-25,,5-11,4,,8-21,,0-2-17-19
4.35,,,,,13-18,10,1-3-6-9-25,,5-11,4,,8-21,,0-2-17-19
4.36,,,,,13-18,10,1-3-6-9-25,,5-11,4,,8-21,,0-2-17-19
4.37,,,,,13-18,10,1-3-6-9-25,,5-11,4,,8-21,,0-2-17-19
4.38,,,,,13-18,10,1-3-6-9-25,,5-11,4,,8-21,,0-2-17-19
4.39,,,,,13-18,10,1-3-6-9-25,,5-11,4,,8-21,20,0-2-17-19
4.4,,,,,13-18,10,1-3-6-9-25,,5-11,4,,8-21,20,0-2-17-19
4.41,,,,,13-18,10,1-3-6-9-25,,5-11,4,,8-21,20,0-2-17-19
4.42,,,,,13-18,10,1-3-6-9-25,,5-11,4,,8-21,20,0-2-17-19
4.43,,,,,13-18,10,1-3-6-9-25,,5-11,4,,8-21,20,0-2-17-19
4.44,,,,,13-18,10,1-3-6-9-25,,5-11,4,,8-21,20,0-2-17-19
4.45,,,,,13-18,10,1-3-6-9-25,,5-11,4,,8-21,20,0-2-17-19
4.46,,,,,13-18,10,1-3-6-9-25,,5-11,4,,8-21,20,0-2-17-19
4.47,,,,,13-18,10,1-3-6-9-25,,5-11,4,,8-21,20,0-2-17-19
4.48,,,,,13-18,10,1-3-6-9-25,,5-11,4,,8-21,20,0-2-17-19
4.49,,,,,13-18,10,1-3-6-9-25,,5-11,4,,8-21,20,0-2-17-19
4.5,,,,,13-18,10,1-3-6-9-25,,5-11,4,,8-21,20,0-2-17-19
4.51,,,,,13-18,10,1-3-6-9-25,,5-11,4,,8-21,20,0-2-17-19
4.52,,,,,13-18,10,1-3-6-9-25,,5-11,4,,8-21,20,0-2-17-19
4.53,,,,,13-18,10,1-3-6-9-25,,5-11,4,,8-21,20,0-2-17-19
4.54,,,,,13-18,10,1-3-6-9-25,,5-11,4,,8-21,20,0-2-17-19
4.55,,,,,13-18,10,1-3-6-9-25,,5-11,4,,8-21,20,0-2-17-19
4.56,,,,,13-18,10,1-3-6-9-25,,5-11,4,,8-21,20,0-2-17-19
4.57,,,,,13-18,10,1-3-6-9-25,,5-11,4,,8-21,20-29,0-2-17-19
4.58,,,,,13-18,10-27,1-3-6-9-25,,5-11,4,,8-21-24,20-29,0-2-17-19
4.59,,,,,13-18,27,1-3-6-9-25,,5-11,4,,8-21-24,20-29,0-2-17-19
4.6,,,,,13-18,27,1-3-6-9-25,,5-11,4,,8-21-24,20-29,0-2-17-19
4.61,,,,,18,13-27,1-3-6-9-25,,5-11,4,,8-21-24,20-29,0-2-17-19
4.62,,,,,18,13-27,1-3-6-9-25,,5-11,4,,8-21-24,20-29,0-2-17-19
4.63,,,,,18,13-27,1-3-6-9-25,,5-11,4,,8-21-24,20-29,0-2-17-19
4.64,,,,,18,13-27,1-3-6-9-25,,5-11,4,,8-21-24,20-29,0-2-17-19
4.65,,,,,18,13-27,1-3-6-9-25,,5-11,4,,8-21-24,20-29,0-2-17-19
4.66,,,,,18,13-27,1-3-6-9-25,,5-11-22,4,,8-21-24,20-29,0-2-17-19
4.67,,,,,18,13-27,1-3-6-9-25,,5-11-22,4,,8-21-24,20-29,0-2-17-19
4.68,,,,,,13-27,1-3-6-9-25,,5-11-22,4,,8-21-24,20-29,0-2-17-19
4.69,,,,,,13-27,1-3-6-9-25,,5-11-22,4,,8-21-24,20-29,0-2-12-17-19
4.7,,,,,,13-27,1-3-6-9-25,,5-11-22,4,,8-21-24,20-29,0-2-12-17-19
4.71,,,,,,13-27,1-3-6-9-25,,5-11-22,4,,8-21-24,20-29,0-2-12-17-19
4.72,,,,,,13-27,1-3-6-7-9-25,,5-11-22,4,,8-21-24,20-29,0-2-12-17-19
4.73,,,,,,13-27,1-3-6-7-9-25,,5-11-22,4,,8-21-24,20-29,0-2-12-17-19
4.74,,,,,,13-27,1-3-6-7-9-25,,5-11-22,4,,8-21-24,20-29,0-2-12-17-19
4.75,,,,,,13-27,1-3-6-7-9-25,,5-11-22,4,,8-21-24,20-29,0-2-12-17-19
4.76,,,,,,13-27,1-3-6-7-9-25,,5-11-22,4,,8-21-24,20-29,0-2-12-17-19
4.77,,,,,,13-27,1-3-6-7-9-25,,5-11-22,4,,8-21-24,20-29,0-2-12-17-19
4.78,,,,,,13-27,1-3-6-7-9-25,,5-11-22,4,,8-21-24,20-29,0-2-12-17-19
4.79,,,,,,13-27,1-3-6-7-9-25,,5-11-22,4,,8-21-24,20-29,0-2-12-17-19
4.8,,,,,,13-27,1-3-6-7-9-25,,5-11-22,4,,8-21-24,20-29,0-2-12-17-19
4.81,,,,,,13-27,1-3-6-7-9-25,,5-11-22,4,,8-21-24,20-29,0-2-12-17-19
4.82,,,,,,13-27,1-3-6-7-9-25,,5-11-22,4,,8-21-24,20-29,0-2-12-17-19
4.83,,,,,,13-27,1-3-6-7-9-25,,5-11-22,4,,8-21-24,20-29,0-2-12-17-19
4.84,,,,,,13-27,1-3-6-7-9-25,,5-11-22,4,,8-21-24,20-29,0-2-12-17-19
4.85,,,,,,13-27,1-3-6-7-9-25,,5-11-22,4,,8-21-24,20-29,0-2-12-17-19
4.86,,,,,,13-27,1-3-6-7-9-25,,5-11-22,4,,8-21-24,20-29,0-2-12-17-19
4.87,,,,,,13-27,1-3-6-7-9-25,,5-11-22,4,,8-21-24,20-29,0-2-12-17-19
4.88,,,,,,13-27,1-3-6-7-9-25,,5-11-22,4,,8-21-24,20-29,0-2-12-17-19
4.89,,,,,,13-27,1-3-6-7-9-25,,5-11-22,4,,8-21-24,20-29,0-2-12-17-19
4.9,,,,,,13-27,1-3-6-7-9-25,,5-11-22,4,,8-21-24,20-29,0-2-12-17-19
4.91,,,,,,13-27,1-3-6-7-9-25,,5-11-22,4,,8-21-24,20-29,0-2-12-17-19
4.92,,,,,,13-27,1-3-6-7-9-25,,5-11-22,4,,8-21-24,20-29,0-2-12-17-19
4.93,,,,,,13-27,1-3-6-7-9-25,,5-11-22,4,,8-21-24,20-29,0-2-12-17-19
4.94,,,,,,13-27,1-3-6-7-9-25,,5-11-22,4,,8-21-24,20-29,0-2-12-17-19
4.95,,,,,,13-27,1-3-6-7-9-25,,5-11-22,4,,8-21-24,20-29,0-2-12-17-19
4.96,,,,,,13-27,1-3-6-7-9-25,,5-11-22,4,,8-21-24,20-29,0-2-12-17-19
4.97,,,,,,13-27,1-3-6-7-9-25,,5-11-22,4,,8-21-24,20-29,0-2-12-17-19
4.98,,,,,,13,1-3-6-7-9-25,,5-11-22-27,4,,8-21-24,20-29,0-2-12-17-19
4.99,,,,,,13,1-3-6-7-9-25,,5-11-22-27,4,,8-21-24,20-29,0-2-12-17-19
5.0,,,,,,13,1-3-6-7-9-25,,5-11-22-27,4,,8-21-24,20-29,0-2-12-17-19
5.01,,,,,,,1-3-6-7-9-25,,5-11-22-27,4,,8-21-24,20-29,0-2-12-17-19
5.02,,,,,,,1-3-6-7-9-25,,5-11-22-27,4,,8-21-24,20-29,0-2-12-17-19
5.03,,,,,,,1-3-6-7-9-25,,5-11-22-27,4,,8-21-24,20-29,0-2-12-17-19
5.04,,,,,,,1-3-6-7-9-25,,5-11-22-27,4,,8-21-24,20-29,0-2-12-17-19
5.05,,,,,,,1-3-6-7-9-25,,5-11-22-27,4,,8-21-24,20-29,0-2-12-17-19
5.06,,,,,,,1-3-6-7-9-25,,5-11-22-27,4,,8-21-24,20-29,0-2-12-14-17-19
5.07,,,,,,,1-3-6-7-9-25,,5-11-22-27,4,,8-21-24,29,0-2-12-14-17-19-20
5.08,,,,,,,1-3-6-7-9-25,,5-11-22-27,4,,8-21-24,29,0-2-12-14-17-19-20
5.09,,,,,,,1-3-6-7-9-25,,5-11-22-27,4,,8-21-24,29,0-2-12-14-17-19-20
5.1,,,,,,,1-3-6-7-9-25,,5-11-22-27,4,,8-21-24,29,0-2-12-14-17-19-20
5.11,,,,,,,1-3-6-7-9-25,,5-11-22-27,4,,8-21-24,29,0-2-12-14-17-19-20
5.12,,,,,,,1-3-6-7-9-25,,5-11-22-27,4,,8-21-24,29,0-2-12-14-17-19-20
5.13,,,,,,,1-3-6-7-9-25,,5-11-22-27,4,,8-21-24,29,0-2-12-14-17-19-20
5.14,,,,,,,1-3-6-7-9-25,,5-11-22-27,4,,8-21-24,29,0-2-12-14-17-19-20
5.15,,,,,,,1-3-6-7-9-25,,5-11-22-27,4,,8-21-24,29,0-2-12-14-17-19-20
5.16,,,,,,,1-3-6-7-9-25,,5-11-22-27,4,,8-21-24,29,0-2-12-14-17-19-20
5.17,,,,,,,1-3-6-7-9-25,,5-11-22-27,4,,8-21-24,29,0-2-12-14-17-19-20
5.18,,,,,,,1-3-6-7-9-25,,5-11-22-27,4,,8-21-24,29,0-2-12-14-17-19-20
5.19,,,,,,,1-3-6-7-9-25,,5-11-22-27,4,,8-21-24,29,0-2-12-14-17-19-20
5.2,,,,,,,1-3-6-7-9-25,,5-11-22-27,4,,8-21-24,29,0-2-12-14-17-19-20
5.21,,,,,,,1-3-6-7-9-25,,5-11-22-27,4,,8-21-24,29,0-2-12-14-17-19-20
5.22,,,,,,,1-3-6-7-9-25,,5-11-22-27,4,,8-21-24,29,0-2-12-14-17-19-20
5.23,,,,,,,1-3-6-7-9-25,,5-11-22-27,4,,8-21-24,29,0-2-12-14-17-19-20
5.24,,,,,,,1-3-6-7-9-25,,5-11-22-27,4,,8-21-24,29,0-2-12-14-17-19-20
5.25,,,,,,,1-3-6-7-9-25,,5-11-22-27,4,,8-21-24,,0-2-12-14-17-19-20
5.26,,,,,,,1-3-6-7-9-25,,5-11-22-27,4,,8-21-24,,0-2-12-14-17-19-20
5.27,,,,,,,1-3-6-7-9-25,,5-11-22-27,4,,8-21-24,,0-2-12-14-17-19-20
5.28,,,,,,,1-3-6-7-9-25,,5-11-22-27,4,,8-21-24,,0-2-12-14-17-19-20
5.29,,,,,,,1-3-6-7-9-25,,5-11-22-27,4,,8-21-24,,0-2-12-14-17-19-20
5.3,,,,,15,,1-3-6-7-9-25,,5-11-22-27,4,,8-21-24,,0-2-12-14-17-19-20
5.31,,,,,15,,1-3-6-7-9-25,,5-11-22-27,4,,8-21-24,,0-2-12-14-17-19-20
5.32,,,,,15,,1-3-6-7-9-25,,5-11-22-27,4,,8-21-24,,0-2-12-14-17-19-20
5.33,,,,,15,,1-3-6-7-9-25,,5-11-22-27,4,,8-21-24,,0-2-12-14-17-19-20
5.34,,,,,15,,1-3-6-7-9-25,,5-11-22-27,4,,8-21-24,,0-2-12-14-17-19-20
5.35,,,,,15,,1-3-6-7-9-25,,5-11-22-27,4,,8-21-24,,0-2-12-14-17-19-20
5.36,,,,,15,,1-3-6-7-9-25,,5-11-22-27,4,,8-21-24,,0-2-12-14-17-19-20
5.37,,,,,15,,1-3-6-7-9-25,,5-11-22-27,4,,8-21-24,,0-2-12-14-17-19-20
5.38,,,,,15,,1-3-6-7-9-25,,5-11-22-27,4,,8-21-24,,0-2-12-14-17-19-20
5.39,,,,,15,,1-3-6-7-9-25,,5-11-22-27,4,,8-21-24,,0-2-12-14-17-19-20
5.4,,,,,15,,1-3-6-7-9-25,,5-11-22-27,4,,8-21-24,,0-2-12-14-17-19-20
5.41,,,,,15,,1-3-6-7-9-25,,5-11-22-27,4,,8-21-24,,0-2-12-14-17-19-20
5.42,,,,,15,,1-3-6-7-9-25,,5-11-22-27,4,,8-21-24,,0-2-12-14-17-19-20
5.43,,,,,15,,1-3-6-7-9-25,,5-11-22-27,4,,8-21-24,,0-2-12-14-17-19-20
5.44,,,,,15,,1-3-6-7-9-25,,5-11-22-27,4,,8-21-24,,0-2-12-14-17-19-20
5.45,,,,,15,,1-3-6-7-9-25,,5-11-22-27,4,,8-21-24,,0-2-12-14-17-19-20
5.46,,,,,15,,1-3-6-7-9-25,,5-11-22-27,4,,8-21-24,,0-2-12-14-17-19-20
5.47,,,,,15,,1-3-6-7-9-25,,5-11-22-27,4,,8-21-24,,0-2-12-14-17-19-20
5.48,,,,,15,,1-3-6-7-9-25,,5-11-22-27,4,,8-21-24,,0-2-12-14-17-19-20
5.49,,,,,15,,1-3-6-7-9-25,,5-11-22-27,4,,8-21-24,,0-2-12-14-17-19-20
5.5,,,,,15,,1-3-6-7-9-25,,5-11-22-27,4,,8-21-24,,0-2-12-14-17-19-20
5.51,,,,,15,,1-3-6-7-9-25,,5-11-22-27,4,,8-21-24,,0-2-12-14-17-19-20
5.52,,,,,15,,1-3-6-7-9-25,,5-11-22-27,4,,8-21-24,,0-2-12-14-17-19-20
5.53,,,,,15,,1-3-6-7-9-25,,5-11-22-27,4,,8-21-24,,0-2-12-14-17-19-20
5.54,,,,,15,,1-3-6-7-9-25,,5-11-22-27,4,,8-21-24,,0-2-12-14-17-19-20
5.55,,,,,15,,1-3-6-7-9-25,,5-11-22-27,4,,8-21-24,,0-2-12-14-17-19-20
5.56,,,,,15,,1-3-6-7-9-25,,5-11-22-27,4,,8-21-24,,0-2-12-14-17-19-20
5.57,,,,,15,,1-3-6-7-9-25,,5-11-22-27,4,,8-21-24,,0-2-12-14-17-19-20
5.58,,,,,15,,1-3-6-7-9-25,,5-11-22-27,4,,8-21-24,,0-2-12-14-17-19-20
5.59,,,,,15,,1-3-6-7-9-25,,5-11-22-27,4,,8-21-24,,0-2-12-14-17-19-20
5.6,,,,,15,,1-3-6-7-9-25,,5-11-22-27,4,,8-21-24,,0-2-12-14-17-19-20
5.61,,,,,15,,1-3-6-7-9-25,,5-11-22-27,4,,8-21-24,,0-2-12-14-17-19-20
5.62,,,,,15,,1-3-6-7-9-25,,5-11-22-27,4,,8-21-24,,0-2-12-14-17-19-20
5.63,,,,,15,,1-3-6-7-9-25,,5-11-22-27,4,,8-21-24,,0-2-12-14-17-19-20
5.64,,,,,15,,1-3-6-7-9-25,,5-11-22-27,4,,8-21-24,,0-2-12-14-17-19-20
5.65,,,,,15,,1-3-6-7-9-25,,5-11-22-27,4,,8-21-24,,0-2-12-14-17-19-20
5.66,,,,,15,,1-3-6-7-9-25,,5-11-22-27,4,,8-21-24,,0-2-12-14-17-19-20
5.67,,,,,15,,1-3-6-7-9-25,,5-11-22-27,4,,8-21-24,,0-2-12-14-17-19-20
5.68,,,,,,,1-3-6-7-9-25,,5-11-22-27,4,,8-21-24,,0-2-12-14-17-19-20
5.69,,,,,,,1-3-6-7-9-25,,5-11-22-27,4,,8-21-24,,0-2-12-14-17-19-20
5.7,,,,,,,1-3-6-7-9-25,,5-11-22-27,4,,8-21-24,,0-2-12-14-17-19-20
5.71,,,,,,,1-3-6-7-9-25,,5-11-22-27,4,,8-21-24,,0-2-12-14-17-19-20
5.72,,,,,,,1-3-6-7-9-25,,5-11-22-27,4,,8-21-24,,0-2-12-14-17-19-20
5.73,,,,,,,1-3-6-7-9-25,,5-11-22-27,4,28,8-21-24,,0-2-12-14-17-19-20
5.74,,,,,,,1-3-6-7-9-25,,5-11-22-27,4,28,8-21-24,,0-2-12-14-17-19-20
5.75,,,,,,,1-3-6-7-9-25,,5-11-22-27,4,28,8-21-24,,0-2-12-14-17-19-20
5.76,,,,,,,1-3-6-7-9-25,,5-11-22-27,4,28,8-21-24,,0-2-12-14-17-19-20
5.77,,,,,,,1-3-6-7-9-25,,5-11-22-27,4,28,8-21-24,,0-2-12-14-17-19-20
5.78,,,,,,,1-3-6-7-9-25,,5-11-22-27,4,28,8-21-24,,0-2-12-14-17-19-20
5.79,,,,,,,1-3-6-7-9-25,,5-11-22-27,4,28,8-21-24,,0-2-12-14-17-19-20
5.8,,,,,,,1-3-6-7-9-25,,5-11-22-27,4,28,8-21-24,,0-2-12-14-17-19-20
5.81,,,,,,,1-3-6-7-9-25,,5-11-22-27,4,28,8-21-24,,0-2-12-14-17-19-20
5.82,,,,,,,1-3-6-7-9-25,,5-11-22-27,4,28,8-21-24,,0-2-12-14-17-19-20
5.83,,,,,,,1-3-6-7-9-25,,5-11-22-27,4,28,8-21-24,,0-2-12-14-17-19-20
5.84,,,,,,,1-3-6-7-9-25,,5-11-22-27,4,28,8-21-24,,0-2-12-14-17-19-20
5.85,,,,,,,1-3-6-7-9-25,,5-11-22-27,4,28,8-21-24,,0-2-12-14-17-19-20
5.86,,,,,,,1-3-6-7-9-25,,5-11-22-27,4,28,8-21-24,,0-2-12-14-17-19-20
5.87,,,,,,,1-3-6-7-9-25,,5-11-22-27,4,28,8-21-24,,0-2-12-14-17-19-20
5.88,,,,,,,1-3-6-7-9-25,,5-11-22-27,4,28,8-21-24,,0-2-12-14-17-19-20
5.89,,,,,,,1-3-6-7-9-25,,5-11-22-27,4,28,8-21-24,,0-2-12-14-17-19-20
5.9,,,,,,,1-3-6-7-9-25,,5-11-22-27,4,28,8-21-24,,0-2-12-14-17-19-20
5.91,,,,,,,1-3-6-7-9-25,,5-11-22-27,4,28,8-21-24,,0-2-12-14-17-19-20
5.92,,,,,,,1-3-6-7-9-25,,5-11-22-27,4,28,8-21-24,,0-2-12-14-17-19-20
5.93,,,,,,,1-3-6-7-9-25,,5-11-22-27,4,28,8-21-24,,0-2-12-14-17-19-20
5.94,,,,,,,1-3-6-7-9-25,,5-11-22-27,4,28,8-21-24,,0-2-12-14-17-19-20
5.95,,,,,,,1-3-6-7-9-25,,5-11-22-27,4,28,8-21-24,,0-2-12-14-17-19-20
5.96,,,,,,,1-3-6-7-9-25,,5-11-22-27,4,28,8-21-24,,0-2-12-14-17-19-20
5.97,,,,,,,1-3-6-7-9-25,,5-11-22-27,4,28,8-21-24,,0-2-12-14-17-19-20
5.98,,,,,,,1-3-6-7-9-25,,5-11-22-27,4,28,8-21-24,,0-2-12-14-17-19-20
5.99,,,,,,,1-3-6-7-9-25,,5-11-22-27,4,28,8-21-24,,0-2-12-14-17-19-20
6.0,,,,,,,1-3-6-7-9-25,,5-11-22-27,4,28,8-21-24,,0-2-12-14-17-19-20
6.01,,,,,,,1-3-6-7-9-25,,5-11-22-27,4,28,8-21-24,,0-2-12-14-17-19-20
6.02,,,,,,,1-3-6-7-9-25,,5-11-22-27,4,28,8-21-24,,0-2-12-14-17-19-20
6.03,,,,,,,1-3-6-7-9-25,,5-11-22-27,4,28,8-21-24,,0-2-12-14-17-19-20
6.04,,,,,,,1-3-6-7-9-25,,5-11-22-27,4,28,8-21-24,,0-2-12-14-17-19-20
6.05,,,,,,,1-3-6-7-9-25,,5-11-22-27,4,28,8-21-24,,0-2-12-14-17-19-20
6.06,,,,,,,1-3-6-7-9-25,,5-11-22-27,4,28,8-21-24,,0-2-12-14-17-19-20
6.07,,,,,,,1-3-6-7-9-25,,5-11-22-27,4,28,8-21-24,,0-2-12-14-17-19-20
6.08,,,,,,,1-3-6-7-9-25,,5-11-22-27,4,28,8-21-24,,0-2-12-14-17-19-20
6.09,,,,,,,1-3-6-7-9-25,,5-11-22-27,4,28,8-21-24,,0-2-12-14-17-19-20
6.1,,,,,,,1-3-6-7-9-25,,5-11-22-27,4,28,8-21-24,,0-2-12-14-17-19-20
6.11,,,,,,,1-3-6-7-9-25,,5-11-22-27,4,28,8-21-24,,0-2-12-14-17-19-20
6.12,,,,,,,1-3-6-7-9-25,,5-11-22-27,4,28,8-21-24,,0-2-12-14-17-19-20
6.13,,,,,,,1-3-6-7-9-25,,5-11-16-22-27,4,28,8-21-24,,0-2-12-14-17-19-20
6.14,,,,,,,1-3-6-7-9-25,,5-11-16-22-27,4,28,8-21-24,,0-2-12-14-17-19-20
6.15,,,,,,,1-3-6-7-9-25,,5-11-16-22-27,4,28,8-21-24,,0-2-12-14-17-19-20
6.16,,,,,,,1-3-6-7-9-25,,5-11-16-22-27,4,28,8-21-24,,0-2-12-14-17-19-20-29
6.17,,,,,,,1-3-6-7-9-25,,5-11-16-22-27,4,28,8-21-24,,0-2-12-14-17-19-20-29
6.18,,,,,,,1-3-6-7-9-25,,5-11-16-22-27,4,28,8-21-24,,0-2-12-14-17-19-20-29
6.19,,,,,,,1-3-6-7-9-25,,5-11-16-22-27,4,28,8-21-24,,0-2-12-14-17-19-20-29
6.2,,,,,,,1-3-6-7-9-25,,5-11-16-22-27,4,,8-21-24,28,0-2-12-14-17-19-20-29
6.21,,,,,,,1-3-6-7-9-25,,5-11-16-22-27,4,,8-21-24,28,0-2-12-14-17-19-20-29
6.22,,,,,,,1-3-6-7-9-25,,5-11-16-22-27,4,,8-21-24,28,0-2-12-14-17-19-20-29
6.23,,,,,,,1-3-6-7-9-25,,5-11-16-22-27,4,,8-21-24,28,0-2-12-14-17-19-20-29
6.24,,,,,,,1-3-6-7-9-25,,5-11-16-22-27,4,,8-21-24,28,0-2-12-14-17-19-20-29
6.25,,,,,,,1-3-6-7-9-25,,5-11-16-22-27,4,,8-21-24,28,0-2-12-14-17-19-20-29
6.26,,,,,,,1-3-6-7-9-25,,5-11-16-22-27,4,,8-21-24,28,0-2-12-14-17-19-20-29
6.27,,,,,,,1-3-6-7-9-25,,5-10-11-16-22-27,4,,8-21-24,28,0-2-12-14-17-19-20-29
6.28,,,,,,,1-3-6-7-9-25,,5-10-11-16-22-27,4,,8-21-24,28,0-2-12-14-17-19-20-29
6.29,,,,,,,1-3-6-7-9-25,,5-10-11-16-22-27,4,,8-21-24,28,0-2-12-14-17-19-20-29
6.3,,,,,,,1-3-6-7-9-25,,5-10-11-16-22-27,4,,8-21-24,28,0-2-12-14-17-19-20-29
6.31,,,,,,,1-3-6-7-9-25,,5-10-11-16-22-27,4,,8-21-24,28,0-2-12-14-17-19-20-29
6.32,,,,,,,1-3-6-7-9-25,,5-10-11-16-22-27,4,,8-21-24,28,0-2-12-14-17-19-20-29
6.33,,,,,,,1-3-6-7-9-25,,5-10-11-16-22-27,4,,8-21-24,28,0-2-12-14-17-19-20-29
6.34,,,,,,,1-3-6-7-9-25,,5-10-11-16-22-27,4,,8-21-24,28,0-2-12-14-17-19-20-29
6.35,,,,,,,1-3-6-7-9-25,,5-10-11-16-22-27,4,,8-21-24,28,0-2-12-14-17-19-20-29
6.36,,,,,,,1-3-6-7-9-25,,5-10-11-16-22-27,4,,8-21-24,28,0-2-12-14-17-19-20-29
6.37,,,,,,,1-3-6-7-9-25,,5-10-11-16-22-27,4,,8-21-24,28,0-2-12-14-17-19-20-29
6.38,,,,,,,1-3-6-7-9-25,,5-10-11-16-22-27,4,,8-21-24,28,0-2-12-14-17-19-20-29
6.39,,,,,,,1-3-6-7-9-25,,5-10-11-16-22-27,4,,8-21-24,28,0-2-12-14-17-19-20-29
6.4,,,,,,,1-3-6-7-9-25,,5-10-11-16-22-27,4,,8-21-24,28,0-2-12-14-17-19-20-29
6.41,,,,,23,,1-3-6-7-9-25,,5-10-11-16-22-27,4,,8-21-24,28,0-2-12-14-17-19-20-29
6.42,,,,,23,,1-3-6-7-9-25,,5-10-11-16-22-27,4,,8-21-24,28,0-2-12-14-17-19-20-29
6.43,,,,,23,,1-3-6-7-9-25,,5-10-11-16-22-27,4,,8-21-24,28,0-2-12-14-17-19-20-29
6.44,,,,,23,,1-3-6-7-9-25,,5-10-11-16-22-27,4,,8-21-24,28,0-2-12-14-17-19-20-29
6.45,,,,,23,,1-3-6-7-9-25,,5-10-11-16-22-27,4,,8-21-24,28,0-2-12-14-17-19-20-29
6.46,,,,,23,,1-3-6-7-9-25,,5-10-11-16-22-27,4,,8-21-24,28,0-2-12-14-17-19-20-29
6.47,,,,,23,,1-3-6-7-9-25,,5-10-11-16-22-27,4,,8-21-24,28,0-2-12-14-17-19-20-29
6.48,,,,,23,,1-3-6-7-9-25,,5-10-11-16-22-27,4,,8-21-24,28,0-2-12-14-17-19-20-29
6.49,,,,,23,,1-3-6-7-9-25,,5-10-11-16-22-27,4,,8-21-24,28,0-2-12-14-17-19-20-29
6.5,,,,,23,,1-3-6-7-9-25,,5-10-11-16-22-27,4,,8-21-24,28,0-2-12-14-17-19-20-29
6.51,,,,,23,,1-3-6-7-9-25,,5-10-11-16-22-27,4,,8-21-24,28,0-2-12-14-17-19-20-29
6.52,,,,,23,,1-3-6-7-9-25,,5-10-11-16-22-27,4,,8-21-24,28,0-2-12-14-17-19-20-29
6.53,,,,,23,,1-3-6-7-9-25,,5-10-11-16-22-27,4,,8-21-24,28,0-2-12-14-17-19-20-29
6.54,,,,,23,18,1-3-6-7-9-25,,5-10-11-16-22-27,4,,8-21-24,28,0-2-12-14-17-19-20-29
6.55,,,,,23,18,1-3-6-7-9-25,,5-10-11-16-22-27,4,,8-21-24,28,0-2-12-14-17-19-20-29
6.56,,,,,23,18,1-3-6-7-9-25,,5-10-11-16-22-27,4,,8-21-24,28,0-2-12-14-17-19-20-29
6.57,,,,,23,18,1-3-6-7-9-25,,5-10-11-16-22-27,4,,8-21-24,28,0-2-12-14-17-19-20-29
6.58,,,,,23,18,1-3-6-7-9-25,,5-10-11-16-22-27,4,,8-21-24,28,0-2-12-14-17-19-20-29
6.59,,,,,23,18,1-3-6-7-9-25,,5-10-11-16-22-27,4,,8-21-24,28,0-2-12-14-17-19-20-29
6.6,,,,,23,18,1-3-6-7-9-25,,5-10-11-16-22-27,4,,8-21-24,28,0-2-12-14-17-19-20-29
6.61,,,,,23,18,1-3-6-7-9-25,,5-10-11-16-22-27,4,,8-21-24,28,0-2-12-14-17-19-20-29
6.62,,,,,23,18,1-3-6-7-9-25,,5-10-11-16-22-27,4,,8-21-24,28,0-2-12-14-17-19-20-29
6.63,,,,,23,18,1-3-6-7-9-25,,5-10-11-16-22-27,4,,8-21-24,28,0-2-12-14-17-19-20-29
6.64,,,,,23,18,1-3-6-7-9-25,,5-10-11-16-22-27,4,,8-21-24,28,0-2-12-14-17-19-20-29
6.65,,,,,23,18,1-3-6-7-9-25,,5-10-11-16-22-27,4,,8-21-24,28,0-2-12-14-17-19-20-29
6.66,,,,,23,18,1-3-6-7-9-25,,5-10-11-16-22-27,4,,8-21-24,28,0-2-12-14-17-19-20-29
6.67,,,,,23,18,1-3-6-7-9-25,,5-10-11-16-22-27,4,,8-21-24,28,0-2-12-14-17-19-20-29
6.68,,,,,23,18,1-3-6-7-9-25,,5-10-11-16-22-27,4,,8-21-24,28,0-2-12-14-17-19-20-29
6.69,,,,,23,18,1-3-6-7-9-25,,5-10-11-16-22-27,4,,8-21-24,28,0-2-12-14-17-19-20-29
6.7,,,,,23,18,1-3-6-7-9-25,,5-10-11-16-22-27,4,,8-21-24,28,0-2-12-14-17-19-20-29
6.71,,,,,23,18,1-3-6-7-9-25,,5-10-11-16-22-27,4,,8-21-24,28,0-2-12-14-17-19-20-29
6.72,,,,,23,18,1-3-6-7-9-25,,5-10-11-16-22-27,4,,8-21-24,28,0-2-12-14-17-19-20-29
6.73,,,,,23,18,1-3-6-7-9-25,,5-10-11-16-22-27,4,,8-21-24,28,0-2-12-14-17-19-20-29
6.74,,,,,23,18,1-3-6-7-9-25,,5-10-11-16-22-27,4,,8-21-24,28,0-2-12-14-17-19-20-29
6.75,,,,,23,18,1-3-6-7-9-25,,5-10-11-16-22-27,4,,8-21-24,28,0-2-12-14-17-19-20-29
6.76,,,,,23,18,1-3-6-7-9-25,,5-10-11-16-22-27,4,,8-21-24,28,0-2-12-14-17-19-20-29
6.77,,,,,23,18,1-3-6-7-9-25,,5-10-11-16-22-27,4,,8-21-24,28,0-2-12-14-17-19-20-29
6.78,,,,,23,18,1-3-6-7-9-25,,5-10-11-16-22-27,4,,8-21-24,28,0-2-12-14-17-19-20-29
6.79,,,,,,18-23,1-3-6-7-9-25,,5-10-11-16-22-27,4,,8-21-24,28,0-2-12-14-17-19-20-29
6.8,,,,,,18-23,1-3-6-7-9-25,,5-10-11-16-22-27,4,,8-21-24,28,0-2-12-14-17-19-20-29
6.81,,,,,,18-23,1-3-6-7-9-25,,5-10-11-16-22-27,4,,8-21-24,28,0-2-12-14-17-19-20-29
6.82,,,,,,18-23,1-3-6-7-9-25,,5-10-11-16-22-27,4,,8-21-24,28,0-2-12-14-17-19-20-29
6.83,,,,,,18-23,1-3-6-7-9-25,,5-10-11-16-22-27,4,,8-21-24,28,0-2-12-14-17-19-20-29
6.84,,,,,,18-23,1-3-6-7-9-25,,5-10-11-16-22-27,4,,8-21-24,28,0-2-12-14-17-19-20-29
6.85,,,,,,18-23,1-3-6-7-9-25,,5-10-11-16-22-27,4,,8-21-24,28,0-2-12-14-17-19-20-29
6.86,,,,,,18-23,1-3-6-7-9-25,,5-10-11-16-22-27,4,,8-21-24,28,0-2-12-14-17-19-20-29
6.87,,,,,,18-23,1-3-6-7-9-25,,5-10-11-16-22-27,4,,8-21-24,28,0-2-12-14-17-19-20-29
6.88,,,,,,18-23,1-3-6-7-9-25,,5-10-11-16-22-27,4,,8-21-24,,0-2-12-14-17-19-20-28-29
6.89,,,,,,18-23,1-3-6-7-9-25,,5-10-11-16-22-27,4,,8-21-24,,0-2-12-14-17-19-20-28-29
6.9,,,,,,18-23,1-3-6-7-9-25,,5-10-11-16-22-27,4,,8-21-24,,0-2-12-14-17-19-20-28-29
6.91,,,,,,18-23,1-3-6-7-9-25,,5-10-11-16-22-27,4,,8-21-24,,0-2-12-14-17-19-20-28-29
6.92,,,,,,18-23,1-3-6-7-9-25,,5-10-11-16-22-27,4,,8-21-24,,0-2-12-14-17-19-20-28-29
6.93,,,,,,18-23,1-3-6-7-9-25,,5-10-11-16-22-27,4,,8-21-24,,0-2-12-14-17-19-20-28-29
6.94,,,,,,23,1-3-6-7-9-25,,5-10-11-16-22-27,4,,8-21-24,,0-2-12-14-17-19-20-28-29
6.95,,,,,,23,1-3-6-7-9-25,,5-10-11-16-22-27,4,,8-21-24,,0-2-12-14-17-19-20-28-29
6.96,,,,,,23,1-3-6-7-9-25,,5-10-11-16-22-27,4,,8-21-24,,0-2-12-14-17-19-20-28-29
6.97,,,,,,23,1-3-6-7-9-25,,5-10-11-16-22-27,4,,8-21-24,,0-2-12-14-17-19-20-28-29
6.98,,,,,,23,1-3-6-7-9-25,,5-10-11-16-22-27,4,,8-21-24,,0-2-12-14-17-19-20-28-29
6.99,,,,,,23,1-3-6-7-9-25,,5-10-11-16-22-27,4,,8-21-24,,0-2-12-14-17-19-20-28-29
7.0,,,,,,23,1-3-6-7-9-25,,5-10-11-16-22-27,4,,8-21-24,,0-2-12-14-17-19-20-28-29
7.01,,,,,,23,1-3-6-7-9-25,,5-10-11-16-22-27,4,,8-21-24,,0-2-12-14-17-19-20-28-29
7.02,,,,,,23,1-3-6-7-9-25,,5-10-11-16-22-27,4,,8-21-24,,0-2-12-14-17-19-20-28-29
7.03,,,,,,23,1-3-6-7-9-25,,5-10-11-16-22-27,4,,8-21-24,,0-2-12-14-17-19-20-28-29
7.04,,,,,,15-23,1-3-6-7-9-25,,5-10-11-16-22-27,4,,8-21-24,,0-2-12-14-17-19-20-28-29
7.05,,,,,,15-23,1-3-6-7-9-25,,5-10-11-16-22-27,4,,8-21-24,,0-2-12-14-17-19-20-28-29
7.06,,,,,,15-23,1-3-6-7-9-25,,5-10-11-16-22-27,4,,8-21-24,,0-2-12-14-17-19-20-28-29
7.07,,,,,,15-23,1-3-6-7-9-25,,5-10-11-16-22-27,4,,8-21-24,,0-2-12-14-17-19-20-28-29
7.08,,,,,,15-23,1-3-6-7-9-25,,5-10-11-16-22-27,4,,8-21-24,,0-2-12-14-17-19-20-28-29
7.09,,,,,,15-23,1-3-6-7-9-25,,5-10-11-16-22-27,4,,8-21-24,,0-2-12-14-17-19-20-28-29
7.1,,,,,,15-23,1-3-6-7-9-25,,5-10-11-16-22-27,4,,8-21-24,,0-2-12-14-17-19-20-28-29
7.11,,,,,,15-23,1-3-6-7-9-25,,5-10-11-16-22-27,4,,8-21-24,,0-2-12-14-17-19-20-28-29
7.12,,,,,,15-23,1-3-6-7-9-25,,5-10-11-16-22-27,4,,8-21-24,,0-2-12-14-17-19-20-28-29
7.13,,,,,,15-23,1-3-6-7-9-25,,5-10-11-16-22-27,4,,8-21-24,,0-2-12-14-17-19-20-28-29
7.14,,,,,,15-23,1-3-6-7-9-25,,5-10-11-16-22-27,4,,8-21-24,,0-2-12-14-17-19-20-28-29
7.15,,,,,,15-23,1-3-6-7-9-25,,5-10-11-16-22-27,4,,8-21-24,,0-2-12-14-17-19-20-28-29
7.16,,,,,,15-23,1-3-6-7-9-25,,5-10-11-16-22-27,4,,8-21-24,,0-2-12-14-17-19-20-28-29
7.17,,,,,,15-23,1-3-6-7-9-25,,5-10-11-16-22-27,4,,8-21-24,,0-2-12-14-17-19-20-28-29
7.18,,,,,,15-23,1-3-6-7-9-25,,5-10-11-16-22-27,4,,8-21-24,,0-2-12-14-17-19-20-28-29
7.19,,,,,,15,1-3-6-7-9-25,,5-10-11-16-22-27,4,,8-21-24,,0-2-12-14-17-19-20-28-29
7.2,,,,,,15,1-3-6-7-9-25,,5-10-11-16-22-27,4,,8-21-24,,0-2-12-14-17-19-20-28-29
7.21,,,,,,15,1-3-6-7-9-25,,5-10-11-16-22-27,4,,8-21-24,,0-2-12-14-17-19-20-28-29
7.22,,,,,,15,1-3-6-7-9-25,,5-10-11-16-22-27,4,,8-21-24,,0-2-12-14-17-19-20-28-29
7.23,,,,,,15,1-3-6-7-9-25,,5-10-11-16-22-27,4,,8-21-24,,0-2-12-14-17-19-20-28-29
7.24,,,,,,15,1-3-6-7-9-25,,5-10-11-16-22-27,4,,8-21-24,,0-2-12-14-17-19-20-28-29
7.25,,,,,,15,1-3-6-7-9-25,,5-10-11-16-22-27,4,,8-21-24,,0-2-12-14-17-19-20-28-29
7.26,,,,,,15,1-3-6-7-9-25,,5-10-11-16-22-27,4,,8-21-24,,0-2-12-14-17-19-20-28-29
7.27,,,,,,15,1-3-6-7-9-25,,5-10-11-16-22-27,4,,8-21-24,,0-2-12-14-17-19-20-28-29
7.28,,,,,,15,1-3-6-7-9-25,,5-10-11-16-22-27,4,,8-21-24,,0-2-12-14-17-19-20-28-29
7.29,,,,,,15,1-3-6-7-9-25,,5-10-11-16-22-27,4,,8-21-24,,0-2-12-14-17-19-20-28-29
7.3,,,,,,15,1-3-6-7-9-25,,5-10-11-16-22-27,4,,8-21-24,,0-2-12-14-17-19-20-28-29
7.31,,,,,,15,1-3-6-7-9-25,,5-10-11-16-22-27,4,,8-21-24,,0-2-12-14-17-19-20-28-29
7.32,,,,,,15,1-3-6-7-9-25,,5-10-11-16-22-27,4,,8-21-24,,0-2-12-14-17-19-20-28-29
7.33,,,,,,15,1-3-6-7-9-25,,5-10-11-16-22-27,4,,8-21-24,,0-2-12-14-17-19-20-28-29
7.34,,,,,,15,1-3-6-7-9-25,,5-10-11-16-22-27,4,,8-21-24,,0-2-12-14-17-19-20-28-29
7.35,,,,,,15,1-3-6-7-9-25,,5-10-11-16-22-27,4,,8-21-24,,0-2-12-14-17-19-20-28-29
7.36,,,,,,15,1-3-6-7-9-25,,5-10-11-16-22-27,4,,8-21-24,,0-2-12-14-17-19-20-28-29
7.37,,,,,,15,1-3-6-7-9-25,,5-10-11-16-22-27,4,,8-21-24,,0-2-12-14-17-19-20-28-29
7.38,,,,,,15,1-3-6-7-9-25,,5-10-11-16-22-27,4,,8-21-24,,0-2-12-14-17-19-20-28-29
7.39,,,,,,15,1-3-6-7-9-25,,5-10-11-16-22-27,4,,8-21-24,,0-2-12-14-17-19-20-28-29
7.4,,,,,,15,1-3-6-7-9-25,,5-10-11-16-22-27,4,,8-21-24,,0-2-12-14-17-19-20-28-29
7.41,,,,,26,15,1-3-6-7-9-25,,5-10-11-16-22-27,4,,8-21-24,,0-2-12-14-17-19-20-28-29
7.42,,,,,26,15,1-3-6-7-9-25,,5-10-11-16-22-27,4,,8-21-24,,0-2-12-14-17-19-20-28-29
7.43,,,,,26,15,1-3-6-7-9-25,,5-10-11-16-22-27,4,,8-21-24,,0-2-12-14-17-19-20-28-29
7.44,,,,,26,,1-3-6-7-9-25,15,5-10-11-16-22-27,4,,8-21-24,,0-2-12-14-17-19-20-28-29
7.45,,,,,26,,1-3-6-7-9-25,15,5-10-11-16-22-27,4,,8-21-24,,0-2-12-14-17-19-20-28-29
7.46,,,,,26,,1-3-6-7-9-25,15,5-10-11-16-22-27,4,,8-21-24,,0-2-12-14-17-19-20-28-29
7.47,,,,,26,,1-3-6-7-9-25,15,5-10-11-16-18-22-27,4,,8-21-24,,0-2-12-14-17-19-20-28-29
7.48,,,,,26,,1-3-6-7-9-25,15,5-10-11-16-18-22-27,4,,8-21-24,,0-2-12-14-17-19-20-28-29
7.49,,,,,26,,1-3-6-7-9-25,15,5-10-11-16-18-22-27,4,,8-21-24,,0-2-12-14-17-19-20-28-29
7.5,,,,,26,,1-3-6-7-9-25,15,5-10-11-16-18-22-27,4,,8-21-24,,0-2-12-14-17-19-20-28-29
7.51,,,,,26,,1-3-6-7-9-25,15,5-10-11-16-18-22-27,4,,8-21-24,,0-2-12-14-17-19-20-28-29
7.52,,,,,26,,1-3-6-7-9-25,15,5-10-11-16-18-22-27,4,,8-21-24,,0-2-12-14-17-19-20-28-29
7.53,,,,,26,,1-3-6-7-9-25,15,5-10-11-16-18-22-27,4,,8-21-24,,0-2-12-14-17-19-20-28-29
7.54,,,,,26,,1-3-6-7-9-25,15,5-10-11-16-18-22-27,4,,8-21-24,,0-2-12-14-17-19-20-28-29
7.55,,,,,26,,1-3-6-7-9-25,15,5-10-11-16-18-22-27,4,,8-21-24,,0-2-12-14-17-19-20-28-29
7.56,,,,,26,,1-3-6-7-9-25,15,5-10-11-16-18-22-27,4,,8-21-24,,0-2-12-14-17-19-20-28-29
7.57,,,,,26,,1-3-6-7-9-25,15,5-10-11-16-18-22-27,4,,8-21-24,,0-2-12-14-17-19-20-28-29
7.58,,,,,26,,1-3-6-7-9-25,15,5-10-11-16-18-22-27,4,,8-21-24,,0-2-12-14-17-19-20-28-29
7.59,,,,,26,,1-3-6-7-9-25,15,5-10-11-16-18-22-27,4,,8-21-24,,0-2-12-14-17-19-20-28-29
7.6,,,,,26,,1-3-6-7-9-25,15,5-10-11-16-18-22-27,4,,8-21-24,,0-2-12-14-17-19-20-28-29
7.61,,,,,26,,1-3-6-7-9-25,15,5-10-11-16-18-22-27,4,,8-21-24,,0-2-12-14-17-19-20-28-29
7.62,,,,,26,,1-3-6-7-9-25,15,5-10-11-16-18-22-27,4,,8-21-24,,0-2-12-14-17-19-20-28-29
7.63,,,,,26,,1-3-6-7-9-25,15,5-10-11-16-18-22-27,4,,8-21-24,,0-2-12-14-17-19-20-28-29
7.64,,,,,26,,1-3-6-7-9-25,15,5-10-11-16-18-22-27,4,,8-21-24,,0-2-12-14-17-19-20-28-29
7.65,,,,,26,,1-3-6-7-9-25,15,5-10-11-16-18-22-27,4,,8-21-24,,0-2-12-14-17-19-20-28-29
7.66,,,,,26,,1-3-6-7-9-25,15,5-10-11-16-18-22-27,4,,8-21-24,,0-2-12-14-17-19-20-28-29
7.67,,,,,26,,1-3-6-7-9-25,15,5-10-11-16-18-22-27,4,,8-21-24,,0-2-12-14-17-19-20-28-29
7.68,,,,,26,,1-3-6-7-9-25,,5-10-11-16-18-22-27,4,,8-21-24,,0-2-12-14-17-19-20-28-29
7.69,,,,,26,,1-3-6-7-9-25,,5-10-11-16-18-22-27,4,,8-21-24,,0-2-12-14-17-19-20-28-29
7.7,,,,,26,,1-3-6-7-9-25,,5-10-11-16-18-22-27,4,,8-21-24,,0-2-12-14-17-19-20-28-29
7.71,,,,,26,,1-3-6-7-9-25,,5-10-11-16-18-22-27,4,,8-21-24,,0-2-12-14-17-19-20-28-29
7.72,,,,,26,,1-3-6-7-9-25,,5-10-11-16-18-22-27,4,,8-21-24,,0-2-12-14-17-19-20-28-29
7.73,,,,,26,,1-3-6-7-9-25,,5-10-11-16-18-22-27,4,,8-21-24,,0-2-12-14-17-19-20-28-29
7.74,,,,,26,,1-3-6-7-9-25,13,5-10-11-16-18-22-27,4,,8-21-24,,0-2-12-14-17-19-20-28-29
7.75,,,,,26,,1-3-6-7-9-25,13,5-10-11-16-18-22-27,4,,8-21-24,,0-2-12-14-17-19-20-28-29
7.76,,,,,26,,1-3-6-7-9-25,13,5-10-11-16-18-22-27,4,,8-21-24,,0-2-12-14-17-19-20-28-29
7.77,,,,,26,,1-3-6-7-9-25,13,5-10-11-16-18-22-27,4,,8-21-24,,0-2-12-14-17-19-20-28-29
7.78,,,,,26,,1-3-6-7-9-25,13,5-10-11-16-18-22-27,4,,8-21-24,,0-2-12-14-17-19-20-28-29
7.79,,,,,,,1-3-6-7-9-25,13,5-10-11-16-18-22-27,4,,8-21-24,,0-2-12-14-17-19-20-28-29
7.8,,,,,,,1-3-6-7-9-25,13,5-10-11-16-18-22-27,4,,8-21-24,,0-2-12-14-17-19-20-28-29
7.81,,,,,,,1-3-6-7-9-25,13,5-10-11-16-18-22-27,4,,8-21-24,,0-2-12-14-17-19-20-28-29
7.82,,,,,,,1-3-6-7-9-25,13,5-10-11-16-18-22-27,4,,8-21-24,,0-2-12-14-17-19-20-28-29
7.83,,,,,,,1-3-6-7-9-25,13,5-10-11-16-18-22-27,4,,8-21-24,,0-2-12-14-17-19-20-28-29
7.84,,,,,,,1-3-6-7-9-25,13,5-10-11-16-18-22-27,4,,8-21-24,,0-2-12-14-17-19-20-28-29
7.85,,,,,,,1-3-6-7-9-25,13,5-10-11-16-18-22-27,4,,8-21-24,,0-2-12-14-17-19-20-28-29
7.86,,,,,,,1-3-6-7-9-25,13,5-10-11-16-18-22-27,4,,8-21-24,,0-2-12-14-17-19-20-28-29
7.87,,,,,,,1-3-6-7-9-25,13,5-10-11-16-18-22-27,4,,8-21-24,,0-2-12-14-17-19-20-28-29
7.88,,,,,,,1-3-6-7-9-25,13,5-10-11-16-18-22-27,4,,8-21-24,,0-2-12-14-17-19-20-28-29
7.89,,,,,,,1-3-6-7-9-25,13,5-10-11-16-18-22-27,4,,8-21-24,,0-2-12-14-17-19-20-28-29
7.9,,,,,,,1-3-6-7-9-25,13,5-10-11-16-18-22-27,4,,8-21-24,,0-2-12-14-17-19-20-28-29
7.91,,,,,,,1-3-6-7-9-25,13,5-10-11-16-18-22-27,4,,8-21-24,,0-2-12-14-17-19-20-28-29
7.92,,,,,,,1-3-6-7-9-25,13,5-10-11-16-18-22-27,4,,8-21-24,,0-2-12-14-17-19-20-28-29
7.93,,,,,,,1-3-6-7-9-25,13,5-10-11-16-18-22-27,4,,8-21-24,,0-2-12-14-17-19-20-28-29
7.94,,,,,,,1-3-6-7-9-25,13,5-10-11-16-18-22-27,4,,8-21-24,,0-2-12-14-17-19-20-28-29
7.95,,,,,,,1-3-6-7-9-25,13,5-10-11-16-18-22-27,4,,8-21-24,,0-2-12-14-17-19-20-28-29
7.96,,,,,,,1-3-6-7-9-25,13,5-10-11-16-18-22-27,4,,8-21-24,,0-2-12-14-17-19-20-28-29
7.97,,,,,,,1-3-6-7-9-25,13,5-10-11-16-18-22-27,4,,8-21-24,,0-2-12-14-17-19-20-28-29
7.98,,,,,,,1-3-6-7-9-25,,5-10-11-16-18-22-27,4,,8-21-24,,0-2-12-14-17-19-20-28-29
7.99,,,,,,,1-3-6-7-9-25,,5-10-11-16-18-22-27,4,,8-21-24,,0-2-12-14-17-19-20-28-29
8.0,,,,,,,1-3-6-7-9-25,,5-10-11-16-18-22-27,4,,8-21-24,,0-2-12-14-17-19-20-28-29
8.01,,,,,,,1-3-6-7-9-25,,5-10-11-16-18-22-27,4,,8-21-24,,0-2-12-14-17-19-20-28-29
8.02,,,,,,,1-3-6-7-9-25,,5-10-11-16-18-22-27,4,,8-21-24,,0-2-12-14-17-19-20-28-29
8.03,,,,,,,1-3-6-7-9-25,,5-10-11-16-18-22-27,4-13,,8-21-24,,0-2-12-14-17-19-20-28-29
8.04,,,,,,,1-3-6-7-9-25,,5-10-11-16-18-22-27,4-13,,8-21-24,,0-2-12-14-17-19-20-28-29
8.05,,,,,,,1-3-6-7-9-25,,5-10-11-16-18-22-27,4-13,,8-21-24,,0-2-12-14-17-19-20-28-29
8.06,,,,,,,1-3-6-7-9-25,,5-10-11-16-18-22-27,4-13,,8-21-24,,0-2-12-14-17-19-20-28-29
8.07,,,,,,,1-3-6-7-9-25,,5-10-11-16-18-22-27,4-13,,8-21-24,,0-2-12-14-17-19-20-28-29
8.08,,,,,,,1-3-6-7-9-25,,5-10-11-16-18-22-27,4-13,,8-21-24,,0-2-12-14-17-19-20-28-29
8.09,,,,,,,1-3-6-7-9-25,,5-10-11-16-18-22-27,4-13,,8-21-24,,0-2-12-14-17-19-20-28-29
8.1,,,,,,,1-3-6-7-9-25,,5-10-11-16-18-22-27,4-13,,8-21-24,,0-2-12-14-17-19-20-28-29
8.11,,,,,,,1-3-6-7-9-25,,5-10-11-16-18-22-27,4-13,,8-21-24,,0-2-12-14-17-19-20-28-29
8.12,,,,,,,1-3-6-7-9-25,,5-10-11-16-18-22-27,4-13,,8-21-24,,0-2-12-14-17-19-20-28-29
8.13,,,,,,,1-3-6-7-9-25,,5-10-11-16-18-22-27,4-13,,8-21-24,,0-2-12-14-17-19-20-28-29
8.14,,,,,,,1-3-6-7-9-25,,5-10-11-16-18-22-27,4-13,,8-21-24,,0-2-12-14-17-19-20-28-29
8.15,,,,,,,1-3-6-7-9-25,,5-10-11-16-18-22-27,4-13,,8-21-24,,0-2-12-14-17-19-20-28-29
8.16,,,,,,,1-3-6-7-9-25,,5-10-11-16-18-22-27,4-13,,8-21-24,,0-2-12-14-17-19-20-28-29
8.17,,,,,,,1-3-6-7-9-25,,5-10-11-16-18-22-27,4-13,,8-21-24,,0-2-12-14-17-19-20-28-29
8.18,,,,,,,1-3-6-7-9-25,,5-10-11-16-18-22-27,4-13,,8-21-24,,0-2-12-14-17-19-20-28-29
8.19,,,,,,,1-3-6-7-9-25,,5-10-11-16-18-22-27,4-13,,8-21-24,,0-2-12-14-17-19-20-28-29
8.2,,,,,,,1-3-6-7-9-25,,5-10-11-16-18-22-27,4-13,,8-21-24,,0-2-12-14-17-19-20-28-29
8.21,,,,,,,1-3-6-7-9-25,,5-10-11-16-18-22-27,4-13,,8-21-24,,0-2-12-14-17-19-20-28-29
8.22,,,,,,,1-3-6-7-9-25,,5-10-11-16-18-22-27,4-13,,8-21-24,,0-2-12-14-17-19-20-28-29
8.23,,,,,,,1-3-6-7-9-25,,5-10-11-16-18-22-27,4-13,,8-21-24,,0-2-12-14-17-19-20-28-29
8.24,,,,,,,1-3-6-7-9-25,,5-10-11-16-18-22-27,4-13,,8-21-24,,0-2-12-14-17-19-20-28-29
8.25,,,,,,,1-3-6-7-9-25,,5-10-11-16-18-22-27,4-13,,8-21-24,,0-2-12-14-17-19-20-28-29
8.26,,,,,,,1-3-6-7-9-25,,5-10-11-16-18-22-27,4-13,,8-21-24,,0-2-12-14-17-19-20-28-29
8.27,,,,,,,1-3-6-7-9-25,,5-10-11-16-18-22-27,4-13,,8-21-24,,0-2-12-14-17-19-20-28-29
8.28,,,,,,,1-3-6-7-9-25,,5-10-11-16-18-22-27,4-13,,8-21-24,,0-2-12-14-17-19-20-28-29
8.29,,,,,,,1-3-6-7-9-25,,5-10-11-16-18-22-27,4-13,,8-21-24,,0-2-12-14-17-19-20-28-29
8.3,,,,,,26,1-3-6-7-9-25,,5-10-11-16-18-22-27,4-13,,8-21-24,,0-2-12-14-17-19-20-28-29
8.31,,,,,,26,1-3-6-7-9-25,,5-10-11-16-18-22-27,4-13,,8-21-24,,0-2-12-14-17-19-20-28-29
8.32,,,,,,26,1-3-6-7-9-25,,5-10-11-16-18-22-27,4-13,,8-21-24,,0-2-12-14-17-19-20-28-29
8.33,,,,,,26,1-3-6-7-9-25,,5-10-11-16-18-22-27,4-13,,8-21-24,,0-2-12-14-17-19-20-28-29
8.34,,,,,,26,1-3-6-7-9-25,,5-10-11-16-18-22-27,4-13,,8-21-24,,0-2-12-14-17-19-20-28-29
8.35,,,,,,26,1-3-6-7-9-25,,5-10-11-16-18-22-27,4-13,,8-21-24,,0-2-12-14-17-19-20-28-29
8.36,,,,,,26,1-3-6-7-9-25,,5-10-11-16-18-22-27,4-13,,8-21-24,,0-2-12-14-17-19-20-28-29
8.37,,,,,,26,1-3-6-7-9-25,,5-10-11-16-18-22-27,4-13,,8-21-24,,0-2-12-14-17-19-20-28-29
8.38,,,,,,26,1-3-6-7-9-25,,5-10-11-16-18-22-27,4-13,,8-21-24,,0-2-12-14-17-19-20-28-29
8.39,,,,,,26,1-3-6-7-9-25,,5-10-11-16-18-22-27,4-13,,8-21-24,,0-2-12-14-17-19-20-28-29
8.4,,,,,,26,1-3-6-7-9-25,,5-10-11-16-18-22-27,4-13,,8-21-24,,0-2-12-14-17-19-20-28-29
8.41,,,,,,26,1-3-6-7-9-25,,5-10-11-16-18-22-27,4-13,,8-21-24,,0-2-12-14-17-19-20-28-29
8.42,,,,,,26,1-3-6-7-9-25,,5-10-11-16-18-22-27,4-13,,8-21-24,,0-2-12-14-17-19-20-28-29
8.43,,,,,,26,1-3-6-7-9-25,,5-10-11-16-18-22-27,4-13,,8-21-24,,0-2-12-14-17-19-20-28-29
8.44,,,,,,26,1-3-6-7-9-25,,5-10-11-16-18-22-27,4-13,,8-21-24,,0-2-12-14-17-19-20-28-29
8.45,,,,,,26,1-3-6-7-9-25,,5-10-11-16-18-22-23-27,4-13,,8-21-24,,0-2-12-14-17-19-20-28-29
8.46,,,,,,26,1-3-6-7-9-25,,5-10-11-16-18-22-23-27,4-13,,8-21-24,,0-2-12-14-17-19-20-28-29
8.47,,,,,,26,1-3-6-7-9-25,,5-10-11-16-18-22-23-27,4-13,,8-21-24,,0-2-12-14-17-19-20-28-29
8.48,,,,,,26,1-3-6-7-9-25,,5-10-11-16-18-22-23-27,4-13,,8-21-24,,0-2-12-14-17-19-20-28-29
8.49,,,,,,26,1-3-6-7-9-25,,5-10-11-16-18-22-23-27,4-13,,8-21-24,,0-2-12-14-17-19-20-28-29
8.5,,,,,,26,1-3-6-7-9-25,,5-10-11-16-18-22-23-27,4-13,,8-21-24,,0-2-12-14-17-19-20-28-29
8.51,,,,,,26,1-3-6-7-9-25,,5-10-11-16-18-22-23-27,4-13,,8-21-24,,0-2-12-14-17-19-20-28-29
8.52,,,,,,26,1-3-6-7-9-25,,5-10-11-16-18-22-23-27,4-13-15,,8-21-24,,0-2-12-14-17-19-20-28-29
8.53,,,,,,26,1-3-6-7-9-25,,5-10-11-16-18-22-23-27,4-13-15,,8-21-24,,0-2-12-14-17-19-20-28-29
8.54,,,,,,26,1-3-6-7-9-25,,5-10-11-16-18-22-23-27,4-13-15,,8-21-24,,0-2-12-14-17-19-20-28-29
8.55,,,,,,26,1-3-6-7-9-25,,5-10-11-16-18-22-23-27,4-13-15,,8-21-24,,0-2-12-14-17-19-20-28-29
8.56,,,,,,26,1-3-6-7-9-25,,5-10-11-16-18-22-23-27,4-13-15,,8-21-24,,0-2-12-14-17-19-20-28-29
8.57,,,,,,26,1-3-6-7-9-25,,5-10-11-16-18-22-23-27,4-13-15,,8-21-24,,0-2-12-14-17-19-20-28-29
8.58,,,,,,26,1-3-6-7-9-25,,5-10-11-16-18-22-23-27,4-13-15,,8-21-24,,0-2-12-14-17-19-20-28-29
8.59,,,,,,26,1-3-6-7-9-25,,5-10-11-16-18-22-23-27,4-13-15,,8-21-24,,0-2-12-14-17-19-20-28-29
8.6,,,,,,26,1-3-6-7-9-25,,5-10-11-16-18-22-23-27,4-13-15,,8-21-24,,0-2-12-14-17-19-20-28-29
8.61,,,,,,26,1-3-6-7-9-25,,5-10-11-16-18-22-23-27,4-13-15,,8-21-24,,0-2-12-14-17-19-20-28-29
8.62,,,,,,26,1-3-6-7-9-25,,5-10-11-16-18-22-23-27,4-13-15,,8-21-24,,0-2-12-14-17-19-20-28-29
8.63,,,,,,26,1-3-6-7-9-25,,5-10-11-16-18-22-23-27,4-13-15,,8-21-24,,0-2-12-14-17-19-20-28-29
8.64,,,,,,26,1-3-6-7-9-25,,5-10-11-16-18-22-23-27,4-13-15,,8-21-24,,0-2-12-14-17-19-20-28-29
8.65,,,,,,26,1-3-6-7-9-25,,5-10-11-16-18-22-23-27,4-13-15,,8-21-24,,0-2-12-14-17-19-20-28-29
8.66,,,,,,26,1-3-6-7-9-25,,5-10-11-16-18-22-23-27,4-13-15,,8-21-24,,0-2-12-14-17-19-20-28-29
8.67,,,,,,26,1-3-6-7-9-25,,5-10-11-16-18-22-23-27,4-13-15,,8-21-24,,0-2-12-14-17-19-20-28-29
8.68,,,,,,26,1-3-6-7-9-25,,5-10-11-16-18-22-23-27,4-13-15,,8-21-24,,0-2-12-14-17-19-20-28-29
8.69,,,,,,26,1-3-6-7-9-25,,5-10-11-16-18-22-23-27,4-13-15,,8-21-24,,0-2-12-14-17-19-20-28-29
8.7,,,,,,,1-3-6-7-9-25,,5-10-11-16-18-22-23-27,4-13-15,,8-21-24,,0-2-12-14-17-19-20-28-29
8.71,,,,,,,1-3-6-7-9-25,,5-10-11-16-18-22-23-27,4-13-15,,8-21-24,,0-2-12-14-17-19-20-28-29
8.72,,,,,,,1-3-6-7-9-25,,5-10-11-16-18-22-23-27,4-13-15,,8-21-24,,0-2-12-14-17-19-20-28-29
8.73,,,,,,,1-3-6-7-9-25,,5-10-11-16-18-22-23-27,4-13-15,,8-21-24,,0-2-12-14-17-19-20-28-29
8.74,,,,,,,1-3-6-7-9-25,,5-10-11-16-18-22-23-27,4-13-15,,8-21-24,,0-2-12-14-17-19-20-28-29
8.75,,,,,,,1-3-6-7-9-25,,5-10-11-16-18-22-23-27,4-13-15,,8-21-24,,0-2-12-14-17-19-20-28-29
8.76,,,,,,,1-3-6-7-9-25,,5-10-11-16-18-22-23-27,4-13-15,,8-21-24,,0-2-12-14-17-19-20-28-29
8.77,,,,,,,1-3-6-7-9-25,,5-10-11-16-18-22-23-27,4-13-15,,8-21-24,,0-2-12-14-17-19-20-28-29
8.78,,,,,,,1-3-6-7-9-25,,5-10-11-16-18-22-23-27,4-13-15,,8-21-24,,0-2-12-14-17-19-20-28-29
8.79,,,,,,,1-3-6-7-9-25,,5-10-11-16-18-22-23-27,4-13-15,,8-21-24,,0-2-12-14-17-19-20-28-29
8.8,,,,,,,1-3-6-7-9-25,,5-10-11-16-18-22-23-27,4-13-15,,8-21-24,,0-2-12-14-17-19-20-28-29
8.81,,,,,,,1-3-6-7-9-25,,5-10-11-16-18-22-23-27,4-13-15,,8-21-24,,0-2-12-14-17-19-20-28-29
8.82,,,,,,,1-3-6-7-9-25,,5-10-11-16-18-22-23-27,4-13-15,,8-21-24,,0-2-12-14-17-19-20-28-29
8.83,,,,,,,1-3-6-7-9-25,,5-10-11-16-18-22-23-27,4-13-15,,8-21-24,,0-2-12-14-17-19-20-28-29
8.84,,,,,,,1-3-6-7-9-25,,5-10-11-16-18-22-23-27,4-13-15,,8-21-24,,0-2-12-14-17-19-20-28-29
8.85,,,,,,,1-3-6-7-9-25,,5-10-11-16-18-22-23-27,4-13-15,,8-21-24,,0-2-12-14-17-19-20-28-29
8.86,,,,,,,1-3-6-7-9-25,,5-10-11-16-18-22-23-27,4-13-15,,8-21-24,,0-2-12-14-17-19-20-28-29
8.87,,,,,,,1-3-6-7-9-25,,5-10-11-16-18-22-23-27,4-13-15,,8-21-24,,0-2-12-14-17-19-20-28-29
8.88,,,,,,,1-3-6-7-9-25,,5-10-11-16-18-22-23-27,4-13-15,,8-21-24,,0-2-12-14-17-19-20-28-29
8.89,,,,,,,1-3-6-7-9-25,,5-10-11-16-18-22-23-27,4-13-15,,8-21-24,,0-2-12-14-17-19-20-28-29
8.9,,,,,,,1-3-6-7-9-25,,5-10-11-16-18-22-23-27,4-13-15,,8-21-24,,0-2-12-14-17-19-20-28-29
8.91,,,,,,,1-3-6-7-9-25,,5-10-11-16-18-22-23-27,4-13-15,,8-21-24,,0-2-12-14-17-19-20-28-29
8.92,,,,,,,1-3-6-7-9-25,,5-10-11-16-18-22-23-27,4-13-15,,8-21-24,,0-2-12-14-17-19-20-28-29
8.93,,,,,,,1-3-6-7-9-25,,5-10-11-16-18-22-23-27,4-13-15,,8-21-24,,0-2-12-14-17-19-20-28-29
8.94,,,,,,,1-3-6-7-9-25,,5-10-11-16-18-22-23-27,4-13-15,,8-21-24,,0-2-12-14-17-19-20-28-29
8.95,,,,,,,1-3-6-7-9-25,,5-10-11-16-18-22-23-27,4-13-15,,8-21-24,,0-2-12-14-17-19-20-28-29
8.96,,,,,,,1-3-6-7-9-25,,5-10-11-16-18-22-23-27,4-13-15,,8-21-24,,0-2-12-14-17-19-20-28-29
8.97,,,,,,,1-3-6-7-9-25,,5-10-11-16-18-22-23-27,4-13-15,,8-21-24,,0-2-12-14-17-19-20-28-29
8.98,,,,,,,1-3-6-7-9-25,,5-10-11-16-18-22-23-27,4-13-15,,8-21-24,,0-2-12-14-17-19-20-28-29
8.99,,,,,,,1-3-6-7-9-25,,5-10-11-16-18-22-23-27,4-13-15,,8-21-24,,0-2-12-14-17-19-20-28-29
9.0,,,,,,,1-3-6-7-9-25,,5-10-11-16-18-22-23-27,4-13-15,,8-21-24,,0-2-12-14-17-19-20-28-29
9.01,,,,,,,1-3-6-7-9-25,,5-10-11-16-18-22-23-27,4-13-15,,8-21-24,,0-2-12-14-17-19-20-28-29
9.02,,,,,,,1-3-6-7-9-25,,5-10-11-16-18-22-23-27,4-13-15,,8-21-24,,0-2-12-14-17-19-20-28-29
9.03,,,,,,,1-3-6-7-9-25,,5-10-11-16-18-22-23-27,4-13-15,,8-21-24,,0-2-12-14-17-19-20-28-29
9.04,,,,,,,1-3-6-7-9-25,,5-10-11-16-18-22-23-27,4-13-15,,8-21-24,,0-2-12-14-17-19-20-28-29
9.05,,,,,,,1-3-6-7-9-25,,5-10-11-16-18-22-23-27,4-13-15,,8-21-24,,0-2-12-14-17-19-20-28-29
9.06,,,,,,,1-3-6-7-9-25,,5-10-11-16-18-22-23-27,4-13-15,,8-21-24,,0-2-12-14-17-19-20-28-29
9.07,,,,,,,1-3-6-7-9-25,,5-10-11-16-18-22-23-27,4-13-15,,8-21-24,,0-2-12-14-17-19-20-28-29
9.08,,,,,,,1-3-6-7-9-25,,5-10-11-16-18-22-23-27,4-13-15,,8-21-24,,0-2-12-14-17-19-20-28-29
9.09,,,,,,,1-3-6-7-9-25,,5-10-11-16-18-22-23-27,4-13-15,,8-21-24,,0-2-12-14-17-19-20-28-29
9.1,,,,,,,1-3-6-7-9-25,,5-10-11-16-18-22-23-27,4-13-15,,8-21-24,,0-2-12-14-17-19-20-28-29
9.11,,,,,,,1-3-6-7-9-25,,5-10-11-16-18-22-23-27,4-13-15,,8-21-24,,0-2-12-14-17-19-20-28-29
9.12,,,,,,,1-3-6-7-9-25,,5-10-11-16-18-22-23-27,4-13-15,,8-21-24,,0-2-12-14-17-19-20-28-29
9.13,,,,,,,1-3-6-7-9-25,,5-10-11-16-18-22-23-27,4-13-15,,8-21-24,,0-2-12-14-17-19-20-28-29
9.14,,,,,,,1-3-6-7-9-25,,5-10-11-16-18-22-23-27,4-13-15,,8-21-24,,0-2-12-14-17-19-20-28-29
9.15,,,,,,,1-3-6-7-9-25,,5-10-11-16-18-22-23-27,4-13-15,,8-21-24,,0-2-12-14-17-19-20-28-29
9.16,,,,,,,1-3-6-7-9-25,,5-10-11-16-18-22-23-27,4-13-15,,8-21-24,,0-2-12-14-17-19-20-28-29
9.17,,,,,,,1-3-6-7-9-25,,5-10-11-16-18-22-23-27,4-13-15,,8-21-24,,0-2-12-14-17-19-20-28-29
9.18,,,,,,,1-3-6-7-9-25,,5-10-11-16-18-22-23-27,4-13-15,,8-21-24,,0-2-12-14-17-19-20-28-29
9.19,,,,,,,1-3-6-7-9-25,,5-10-11-16-18-22-23-27,4-13-15,,8-21-24,,0-2-12-14-17-19-20-28-29
9.2,,,,,,,1-3-6-7-9-25,,5-10-11-16-18-22-23-27,4-13-15,,8-21-24,,0-2-12-14-17-19-20-28-29
9.21,,,,,,,1-3-6-7-9-25,,5-10-11-16-18-22-23-27,4-13-15,,8-21-24,,0-2-12-14-17-19-20-28-29
9.22,,,,,,,1-3-6-7-9-25,,5-10-11-16-18-22-23-27,4-13-15,,8-21-24,,0-2-12-14-17-19-20-28-29
9.23,,,,,,,1-3-6-7-9-25,26,5-10-11-16-18-22-23-27,4-13-15,,8-21-24,,0-2-12-14-17-19-20-28-29
9.24,,,,,,,1-3-6-7-9-25,26,5-10-11-16-18-22-23-27,4-13-15,,8-21-24,,0-2-12-14-17-19-20-28-29
9.25,,,,,,,1-3-6-7-9-25,26,5-10-11-16-18-22-23-27,4-13-15,,8-21-24,,0-2-12-14-17-19-20-28-29
9.26,,,,,,,1-3-6-7-9-25,26,5-10-11-16-18-22-23-27,4-13-15,,8-21-24,,0-2-12-14-17-19-20-28-29
9.27,,,,,,,1-3-6-7-9-25,26,5-10-11-16-18-22-23-27,4-13-15,,8-21-24,,0-2-12-14-17-19-20-28-29
9.28,,,,,,,1-3-6-7-9-25,26,5-10-11-16-18-22-23-27,4-13-15,,8-21-24,,0-2-12-14-17-19-20-28-29
9.29,,,,,,,1-3-6-7-9-25,26,5-10-11-16-18-22-23-27,4-13-15,,8-21-24,,0-2-12-14-17-19-20-28-29
9.3,,,,,,,1-3-6-7-9-25,26,5-10-11-16-18-22-23-27,4-13-15,,8-21-24,,0-2-12-14-17-19-20-28-29
9.31,,,,,,,1-3-6-7-9-25,26,5-10-11-16-18-22-23-27,4-13-15,,8-21-24,,0-2-12-14-17-19-20-28-29
9.32,,,,,,,1-3-6-7-9-25,26,5-10-11-16-18-22-23-27,4-13-15,,8-21-24,,0-2-12-14-17-19-20-28-29
9.33,,,,,,,1-3-6-7-9-25,26,5-10-11-16-18-22-23-27,4-13-15,,8-21-24,,0-2-12-14-17-19-20-28-29
9.34,,,,,,,1-3-6-7-9-25,26,5-10-11-16-18-22-23-27,4-13-15,,8-21-24,,0-2-12-14-17-19-20-28-29
9.35,,,,,,,1-3-6-7-9-25,26,5-10-11-16-18-22-23-27,4-13-15,,8-21-24,,0-2-12-14-17-19-20-28-29
9.36,,,,,,,1-3-6-7-9-25,26,5-10-11-16-18-22-23-27,4-13-15,,8-21-24,,0-2-12-14-17-19-20-28-29
9.37,,,,,,,1-3-6-7-9-25,26,5-10-11-16-18-22-23-27,4-13-15,,8-21-24,,0-2-12-14-17-19-20-28-29
9.38,,,,,,,1-3-6-7-9-25,26,5-10-11-16-18-22-23-27,4-13-15,,8-21-24,,0-2-12-14-17-19-20-28-29
9.39,,,,,,,1-3-6-7-9-25,26,5-10-11-16-18-22-23-27,4-13-15,,8-21-24,,0-2-12-14-17-19-20-28-29
9.4,,,,,,,1-3-6-7-9-25,26,5-10-11-16-18-22-23-27,4-13-15,,8-21-24,,0-2-12-14-17-19-20-28-29
9.41,,,,,,,1-3-6-7-9-25,26,5-10-11-16-18-22-23-27,4-13-15,,8-21-24,,0-2-12-14-17-19-20-28-29
9.42,,,,,,,1-3-6-7-9-25,26,5-10-11-16-18-22-23-27,4-13-15,,8-21-24,,0-2-12-14-17-19-20-28-29
9.43,,,,,,,1-3-6-7-9-25,26,5-10-11-16-18-22-23-27,4-13-15,,8-21-24,,0-2-12-14-17-19-20-28-29
9.44,,,,,,,1-3-6-7-9-25,26,5-10-11-16-18-22-23-27,4-13-15,,8-21-24,,0-2-12-14-17-19-20-28-29
9.45,,,,,,,1-3-6-7-9-25,26,5-10-11-16-18-22-23-27,4-13-15,,8-21-24,,0-2-12-14-17-19-20-28-29
9.46,,,,,,,1-3-6-7-9-25,26,5-10-11-16-18-22-23-27,4-13-15,,8-21-24,,0-2-12-14-17-19-20-28-29
9.47,,,,,,,1-3-6-7-9-25,,5-10-11-16-18-22-23-27,4-13-15-26,,8-21-24,,0-2-12-14-17-19-20-28-29
9.48,,,,,,,1-3-6-7-9-25,,5-10-11-16-18-22-23-27,4-13-15-26,,8-21-24,,0-2-12-14-17-19-20-28-29
9.49,,,,,,,1-3-6-7-9-25,,5-10-11-16-18-22-23-27,4-13-15-26,,8-21-24,,0-2-12-14-17-19-20-28-29
9.5,,,,,,,1-3-6-7-9-25,,5-10-11-16-18-22-23-27,4-13-15-26,,8-21-24,,0-2-12-14-17-19-20-28-29
9.51,,,,,,,1-3-6-7-9-25,,5-10-11-16-18-22-23-27,4-13-15-26,,8-21-24,,0-2-12-14-17-19-20-28-29
9.52,,,,,,,1-3-6-7-9-25,,5-10-11-16-18-22-23-27,4-13-15-26,,8-21-24,,0-2-12-14-17-19-20-28-29
9.53,,,,,,,1-3-6-7-9-25,,5-10-11-16-18-22-23-27,4-13-15-26,,8-21-24,,0-2-12-14-17-19-20-28-29
9.54,,,,,,,1-3-6-7-9-25,,5-10-11-16-18-22-23-27,4-13-15-26,,8-21-24,,0-2-12-14-17-19-20-28-29
9.55,,,,,,,1-3-6-7-9-25,,5-10-11-16-18-22-23-27,4-13-15-26,,8-21-24,,0-2-12-14-17-19-20-28-29
9.56,,,,,,,1-3-6-7-9-25,,5-10-11-16-18-22-23-27,4-13-15-26,,8-21-24,,0-2-12-14-17-19-20-28-29
9.57,,,,,,,1-3-6-7-9-25,,5-10-11-16-18-22-23-27,4-13-15-26,,8-21-24,,0-2-12-14-17-19-20-28-29
9.58,,,,,,,1-3-6-7-9-25,,5-10-11-16-18-22-23-27,4-13-15-26,,8-21-24,,0-2-12-14-17-19-20-28-29
9.59,,,,,,,1-3-6-7-9-25,,5-10-11-16-18-22-23-27,4-13-15-26,,8-21-24,,0-2-12-14-17-19-20-28-29
9.6,,,,,,,1-3-6-7-9-25,,5-10-11-16-18-22-23-27,4-13-15-26,,8-21-24,,0-2-12-14-17-19-20-28-29
9.61,,,,,,,1-3-6-7-9-25,,5-10-11-16-18-22-23-27,4-13-15-26,,8-21-24,,0-2-12-14-17-19-20-28-29
9.62,,,,,,,1-3-6-7-9-25,,5-10-11-16-18-22-23-27,4-13-15-26,,8-21-24,,0-2-12-14-17-19-20-28-29
9.63,,,,,,,1-3-6-7-9-25,,5-10-11-16-18-22-23-27,4-13-15-26,,8-21-24,,0-2-12-14-17-19-20-28-29
9.64,,,,,,,1-3-6-7-9-25,,5-10-11-16-18-22-23-27,4-13-15-26,,8-21-24,,0-2-12-14-17-19-20-28-29
